Type,LegacyUserID,LegacyUnitID,ResultTitle,SelfAssessmentDate,StartDate,EndDate,ExpiryDate,Where,Points,EndorsedDate,EndorsedStatus,Comments,Files
Achievements,98744,41337,Manual Handling Short Course,,04/04/1971,17/02/1986,,here,,,,,
Achievements,94266,41336,Hygiene & Biosecurity Short Course,,16/02/2015,16/02/2015,16/02/2020,WFT Academy,,,,,
Achievements,94266,41338,Poultry Welfare Short Course,,26/07/2013,26/07/2013,26/07/2018,WFT Academy,,,,,
Achievements,110404,41338,Poultry Welfare Short Course,,03/09/2018,03/09/2018,03/09/2023,GT Training,,,,,
Achievements,94272,41338,Poultry Welfare Short Course,,16/10/2018,16/10/2018,16/10/2023,GT Training,,,,,
Achievements,103311,41336,Hygiene & Biosecurity Short Course,,08/03/2017,08/03/2017,08/03/2022,WFT Academy,,,,,
Achievements,103311,41338,Poultry Welfare Short Course,,08/03/2017,08/03/2017,08/03/2022,WFT Academy,,,,,
Achievements,99709,41336,Hygiene & Biosecurity Short Course,,05/07/2016,05/07/2016,05/07/2021,WFT Academy,,,,,
Achievements,99709,41338,Poultry Welfare Short Course,,05/07/2016,05/07/2016,05/07/2021,WFT Academy,,,,,
Achievements,100049,41336,Hygiene & Biosecurity Short Course,,22/07/2016,22/07/2016,22/07/2021,WFT Academy,,,,,
Achievements,100049,41338,Poultry Welfare Short Course,,22/07/2016,22/07/2016,22/07/2021,WFT academy,,,,,
Achievements,103309,41336,Hygiene & Biosecurity Short Course,,08/03/2017,08/03/2017,08/03/2022,WFT Academy,,,,,
Achievements,103309,41338,Poultry Welfare Short Course,,08/03/2017,08/03/2017,08/03/2022,WFT Academy,,,,,
Achievements,103310,41336,Hygiene & Biosecurity Short Course,,08/03/2017,08/03/2017,08/03/2022,WFT Academy,,,,,
Achievements,103310,41338,Poultry Welfare Short Course,,08/03/2017,08/03/2017,08/03/2022,WFT Academy,,,,,
Achievements,94279,41338,Poultry Welfare Short Course,,07/09/2018,07/09/2018,07/09/2023,GT Training,,,,,
Achievements,94280,41338,Poultry Welfare Short Course,,07/09/2018,07/09/2018,07/09/2023,GT Training,,,,,
Achievements,94281,41338,Poultry Welfare Short Course,,07/09/2018,07/09/2018,07/09/2023,GT Training,,,,,
Achievements,103315,41336,Hygiene & Biosecurity Short Course,,06/03/2017,06/03/2017,06/03/2022,WFT Academy,,,,,
Achievements,103315,41338,Poultry Welfare Short Course,,06/03/2017,06/03/2017,06/03/2022,WFT Academy,,,,,
Achievements,94282,41338,Poultry Welfare Short Course,,07/09/2018,07/09/2018,07/09/2023,GT Training,,,,,
Achievements,94283,41338,Poultry Welfare Short Course,,07/09/2018,07/09/2018,07/09/2023,GT Training,,,,,
Achievements,94284,41338,Poultry Welfare Short Course,,07/09/2018,07/09/2018,07/09/2023,GT Training,,,,,
Achievements,94285,41338,Poultry Welfare Short Course,,16/10/2018,16/10/2018,16/10/2023,GT Training,,,,,
Achievements,103314,41336,Hygiene & Biosecurity Short Course,,06/03/2017,06/03/2017,06/03/2022,WFT Academy,,,,,
Achievements,103314,41338,Poultry Welfare Short Course,,06/03/2017,06/03/2017,06/03/2022,WFT Academy,,,,,
Achievements,103316,41336,Hygiene & Biosecurity Short Course,,06/03/2017,06/03/2017,06/03/2022,WFT Academy,,,,,
Achievements,103316,41338,Poultry Welfare Short Course,,06/03/2017,06/03/2017,06/03/2022,WFT Academy,,,,,
Achievements,103317,41336,Hygiene & Biosecurity Short Course,,06/03/2017,06/03/2017,06/03/2022,WFT Academy,,,,,
Achievements,103317,41338,Poultry Welfare Short Course,,06/03/2017,06/03/2017,06/03/2022,WFT Academy,,,,,
Achievements,101598,41336,Hygiene & Biosecurity Short Course,,07/10/2016,07/10/2016,07/10/2021,WFT Academy,,,,,
Achievements,101598,41338,Poultry Welfare Short Course,,07/10/2016,07/10/2016,07/10/2021,WFT Academy,,,,,
Achievements,98744,41337,Manual Handling Short Course,,04/04/1971,17/02/1986,,here,,,,,
Achievements,94332,41335,Health & Safety Short Course,,25/10/2016,25/10/2016,25/10/2021,Thai Poultry Veterinary Association,,,,,
Achievements,94332,41336,Hygiene & Biosecurity Short Course,,18/09/2015,18/09/2015,18/09/2020,Thai Poultry Veterinary Association,,,,,
Achievements,94332,41337,Manual Handling Short Course,,18/09/2015,18/09/2015,18/09/2020,Thai Poultry Veterinary Association,,,,,
Achievements,94332,41338,Poultry Welfare Short Course,,17/09/2015,17/09/2015,17/09/2020,Thai Poultry Veterinary Association,,,,,
Achievements,94332,41341,First Aid Qualification,,02/06/2017,02/06/2017,02/06/2022,Heart Foundation,,,,,
Achievements,94332,41342,Level 3 Diploma in Work-based Agriculture or Equivalent,,06/03/2005,06/03/2005,,Rajamangala University of Technology,,,,,
Achievements,94335,41335,Health & Safety Short Course,,25/10/2016,25/10/2016,25/10/2021,Thai Poultry Veterinary Association,,,,,
Achievements,94335,41336,Hygiene & Biosecurity Short Course,,13/11/2015,13/11/2015,13/11/2020,Thai Poultry Veterinary Association,,,,,
Achievements,94335,41337,Manual Handling Short Course,,13/11/2015,13/11/2015,13/11/2020,Thai Poultry Veterinary Association,,,,,
Achievements,94335,41338,Poultry Welfare Short Course,,12/11/2015,12/11/2015,12/11/2020,Thai Poultry Veterinary Association,,,,,
Achievements,94335,41341,First Aid Qualification,,28/05/2015,28/05/2015,28/05/2020,Thai Red Cross,,,,,
Achievements,95741,41335,Health & Safety Short Course,,29/09/2016,29/09/2016,29/09/2021,Thai Poultry Veterinary Association,,,,,
Achievements,95741,41336,Hygiene & Biosecurity Short Course,,13/11/2015,13/11/2015,13/11/2020,Thai Poultry Veterinary Association,,,,,
Achievements,95741,41337,Manual Handling Short Course,,13/11/2015,13/11/2015,13/11/2020,Thai Poultry Veterinary Association,,,,,
Achievements,95741,41338,Poultry Welfare Short Course,,12/11/2015,12/11/2015,12/11/2020,Thai Poultry Veterinary Association,,,,,
Achievements,95741,41341,First Aid Qualification,,28/05/2015,28/05/2015,28/05/2020,Thai Red Cross Society,,,,,
Achievements,104964,41335,Health & Safety Short Course,,27/07/2017,27/07/2017,27/07/2022,Thai Poultry Veterinary Association,,,,,
Achievements,104964,41336,Hygiene & Biosecurity Short Course,,26/07/2017,26/07/2017,26/07/2022,Thai Poultry Veterinary Association,,,,,
Achievements,104964,41337,Manual Handling Short Course,,26/07/2017,26/07/2017,26/07/2022,Thai Poultry Veterinary Association,,,,,
Achievements,104964,41338,Poultry Welfare Short Course,,27/07/2017,27/07/2017,27/07/2022,Thai Poultry Veterinary Association,,,,,
Achievements,104964,41341,First Aid Qualification,,02/06/2017,02/06/2017,02/06/2022,Thai Red Cross,,,,,
Achievements,94339,41335,Health & Safety Short Course,,29/09/2016,29/09/2016,29/09/2021,Thai Poultry Veterinary Association,,,,,
Achievements,94339,41336,Hygiene & Biosecurity Short Course,,13/11/2015,13/11/2015,13/11/2020,Thai Poultry Veterinary Association,,,,,
Achievements,94339,41337,Manual Handling Short Course,,13/11/2015,13/11/2015,13/11/2020,Thai Poultry Veterinary Association,,,,,
Achievements,94339,41338,Poultry Welfare Short Course,,12/11/2015,12/11/2015,12/11/2020,Thai Poultry Veterinary Association,,,,,
Achievements,94339,41341,First Aid Qualification,,07/09/2016,07/09/2016,07/09/2021,Thai Red Cross,,,,,
Achievements,95742,41335,Health & Safety Short Course,,27/07/2017,27/07/2017,27/07/2022,Thai Poultry Veterinary Association,,,,,
Achievements,95742,41336,Hygiene & Biosecurity Short Course,,17/06/2016,17/06/2016,17/06/2021,Thai Poultry Veterinary Association,,,,,
Achievements,95742,41337,Manual Handling Short Course,,17/06/2016,17/06/2016,17/06/2021,Thai Poultry Veterinary Association,,,,,
Achievements,95742,41338,Poultry Welfare Short Course,,16/06/2016,16/06/2016,16/06/2021,Thai Poultry Veterinary Association,,,,,
Achievements,95742,41341,First Aid Qualification,,02/06/2017,02/06/2017,02/06/2022,Thai Red Cross,,,,,
Achievements,94340,41335,Health & Safety Short Course,,29/09/2016,29/09/2016,29/09/2021,Thai Poultry Veterinary Association,,,,,
Achievements,94340,41336,Hygiene & Biosecurity Short Course,,13/11/2015,13/11/2015,13/11/2020,Thai Poultry Veterinary Association,,,,,
Achievements,94340,41337,Manual Handling Short Course,,13/11/2015,13/11/2015,13/11/2020,Thai Poultry Veterinary Association,,,,,
Achievements,94340,41338,Poultry Welfare Short Course,,12/11/2015,12/11/2015,12/11/2020,Thai Poultry Veterinary Association,,,,,
Achievements,94340,41341,First Aid Qualification,,07/09/2016,07/09/2016,07/09/2021,Thai Red Cross Society,,,,,
Achievements,104986,41335,Health & Safety Short Course,,27/07/2017,27/07/2017,27/07/2022,Thai Poultry Veterinary Association,,,,,
Achievements,104986,41336,Hygiene & Biosecurity Short Course,,26/07/2017,26/07/2017,26/07/2022,Thai Poultry Veterinary Association,,,,,
Achievements,104986,41337,Manual Handling Short Course,,26/07/2017,26/07/2017,26/07/2022,Thai Poultry Veterinary Association,,,,,
Achievements,104986,41338,Poultry Welfare Short Course,,27/07/2017,27/07/2017,27/07/2022,Thai Poultry Veterinary Association,,,,,
Achievements,104986,41341,First Aid Qualification,,02/06/2017,02/06/2017,02/06/2022,The Thai Red Cross,,,,,
Achievements,94344,41336,Hygiene & Biosecurity Short Course,,17/02/2015,17/02/2015,17/02/2020,WFT Academy,,,,,
Achievements,94344,41338,Poultry Welfare Short Course,,06/09/2018,06/09/2018,06/09/2023,GT Training,,,,,
Achievements,94346,41336,Hygiene & Biosecurity Short Course,,17/02/2015,17/02/2015,17/02/2020,WFT Academy,,,,,
Achievements,94347,41336,Hygiene & Biosecurity Short Course,,17/02/2015,17/02/2015,17/02/2020,WFT Academy,,,,,
Achievements,94348,41336,Hygiene & Biosecurity Short Course,,17/02/2015,17/02/2015,17/02/2020,WFT Academy,,,,,
Achievements,94350,41336,Hygiene & Biosecurity Short Course,,17/02/2015,17/02/2015,17/02/2020,WFT Academy,,,,,
Achievements,94350,41338,Poultry Welfare Short Course,,31/07/2013,31/07/2013,31/07/2018,WFT Academy,,,,,
Achievements,94351,41336,Hygiene & Biosecurity Short Course,,17/02/2015,17/02/2015,17/02/2020,WFT Academy,,,,,
Achievements,94352,41336,Hygiene & Biosecurity Short Course,,17/02/2015,17/02/2015,17/02/2020,WFT Academy,,,,,
Achievements,94352,41338,Poultry Welfare Short Course,,06/09/2018,06/09/2018,06/09/2023,GT Training,,,,,
Achievements,94354,41336,Hygiene & Biosecurity Short Course,,17/02/2015,17/02/2015,17/02/2020,WFT Academy,,,,,
Achievements,94355,41336,Hygiene & Biosecurity Short Course,,17/02/2015,17/02/2015,17/02/2020,WFT Academy,,,,,
Achievements,94356,41336,Hygiene & Biosecurity Short Course,,17/02/2015,17/02/2015,17/02/2020,WFT Academy,,,,,
Achievements,94357,41336,Hygiene & Biosecurity Short Course,,17/02/2015,17/02/2015,17/02/2020,WFT Academy,,,,,
Achievements,94358,41336,Hygiene & Biosecurity Short Course,,17/02/2015,17/02/2015,17/02/2020,WFT Academy,,,,,
Achievements,94359,41336,Hygiene & Biosecurity Short Course,,17/02/2015,17/02/2015,17/02/2020,WFT Academy,,,,,
Achievements,94360,41336,Hygiene & Biosecurity Short Course,,17/02/2015,17/02/2015,17/02/2020,WFT Academy,,,,,
Achievements,94360,41338,Poultry Welfare Short Course,,06/09/2018,06/09/2018,06/09/2023,GT Training,,,,,
Achievements,94361,41336,Hygiene & Biosecurity Short Course,,17/02/2015,17/02/2015,17/02/2020,WFT Academy,,,,,
Achievements,94361,41338,Poultry Welfare Short Course,,06/09/2018,06/09/2018,06/09/2023,GT Training,,,,,
Achievements,94362,41336,Hygiene & Biosecurity Short Course,,17/02/2015,17/02/2015,17/02/2020,WFT Academy,,,,,
Achievements,94363,41336,Hygiene & Biosecurity Short Course,,17/02/2015,17/02/2015,17/02/2020,WFT Academy,,,,,
Achievements,94363,41338,Poultry Welfare Short Course,,06/09/2018,06/09/2018,06/09/2023,GT Training,,,,,
Achievements,94364,41336,Hygiene & Biosecurity Short Course,,17/02/2015,17/02/2015,17/02/2020,WFT Academy,,,,,
Achievements,94364,41338,Poultry Welfare Short Course,,06/09/2018,06/09/2018,06/09/2023,GT Training,,,,,
Achievements,94365,41336,Hygiene & Biosecurity Short Course,,17/02/2015,17/02/2015,17/02/2020,WFT Academy,,,,,
Achievements,95299,41335,Health & Safety Short Course,,27/07/2017,27/07/2017,27/07/2022,Thai Poultry Veterinary Association,,,,,
Achievements,95299,41336,Hygiene & Biosecurity Short Course,,26/07/2017,26/07/2017,26/07/2022,Thai Poultry Veterinary Association,,,,,
Achievements,95299,41337,Manual Handling Short Course,,26/07/2017,26/07/2017,26/07/2022,Thai Poultry Veterinary Association,,,,,
Achievements,95299,41338,Poultry Welfare Short Course,,27/07/2017,27/07/2017,27/07/2022,Thai Poultry Veterinary Association,,,,,
Achievements,95301,41335,Health & Safety Short Course,,25/11/2016,25/11/2016,25/11/2021,Thai Poultry Veterinary Association,,,,,
Achievements,95301,41336,Hygiene & Biosecurity Short Course,,08/07/2015,08/07/2015,08/07/2020,Thai Poultry Veterinary Association,,,,,
Achievements,95301,41337,Manual Handling Short Course,,08/07/2015,08/07/2015,08/07/2020,Thai Poultry Veterinary Association,,,,,
Achievements,95301,41338,Poultry Welfare Short Course,,07/07/2015,07/07/2015,07/07/2020,Thai Poultry Veterinary Association,,,,,
Achievements,105851,41335,Health & Safety Short Course,,27/07/2017,27/07/2017,27/07/2022,Thai Poultry Veterinary Association,,,,,
Achievements,105851,41336,Hygiene & Biosecurity Short Course,,26/07/2017,26/07/2017,26/07/2022,Thai Poultry Veterinary Association,,,,,
Achievements,105851,41337,Manual Handling Short Course,,26/07/2017,26/07/2017,26/07/2022,Thai Poultry Veterinary Association,,,,,
Achievements,105851,41338,Poultry Welfare Short Course,,27/07/2017,27/07/2017,27/07/2022,Thai Poultry Veterinary Association,,,,,
Achievements,105852,41335,Health & Safety Short Course,,27/07/2017,27/07/2017,27/07/2022,Thai Poultry Veterinary Association,,,,,
Achievements,105852,41336,Hygiene & Biosecurity Short Course,,26/07/2017,26/07/2017,26/07/2022,Thai Poultry Veterinary Association,,,,,
Achievements,105852,41337,Manual Handling Short Course,,26/07/2017,26/07/2017,26/07/2022,Thai Poultry Veterinary Association,,,,,
Achievements,105852,41338,Poultry Welfare Short Course,,27/07/2017,27/07/2017,27/07/2022,Thai Poultry Veterinary Association,,,,,
Achievements,94375,41335,Health & Safety Short Course,,29/09/2016,29/09/2016,29/09/2021,Thai Poultry Veterinary Association,,,,,
Achievements,94375,41336,Hygiene & Biosecurity Short Course,,08/07/2015,08/07/2015,08/07/2020,Thai Poultry Veterinary Association,,,,,
Achievements,94375,41337,Manual Handling Short Course,,08/07/2015,08/07/2015,08/07/2020,Thai Poultry Veterinary Association,,,,,
Achievements,94375,41338,Poultry Welfare Short Course,,07/07/2015,07/07/2015,07/07/2020,Thai Poultry Veterinary Association,,,,,
Achievements,111862,41335,Health & Safety Short Course,,17/10/2018,17/10/2018,17/10/2023,Thai Poultry Veterinary Association,,,,,
Achievements,111862,41336,Hygiene & Biosecurity Short Course,,17/10/2018,17/10/2018,17/10/2023,Thai Poultry Veterinary Association,,,,,
Achievements,111862,41337,Manual Handling Short Course,,18/10/2018,18/10/2018,18/10/2023,Thai Poultry Veterinary Association,,,,,
Achievements,111862,41338,Poultry Welfare Short Course,,18/10/2018,18/10/2018,18/10/2023,Thai Poultry Veterinary Association,,,,,
Achievements,111861,41335,Health & Safety Short Course,,17/10/2018,17/10/2018,17/10/2023,Thai Poultry Veterinary Association,,,,,
Achievements,111861,41336,Hygiene & Biosecurity Short Course,,17/10/2018,17/10/2018,17/10/2023,Thai Poultry Veterinary Association,,,,,
Achievements,111861,41337,Manual Handling Short Course,,18/10/2018,18/10/2018,18/10/2023,Thai Poultry Veterinary Association,,,,,
Achievements,111861,41338,Poultry Welfare Short Course,,18/10/2018,18/10/2018,18/10/2023,Thai Poultry Veterinary Association,,,,,
Achievements,94378,41335,Health & Safety Short Course,,29/09/2016,29/09/2016,29/09/2021,Thai Poultry Veterinary Association,,,,,
Achievements,94378,41336,Hygiene & Biosecurity Short Course,,09/06/2015,09/06/2015,09/06/2020,Thai Poultry Veterinary Association,,,,,
Achievements,94378,41337,Manual Handling Short Course,,09/06/2015,09/06/2015,09/06/2020,Thai Poultry Veterinary Association,,,,,
Achievements,94378,41338,Poultry Welfare Short Course,,10/06/2015,10/06/2015,10/06/2020,Thai Poultry Veterinary Association,,,,,
Achievements,95749,41335,Health & Safety Short Course,,29/09/2016,29/09/2016,29/09/2021,Thai Poultry Veterinary Association,,,,,
Achievements,95749,41336,Hygiene & Biosecurity Short Course,,09/06/2015,09/06/2015,09/06/2020,Thai Poultry Veterinary Association,,,,,
Achievements,95749,41337,Manual Handling Short Course,,09/06/2015,09/06/2015,09/06/2020,Thai Poultry Veterinary Association,,,,,
Achievements,95749,41338,Poultry Welfare Short Course,,10/06/2015,10/06/2015,10/06/2020,Thai Poultry Veterinary Association,,,,,
Achievements,94380,41335,Health & Safety Short Course,,25/11/2016,25/11/2016,25/11/2021,Thai Poultry Veterinary Association,,,,,
Achievements,94380,41336,Hygiene & Biosecurity Short Course,,23/11/2017,23/11/2017,23/11/2022,Thai Poultry Veterinary Association,,,,,
Achievements,94380,41337,Manual Handling Short Course,,24/11/2017,24/11/2017,24/11/2022,Thai Poultry Veterinary Association,,,,,
Achievements,94380,41338,Poultry Welfare Short Course,,23/11/2017,23/11/2017,23/11/2022,Thai Poultry Veterinary Association,,,,,
Achievements,94380,41341,First Aid Qualification,,23/06/2015,23/06/2015,23/06/2020,The Thai Red Cross Society,,,,,
Achievements,94381,41341,First Aid Qualification,,23/06/2015,23/06/2015,23/06/2020,The Thai Red Cross Society,,,,,
Achievements,94382,41335,Health & Safety Short Course,,24/11/2016,24/11/2016,24/11/2021,Thai Poultry Veterinary Association,,,,,
Achievements,94382,41341,First Aid Qualification,,23/06/2015,23/06/2015,23/06/2020,The Thai Red Cross Society,,,,,
Achievements,95755,,Health & Safety,,25/11/2016,25/11/2016,25/11/2021,Thai Poultry Veterinary Association,,,,,
Achievements,94385,41335,Health & Safety Short Course,,25/11/2016,25/11/2016,25/11/2021,Thai Poultry Veterinary Association,,,,,
Achievements,95756,41335,Health & Safety Short Course,,25/11/2016,25/11/2016,25/11/2021,Thai Poultry Veterinary Association,,,,,
Achievements,95756,41336,Hygiene & Biosecurity Short Course,,08/04/2015,08/04/2015,08/04/2020,Thai Poultry Veterinary Association,,,,,
Achievements,95756,41337,Manual Handling Short Course,,07/04/2015,07/04/2015,07/04/2020,Thai Poultry Veterinary Association,,,,,
Achievements,95756,41338,Poultry Welfare Short Course,,07/04/2015,07/04/2015,07/04/2020,Thai Poultry Veterinary Association,,,,,
Achievements,95756,41341,First Aid Qualification,,25/06/2015,25/06/2015,25/06/2020,Thai Red Cross Society,,,,,
Achievements,107475,41335,Health & Safety Short Course,,24/11/2017,24/11/2017,24/11/2022,Thai Poultry Veterinary Association,,,,,
Achievements,107475,41336,Hygiene & Biosecurity Short Course,,22/11/2017,23/11/2017,23/11/2022,Thai Poultry Veterinary Association,,,,,
Achievements,107475,41337,Manual Handling Short Course,,24/11/2017,24/11/2017,24/11/2022,Thai Poultry Veterinary Association,,,,,
Achievements,107475,41338,Poultry Welfare Short Course,,23/11/2017,23/11/2017,23/11/2022,Thai Poultry Veterinary Association,,,,,
Achievements,95760,41335,Health & Safety Short Course,,25/11/2016,25/11/2016,25/11/2021,Thai Poultry Veterinary Association,,,,,
Achievements,94386,41335,Health & Safety Short Course,,25/11/2016,25/11/2016,25/11/2021,Thai Poultry Veterinary Association,,,,,
Achievements,94386,41341,First Aid Qualification,,23/06/2015,23/06/2015,23/06/2020,The Thai Red Cross Society,,,,,
Achievements,94388,41335,Health & Safety Short Course,,25/11/2016,25/11/2016,25/11/2021,Thai Poultry Veterinary Association,,,,,
Achievements,94388,41341,First Aid Qualification,,23/06/2015,23/06/2015,23/06/2020,The Thai Red Cross Society,,,,,
Achievements,94390,41335,Health & Safety Short Course,,25/09/2016,25/10/2016,25/10/2021,Thai Poultry Veterinary Association,,,,,
Achievements,94391,41335,Health & Safety Short Course,,25/11/2016,25/11/2016,25/11/2021,Thai Poultry Veterinary Association,,,,,
Achievements,95761,41335,Health & Safety Short Course,,25/11/2016,25/11/2016,25/11/2021,Thai Poultry Veterinary Association,,,,,
Achievements,94392,41335,Health & Safety Short Course,,24/11/2017,24/11/2017,24/11/2022,Thai Poultry Veterinary Association,,,,,
Achievements,95762,41335,Health & Safety Short Course,,24/11/2017,24/11/2017,24/11/2022,Thai Poultry Veterinary Association,,,,,
Achievements,94394,41335,Health & Safety Short Course,,25/11/2016,25/11/2016,25/11/2021,Thai Poultry Veterinary Association,,,,,
Achievements,94394,41336,Hygiene & Biosecurity Short Course,,17/06/2016,17/06/2016,17/06/2021,Thai Poultry Veterinary Association,,,,,
Achievements,94394,41337,Manual Handling Short Course,,17/06/2016,17/06/2016,17/06/2021,Thai Poultry Veterinary Association,,,,,
Achievements,94394,41338,Poultry Welfare Short Course,,16/06/2016,16/06/2016,16/06/2021,Thai Poultry Veterinary Association,,,,,
Achievements,94394,41341,First Aid Qualification,,23/06/2015,23/06/2015,23/06/2020,The Thai Red Cross Society,,,,,
Achievements,94666,41335,Health & Safety Short Course,,24/11/2017,24/11/2017,24/11/2022,Thai Poultry Veterinary Association,,,,,
Achievements,94666,41336,Hygiene & Biosecurity Short Course,,17/06/2016,17/06/2016,17/06/2021,Thai Poultry Veterinary Association,,,,,
Achievements,94666,41337,Manual Handling Short Course,,17/06/2016,17/06/2016,17/06/2021,Thai Poultry Veterinary Association,,,,,
Achievements,94666,41338,Poultry Welfare Short Course,,16/06/2016,16/06/2016,16/06/2021,Thai Poultry Veterinary Association,,,,,
Achievements,94398,41335,Health & Safety Short Course,,24/11/2016,24/11/2016,24/11/2021,Thai Poultry Veterinary Association,,,,,
Achievements,94398,41341,First Aid Qualification,,23/06/2015,23/06/2015,23/06/2020,The Thai Red Cross Society,,,,,
Achievements,95763,41335,Health & Safety Short Course,,24/11/2016,24/11/2016,24/11/2021,Thai Poultry Veterinary Association,,,,,
Achievements,95763,41341,First Aid Qualification,,23/06/2015,23/06/2015,23/06/2020,The Thai Red Cross Society,,,,,
Achievements,94400,41335,Health & Safety Short Course,,24/11/2016,24/11/2016,24/11/2021,Thai Poultry Veterinary Association,,,,,
Achievements,106501,41335,Health & Safety Short Course,,24/11/2017,24/11/2017,24/11/2022,Thai Poultry Veterinary Association,,,,,
Achievements,106501,41336,Hygiene & Biosecurity Short Course,,23/11/2017,23/11/2017,23/11/2022,Thai Poultry Veterinary Association,,,,,
Achievements,106501,41337,Manual Handling Short Course,,24/11/2017,24/11/2017,24/11/2022,Thai Poultry Veterinary Association,,,,,
Achievements,106501,41338,Poultry Welfare Short Course,,23/11/2017,23/11/2017,23/11/2022,Thai Poultry Veterinary Association,,,,,
Achievements,94401,41335,Health & Safety Short Course,,24/11/2016,24/11/2016,24/11/2021,Thai Poultry Veterinary Association,,,,,
Achievements,94401,41336,Hygiene & Biosecurity Short Course,,25/03/2015,25/03/2015,25/03/2020,Thai Poultry Veterinary Association,,,,,
Achievements,94401,41337,Manual Handling Short Course,,25/03/2015,25/03/2015,25/03/2020,Thai Poultry Veterinary Association,,,,,
Achievements,94401,41338,Poultry Welfare Short Course,,24/03/2015,24/03/2015,24/03/2020,Thai Poultry Veterinary Association,,,,,
Achievements,94401,41341,First Aid Qualification,,25/06/2015,25/06/2015,25/06/2020,Thai Red Cross Society,,,,,
Achievements,94402,41335,Health & Safety Short Course,,25/11/2016,25/11/2016,25/11/2021,Thai Poultry Veterinary Association,,,,,
Achievements,96162,41335,Health & Safety Short Course,,24/11/2016,24/11/2016,24/11/2021,Thai Poultry Veterinary Association,,,,,
Achievements,102193,41335,Health & Safety Short Course,,25/11/2016,25/11/2016,25/11/2021,Thai Poultry Veterinary Association,,,,,
Achievements,106496,41335,Health & Safety Short Course,,24/11/2017,24/11/2017,24/11/2022,Thai Poultry Veterinary Association,,,,,
Achievements,106496,41336,Hygiene & Biosecurity Short Course,,23/11/2017,23/11/2017,23/11/2022,Thai Poultry Veterinary Association,,,,,
Achievements,106496,41337,Manual Handling Short Course,,24/11/2017,24/11/2017,24/11/2022,Thai Poultry Veterinary Association,,,,,
Achievements,106496,41338,Poultry Welfare Short Course,,23/11/2017,23/11/2017,23/11/2022,Thai Poultry Veterinary Association,,,,,
Achievements,94403,41335,Health & Safety Short Course,,25/11/2016,25/11/2016,25/11/2021,Thai Poultry Veterinary Association,,,,,
Achievements,94403,41336,Hygiene & Biosecurity Short Course,,17/06/2016,17/06/2016,17/06/2021,Thai Poultry Veterinary Association,,,,,
Achievements,94403,41337,Manual Handling Short Course,,17/06/2016,17/06/2016,17/06/2021,Thai Poultry Veterinary Association,,,,,
Achievements,94403,41338,Poultry Welfare Short Course,,16/06/2016,16/06/2016,16/06/2021,Thai Poultry Veterinary Association,,,,,
Achievements,94404,41335,Health & Safety Short Course,,25/11/2016,25/11/2016,25/11/2021,Thai Poultry Veterinary Association,,,,,
Achievements,95766,41335,Health & Safety Short Course,,24/11/2017,24/11/2017,24/11/2022,Thai Poultry Veterinary Association,,,,,
Achievements,95766,41336,Hygiene & Biosecurity Short Course,,17/06/2016,17/06/2016,17/06/2021,Thai Poultry Veterinary Association,,,,,
Achievements,95766,41337,Manual Handling Short Course,,17/06/2016,17/06/2016,17/06/2021,Thai Poultry Veterinary Association,,,,,
Achievements,95766,41338,Poultry Welfare Short Course,,16/06/2016,16/06/2016,16/06/2021,Thai Poultry Veterinary Association,,,,,
Achievements,94405,41335,Health & Safety Short Course,,25/10/2016,25/10/2016,25/10/2021,Thai Poultry Veterinary Association,,,,,
Achievements,95767,41335,Health & Safety Short Course,,25/10/2016,25/10/2016,25/10/2021,Thai Poultry Veterinary Association,,,,,
Achievements,94406,41335,Health & Safety Short Course,,25/10/2016,25/10/2016,25/10/2021,Thai Poultry Veterinary Association,,,,,
Achievements,94407,41335,Health & Safety Short Course,,25/10/2016,25/10/2016,25/10/2021,Thai Poultry Veterinary Association,,,,,
Achievements,95769,41335,Health & Safety Short Course,,25/10/2016,25/10/2016,25/10/2021,Thai Poultry Veterinary Association,,,,,
Achievements,95771,41335,Health & Safety Short Course,,25/10/2016,25/10/2016,25/10/2021,Thai Poultry Veterinary Association,,,,,
Achievements,95771,41336,Hygiene & Biosecurity Short Course,,09/06/2015,09/06/2015,09/06/2020,Thai Poultry Veterinary Association,,,,,
Achievements,95771,41337,Manual Handling Short Course,,09/06/2015,09/06/2015,09/06/2020,Thai Poultry Veterinary Association,,,,,
Achievements,95771,41338,Poultry Welfare Short Course,,10/06/2015,10/06/2015,10/06/2020,Thai Poultry Veterinary Association,,,,,
Achievements,94409,41335,Health & Safety Short Course,,25/10/2016,25/10/2016,25/10/2021,Thai Poultry Veterinary Association,,,,,
Achievements,95772,,First Aid and Health Care,,29/06/2015,29/06/2015,29/06/2020,Thai Red Cross Society,,,,,
Achievements,95772,41335,Health & Safety Short Course,,25/10/2016,25/10/2016,25/10/2021,Thai Poultry Veterinary Association,,,,,
Achievements,95772,41336,Hygiene & Biosecurity Short Course,,18/09/2015,18/09/2015,18/09/2020,Thai Poultry Veterinary Association,,,,,
Achievements,95772,41337,Manual Handling Short Course,,18/09/2015,18/09/2015,18/09/2020,Thai Poultry Veterinary Association,,,,,
Achievements,95772,41338,Poultry Welfare Short Course,,17/09/2015,17/09/2015,17/09/2020,Thai Poultry Veterinary Association,,,,,
Achievements,94412,41335,Health & Safety Short Course,,25/10/2016,25/10/2016,25/10/2021,Thai Poultry Veterinary Association,,,,,
Achievements,94413,41335,Health & Safety Short Course,,25/10/2016,25/10/2016,25/10/2021,Thai Poultry Veterinary Association,,,,,
Achievements,95775,41335,Health & Safety Short Course,,25/10/2016,25/10/2016,25/10/2021,Thai Poultry Veterinary Association,,,,,
Achievements,94416,41335,Health & Safety Short Course,,24/11/2016,24/11/2016,24/11/2021,Thai Poultry Veterinary Association,,,,,
Achievements,94420,41335,Health & Safety Short Course,,25/10/2016,25/10/2016,25/10/2021,Thai Poultry Veterinary Association,,,,,
Achievements,94421,41335,Health & Safety Short Course,,25/10/2016,25/10/2016,25/10/2021,Thai Poultry Veterinary Association,,,,,
Achievements,94429,41335,Health & Safety Short Course,,25/11/2016,25/11/2016,25/11/2021,Thai Poultry Veterinary Association,,,,,
Achievements,94429,41336,Hygiene & Biosecurity Short Course,,08/04/2015,08/04/2015,08/04/2020,Thai Poultry Veterinary Association,,,,,
Achievements,94429,41337,Manual Handling Short Course,,07/04/2015,07/04/2015,07/04/2020,Thai Poultry Veterinary Association,,,,,
Achievements,94429,41338,Poultry Welfare Short Course,,07/04/2015,07/04/2015,07/04/2020,Thai Poultry Veterinary Association,,,,,
Achievements,94429,41341,First Aid Qualification,,23/06/2015,23/06/2015,23/06/2020,Thai Red Cross Society,,,,,
Achievements,95787,41335,Health & Safety Short Course,,25/11/2016,25/11/2016,25/11/2021,Thai Poultry Veterinary Association,,,,,
Achievements,95787,41341,First Aid Qualification,,23/06/2015,23/06/2015,23/06/2020,The Thai Red Cross Society,,,,,
Achievements,95789,41335,Health & Safety Short Course,,24/11/2017,24/11/2017,24/11/2022,Thai Poultry Veterinary Association,,,,,
Achievements,95789,41336,Hygiene & Biosecurity Short Course,,23/11/2017,23/11/2017,23/11/2022,Thai Poultry Veterinary Association,,,,,
Achievements,95789,41337,Manual Handling Short Course,,24/11/2017,24/11/2017,24/11/2022,Thai Poultry Veterinary Association,,,,,
Achievements,95789,41338,Poultry Welfare Short Course,,23/11/2017,23/11/2017,23/11/2022,Thai Poultry Veterinary Association,,,,,
Achievements,94432,41335,Health & Safety Short Course,,24/11/2016,24/11/2016,24/11/2021,Thai Poultry Veterinary Association,,,,,
Achievements,95790,41335,Health & Safety Short Course,,24/11/2016,24/11/2016,24/11/2021,Thai Poultry Veterinary Association,,,,,
Achievements,94434,41335,Health & Safety Short Course,,25/11/2016,25/11/2016,25/11/2021,Thai Poultry Veterinary Association,,,,,
Achievements,94434,41341,First Aid Qualification,,23/06/2015,23/06/2015,23/06/2020,The Thai Red Cross Society,,,,,
Achievements,94435,41335,Health & Safety Short Course,,25/11/2016,25/11/2016,25/11/2021,Thai Poultry Veterinary Association,,,,,
Achievements,94435,41341,First Aid Qualification,,23/06/2015,23/06/2015,23/06/2020,The Thai Red Cross Society,,,,,
Achievements,95794,41335,Health & Safety Short Course,,25/10/2016,25/10/2016,25/10/2021,Thai Poultry Veterinary Association,,,,,
Achievements,95796,41335,Health & Safety Short Course,,25/10/2016,25/10/2016,25/10/2021,Thai Poultry Veterinary Association,,,,,
Achievements,95796,41341,First Aid Qualification,,23/06/2015,23/06/2015,23/06/2020,The Thai Red Cross Society,,,,,
Achievements,94441,41335,Health & Safety Short Course,,25/10/2016,25/10/2016,25/10/2021,Thai Poultry Veterinary Association,,,,,
Achievements,94441,41336,Hygiene & Biosecurity Short Course,,28/08/2015,28/08/2015,28/08/2020,Thai Poultry Veterinary Association,,,,,
Achievements,94441,41337,Manual Handling Short Course,,28/08/2015,28/08/2015,28/08/2020,Thai Poultry Veterinary Association,,,,,
Achievements,94441,41338,Poultry Welfare Short Course,,27/08/2015,27/08/2015,27/08/2020,Thai Poultry Veterinary Association,,,,,
Achievements,94442,41335,Health & Safety Short Course,,25/10/2016,25/10/2016,25/10/2021,Thai Poultry Veterinary Association,,,,,
Achievements,94442,41336,Hygiene & Biosecurity Short Course,,18/09/2015,18/09/2015,18/09/2020,Thai Poultry Veterinary Association,,,,,
Achievements,94442,41337,Manual Handling Short Course,,18/09/2015,18/09/2015,18/09/2020,Thai Poultry Veterinary Association,,,,,
Achievements,94442,41338,Poultry Welfare Short Course,,17/09/2015,17/09/2015,17/09/2020,Thai Poultry Veterinary Association,,,,,
Achievements,94442,41341,First Aid Qualification,,02/06/2017,02/06/2017,02/06/2022,Heart Foundation,,,,,
Achievements,94443,41335,Health & Safety Short Course,,24/11/2016,24/11/2016,24/11/2021,Thai Poultry Veterinary Association,,,,,
Achievements,94443,41336,Hygiene & Biosecurity Short Course,,25/03/2015,25/03/2015,25/03/2020,Thai Poultry Veterinary Association,,,,,
Achievements,94443,41337,Manual Handling Short Course,,25/03/2015,25/03/2015,25/03/2020,Thai Poultry Veterinary Association,,,,,
Achievements,94443,41338,Poultry Welfare Short Course,,24/03/2015,24/03/2015,24/03/2020,Thai Poultry Veterinary Association,,,,,
Achievements,94443,41342,Level 3 Diploma in Work-based Agriculture or Equivalent,,04/04/2001,04/04/2001,,Suranaree University of Technology,,,,,
Achievements,94444,41335,Health & Safety Short Course,,25/10/2016,25/10/2016,25/10/2021,Thai Poultry Veterinary Association,,,,,
Achievements,94444,41336,Hygiene & Biosecurity Short Course,,28/08/2015,28/08/2015,28/08/2020,Thai Poultry Veterinary Association,,,,,
Achievements,94444,41337,Manual Handling Short Course,,28/08/2015,28/08/2015,28/08/2020,Thai Poultry Veterinary Association,,,,,
Achievements,94444,41338,Poultry Welfare Short Course,,27/08/2015,27/08/2015,27/08/2020,Thai Poultry Veterinary Association,,,,,
Achievements,94444,41341,First Aid Qualification,,07/09/2016,07/09/2016,07/08/2021,The Heart Foundation,,,,,
Achievements,94444,41342,Level 3 Diploma in Work-based Agriculture or Equivalent,,03/03/2003,03/03/2003,,Chiang Mai University,,,,,
Achievements,98897,41335,Health & Safety Short Course,,24/11/2016,24/11/2016,24/11/2021,Thai Poultry Veterinary Association,,,,,
Achievements,98897,41336,Hygiene & Biosecurity Short Course,,18/09/2015,18/09/2015,18/09/2020,Thai Poultry Veterinary Association,,,,,
Achievements,98897,41337,Manual Handling Short Course,,18/09/2015,18/09/2015,18/09/2020,Thai Poultry Veterinary Association,,,,,
Achievements,98897,41338,Poultry Welfare Short Course,,17/09/2015,17/09/2015,17/09/2020,Thai Poultry Veterinary Association,,,,,
Achievements,94446,41335,Health & Safety Short Course,,24/11/2016,24/11/2016,24/11/2021,Thai Poultry Veterinary Association,,,,,
Achievements,94446,41336,Hygiene & Biosecurity Short Course,,18/09/2015,18/09/2015,18/09/2020,Thai Poultry Veterinary Association,,,,,
Achievements,94446,41337,Manual Handling Short Course,,18/09/2015,18/09/2015,18/09/2020,Thai Poultry Veterinary Association,,,,,
Achievements,94446,41338,Poultry Welfare Short Course,,17/09/2015,17/09/2015,17/09/2020,Thai Poultry Veterinary Association,,,,,
Achievements,94449,41335,Health & Safety Short Course,,25/10/2016,25/10/2016,25/10/2021,Thai Poultry Veterinary Association,,,,,
Achievements,94449,41336,Hygiene & Biosecurity Short Course,,25/03/2015,25/03/2015,25/03/2020,Thai Poultry Veterinary Association,,,,,
Achievements,94449,41337,Manual Handling Short Course,,25/03/2015,25/03/2015,25/03/2020,Thai Poultry Veterinary Association,,,,,
Achievements,94449,41338,Poultry Welfare Short Course,,24/03/2015,24/03/2015,24/03/2020,Thai Poultry Veterinary Association,,,,,
Achievements,94449,41341,First Aid Qualification,,02/06/2017,02/06/2017,02/06/2022,The Thai Red Cross Society,,,,,
Achievements,94451,41335,Health & Safety Short Course,,25/10/2016,25/10/2016,25/10/2021,Thai Poultry Veterinary Association,,,,,
Achievements,94451,41336,Hygiene & Biosecurity Short Course,,28/08/2015,28/08/2015,28/08/2020,Thai Poultry Veterinary Association,,,,,
Achievements,94451,41337,Manual Handling Short Course,,28/08/2015,28/08/2015,28/08/2020,Thai Poultry Veterinary Association,,,,,
Achievements,94451,41338,Poultry Welfare Short Course,,27/08/2015,27/08/2015,27/08/2020,Thai Poultry Veterinary Association,,,,,
Achievements,98903,41335,Health & Safety Short Course,,24/11/2016,24/11/2016,24/11/2021,Thai Poultry Veterinary Association,,,,,
Achievements,98903,41336,Hygiene & Biosecurity Short Course,,28/08/2015,28/08/2015,28/08/2020,Thai Poultry Veterinary Association,,,,,
Achievements,98903,41337,Manual Handling Short Course,,28/08/2015,28/08/2015,28/08/2020,Thai Poultry Veterinary Association,,,,,
Achievements,98903,41338,Poultry Welfare Short Course,,27/08/2015,27/08/2015,27/08/2020,Thai Poultry Veterinary Association,,,,,
Achievements,94453,41335,Health & Safety Short Course,,24/11/2016,24/11/2016,24/11/2021,Thai Poultry Veterinary Association,,,,,
Achievements,94453,41336,Hygiene & Biosecurity Short Course,,13/11/2015,13/11/2015,13/11/2020,Thai Poultry Veterinary Association,,,,,
Achievements,94453,41337,Manual Handling Short Course,,13/11/2015,13/11/2015,13/11/2020,Thai Poultry Veterinary Association,,,,,
Achievements,94453,41338,Poultry Welfare Short Course,,12/11/2015,12/11/2015,12/11/2020,Thai Poultry Veterinary Association,,,,,
Achievements,94453,41341,First Aid Qualification,,07/09/2016,07/09/2016,07/09/2021,Thai Red Cross,,,,,
Achievements,94454,41335,Health & Safety Short Course,,24/11/2016,24/11/2016,24/11/2021,Thai Poultry Veterinary Association,,,,,
Achievements,94454,41336,Hygiene & Biosecurity Short Course,,18/09/2015,18/09/2015,18/09/2020,Thai Poultry Veterinary Association,,,,,
Achievements,94454,41337,Manual Handling Short Course,,18/09/2015,18/09/2015,18/09/2020,Thai Poultry Veterinary Association,,,,,
Achievements,94454,41338,Poultry Welfare Short Course,,17/09/2015,17/09/2015,17/09/2020,Thai Poultry Veterinary Association,,,,,
Achievements,94454,41342,Level 3 Diploma in Work-based Agriculture or Equivalent,,29/10/2007,29/10/2007,,Sukhothai Thammathirat Open University,,,,,
Achievements,94455,41335,Health & Safety Short Course,,24/10/2016,24/10/2016,24/10/2021,Thai Poultry Veterinary Association,,,,,
Achievements,94455,41336,Hygiene & Biosecurity Short Course,,18/09/2015,18/09/2015,18/09/2020,Thai Poultry Veterinary Association,,,,,
Achievements,94455,41337,Manual Handling Short Course,,18/09/2015,18/09/2015,18/09/2020,Thai Poultry Veterinary Association,,,,,
Achievements,94455,41338,Poultry Welfare Short Course,,17/09/2015,17/09/2015,17/09/2020,Thai Poultry Veterinary Association,,,,,
Achievements,94456,41335,Health & Safety Short Course,,25/10/2016,25/10/2016,25/10/2021,Thai Poultry Veterinary Association,,,,,
Achievements,94456,41336,Hygiene & Biosecurity Short Course,,28/08/2015,28/08/2015,28/08/2020,Thai Poultry Veterinary Association,,,,,
Achievements,94456,41337,Manual Handling Short Course,,28/08/2015,28/08/2015,28/08/2020,Thai Poultry Veterinary Association,,,,,
Achievements,94456,41338,Poultry Welfare Short Course,,27/08/2015,27/08/2015,27/08/2020,Thai Poultry Veterinary Association,,,,,
Achievements,94456,41341,First Aid Qualification,,02/06/2017,02/06/2017,02/06/2022,The Heart Foundation Under Royal Patronage,,,,,
Achievements,94457,41335,Health & Safety Short Course,,24/11/2016,24/11/2016,24/11/2021,Thai Poultry Veterinary Association,,,,,
Achievements,94457,41336,Hygiene & Biosecurity Short Course,,18/09/2015,18/09/2015,18/09/2020,Thai Poultry Veterinary Association,,,,,
Achievements,94457,41337,Manual Handling Short Course,,18/09/2015,18/09/2015,18/09/2020,Thai Poultry Veterinary Association,,,,,
Achievements,94457,41338,Poultry Welfare Short Course,,17/09/2015,17/09/2015,17/09/2020,Thai Poultry Veterinary Association,,,,,
Achievements,94458,41335,Health & Safety Short Course,,25/10/2016,25/10/2016,25/10/2021,Thai Poultry Veterinary Association,,,,,
Achievements,94458,41336,Hygiene & Biosecurity Short Course,,28/08/2015,28/08/2015,28/08/2020,Thai Poultry Veterinary Association,,,,,
Achievements,94458,41337,Manual Handling Short Course,,28/08/2015,28/08/2015,28/08/2020,Thai Poultry Veterinary Association,,,,,
Achievements,94458,41338,Poultry Welfare Short Course,,27/08/2015,27/08/2015,27/08/2020,Thai Poultry Veterinary Association,,,,,
Achievements,94458,41341,First Aid Qualification,,02/06/2017,02/06/2017,02/06/2022,Heart Foundation,,,,,
Achievements,94458,41342,Level 3 Diploma in Work-based Agriculture or Equivalent,,29/05/2003,29/05/2003,,Rajabhat Mahasarakham University,,,,,
Achievements,94459,41335,Health & Safety Short Course,,25/10/2016,25/10/2016,25/10/2021,Thai Poultry Veterinary Association,,,,,
Achievements,94459,41336,Hygiene & Biosecurity Short Course,,28/08/2015,28/08/2015,28/08/2020,Thai Poultry Veterinary Association,,,,,
Achievements,94459,41337,Manual Handling Short Course,,28/08/2015,28/08/2015,28/08/2020,Thai Poultry Veterinary Association,,,,,
Achievements,94459,41338,Poultry Welfare Short Course,,27/08/2015,27/08/2015,27/08/2020,Thai Poultry Veterinary Association,,,,,
Achievements,94459,41342,Level 3 Diploma in Work-based Agriculture or Equivalent,,15/05/2005,15/05/2005,,Rahamangala University of Technology,,,,,
Achievements,94460,41335,Health & Safety Short Course,,24/11/2016,24/11/2016,24/11/2021,Thai Poultry Veterinary Association,,,,,
Achievements,94460,41336,Hygiene & Biosecurity Short Course,,18/09/2015,18/09/2015,18/09/2020,Thai Poultry Veterinary Association,,,,,
Achievements,94460,41337,Manual Handling Short Course,,18/09/2015,18/09/2015,18/09/2020,Thai Poultry Veterinary Association,,,,,
Achievements,94460,41338,Poultry Welfare Short Course,,17/09/2015,17/09/2015,17/09/2020,Thai Poultry Veterinary Association,,,,,
Achievements,94460,41341,First Aid Qualification,,29/05/2015,29/05/2015,29/05/2020,The HEart Foundation Under Royal Patronage,,,,,
Achievements,94460,41342,Level 3 Diploma in Work-based Agriculture or Equivalent,,12/04/2013,12/04/2013,,Suranaree University of Technology,,,,,
Achievements,94461,41335,Health & Safety Short Course,,25/10/2016,25/10/2016,25/10/2021,Thai Poultry Veterinary Association,,,,,
Achievements,94461,41336,Hygiene & Biosecurity Short Course,,09/06/2015,09/06/2015,09/06/2020,Thai Poultry Veterinary Association,,,,,
Achievements,94461,41337,Manual Handling Short Course,,09/06/2015,09/06/2015,09/06/2020,Thai Poultry Veterinary Association,,,,,
Achievements,94461,41338,Poultry Welfare Short Course,,10/06/2015,10/06/2015,10/06/2020,Thai Poultry Veterinary Association,,,,,
Achievements,94461,41342,Level 3 Diploma in Work-based Agriculture or Equivalent,,09/03/2003,09/03/2003,,Rajamangala University of Technology,,,,,
Achievements,94462,41335,Health & Safety Short Course,,25/10/2016,25/10/2016,25/10/2021,Thai Poultry Veterinary Association,,,,,
Achievements,94462,41336,Hygiene & Biosecurity Short Course,,09/06/2015,09/06/2015,09/06/2020,Thai Poultry Veterinary Association,,,,,
Achievements,94462,41337,Manual Handling Short Course,,09/06/2015,09/06/2015,09/06/2020,Thai Poultry Veterinary Association,,,,,
Achievements,94462,41338,Poultry Welfare Short Course,,10/06/2015,10/06/2015,10/06/2020,Thai Poultry Veterinary Association,,,,,
Achievements,94462,41341,First Aid Qualification,,29/05/2015,29/05/2015,29/05/2020,The Heart Foundation Under Royal Patronage,,,,,
Achievements,94462,41342,Level 3 Diploma in Work-based Agriculture or Equivalent,,03/03/2003,03/03/2003,,Chiang Mai University,,,,,
Achievements,94463,41335,Health & Safety Short Course,,24/11/2016,24/11/2016,24/11/2021,Thai Poultry Veterinary Association,,,,,
Achievements,94463,41336,Hygiene & Biosecurity Short Course,,28/08/2015,28/08/2015,28/08/2020,Thai Poultry Veterinary Association,,,,,
Achievements,94463,41337,Manual Handling Short Course,,28/08/2015,28/08/2015,28/08/2020,Thai Poultry Veterinary Association,,,,,
Achievements,94463,41338,Poultry Welfare Short Course,,27/08/2015,27/08/2015,27/08/2020,Thai Poultry Veterinary Association,,,,,
Achievements,98898,41335,Health & Safety Short Course,,24/11/2016,24/11/2016,24/11/2021,Thai Poultry Veterinary Association,,,,,
Achievements,98898,41336,Hygiene & Biosecurity Short Course,,28/08/2015,28/08/2015,28/08/2020,Thai Poultry Veterinary Association,,,,,
Achievements,98898,41337,Manual Handling Short Course,,28/08/2015,28/08/2015,28/08/2020,Thai Poultry Veterinary Association,,,,,
Achievements,98898,41338,Poultry Welfare Short Course,,27/08/2015,27/08/2015,27/08/2020,Thai Poultry Veterinary Association,,,,,
Achievements,94464,41335,Health & Safety Short Course,,25/10/2016,25/10/2016,25/10/2021,Thai Poultry Veterinary Association,,,,,
Achievements,94464,41336,Hygiene & Biosecurity Short Course,,28/08/2015,28/08/2015,28/08/2020,Thai Poultry Veterinary Association,,,,,
Achievements,94464,41337,Manual Handling Short Course,,28/08/2015,28/08/2015,28/08/2020,Thai Poultry Veterinary Association,,,,,
Achievements,94464,41338,Poultry Welfare Short Course,,17/09/2015,17/09/2015,17/09/2020,Thai Poultry Veterinary Association,,,,,
Achievements,94467,41335,Health & Safety Short Course,,25/10/2016,25/10/2016,25/10/2021,Thai Poultry Veterinary Association,,,,,
Achievements,94467,41336,Hygiene & Biosecurity Short Course,,18/09/2015,18/09/2015,18/09/2020,Thai Poultry Veterinary Association,,,,,
Achievements,94467,41337,Manual Handling Short Course,,18/09/2015,18/09/2015,18/09/2020,Thai Poultry Veterinary Association,,,,,
Achievements,94467,41338,Poultry Welfare Short Course,,17/09/2015,17/09/2015,17/09/2020,Thai Poultry Veterinary Association,,,,,
Achievements,94467,41341,First Aid Qualification,,02/06/2017,02/06/2017,02/06/2022,Heart Foundation Under Royal Patronage,,,,,
Achievements,94467,41342,Level 3 Diploma in Work-based Agriculture or Equivalent,,06/03/2005,06/03/2005,,Rajamangala University of Technology Tawan-ok,,,,,
Achievements,104726,41335,Health & Safety Short Course,,24/11/2016,24/11/2016,24/11/2021,Thai Poultry Veterinary Association,,,,,
Achievements,104726,41336,Hygiene & Biosecurity Short Course,,26/07/2017,26/07/2017,26/07/2022,Thai Poultry Veterinary Association,,,,,
Achievements,104726,41337,Manual Handling Short Course,,26/07/2017,26/07/2017,26/07/2022,Thai Poultry Veterinary Association,,,,,
Achievements,104726,41338,Poultry Welfare Short Course,,27/07/2017,27/07/2017,27/07/2022,Thai Poultry Veterinary Association,,,,,
Achievements,104726,41341,First Aid Qualification,,02/06/2017,02/06/2017,02/06/2022,The Heart Foundation,,,,,
Achievements,104726,41342,Level 3 Diploma in Work-based Agriculture or Equivalent,,01/08/2014,01/08/2014,,Rajamangala University,,,,,
Achievements,94470,41335,Health & Safety Short Course,,25/10/2016,25/10/2016,25/10/2021,Thai Poultry Veterinary Association,,,,,
Achievements,94470,41336,Hygiene & Biosecurity Short Course,,13/11/2015,13/11/2015,13/11/2020,Thai Poultry Veterinary Association,,,,,
Achievements,94470,41337,Manual Handling Short Course,,13/11/2015,13/11/2015,13/11/2020,Thai Poultry Veterinary Association,,,,,
Achievements,94470,41338,Poultry Welfare Short Course,,12/11/2015,12/11/2015,12/11/2020,Thai Poultry Veterinary Association,,,,,
Achievements,94471,41335,Health & Safety Short Course,,25/10/2016,25/10/2016,25/10/2021,Thai Poultry Veterinary Association,,,,,
Achievements,94471,41336,Hygiene & Biosecurity Short Course,,28/08/2015,28/08/2015,28/08/2020,Thai Poultry Veterinary Association,,,,,
Achievements,94471,41337,Manual Handling Short Course,,28/08/2015,28/08/2015,28/08/2020,Thai Poultry Veterinary Association,,,,,
Achievements,94471,41338,Poultry Welfare Short Course,,27/08/2015,27/08/2015,27/08/2020,Thai Poultry Veterinary Association,,,,,
Achievements,94471,41341,First Aid Qualification,,02/06/2017,02/06/2017,02/06/2020,Heart Foundation,,,,,
Achievements,94471,41342,Level 3 Diploma in Work-based Agriculture or Equivalent,,18/03/2010,18/03/2010,,Khonkean University,,,,,
Achievements,94473,41335,Health & Safety Short Course,,24/11/2016,24/11/2016,24/11/2021,Thai Poultry Veterinary Association,,,,,
Achievements,94473,41336,Hygiene & Biosecurity Short Course,,28/08/2015,28/08/2015,28/08/2020,Thai Poultry Veterinary Association,,,,,
Achievements,94473,41337,Manual Handling Short Course,,28/08/2015,28/08/2015,28/08/2020,Thai Poultry Veterinary Association,,,,,
Achievements,94473,41338,Poultry Welfare Short Course,,27/08/2015,27/08/2015,27/08/2020,Thai Poultry Veterinary Association,,,,,
Achievements,95801,41335,Health & Safety Short Course,,24/11/2016,24/11/2016,24/11/2021,Thai Poultry Veterinary Association,,,,,
Achievements,95801,41336,Hygiene & Biosecurity Short Course,,12/11/2015,12/11/2015,12/11/2020,Thai Poultry Veterinary Association,,,,,
Achievements,95801,41337,Manual Handling Short Course,,13/11/2015,13/11/2015,13/11/2020,Thai Poultry Veterinary Association,,,,,
Achievements,95801,41338,Poultry Welfare Short Course,,12/11/2015,12/11/2015,12/11/2020,Thai Poultry Veterinary Association,,,,,
Achievements,95801,41341,First Aid Qualification,,07/09/2016,07/09/2016,07/09/2021,Thai Red Cross Society,,,,,
Achievements,94483,41335,Health & Safety Short Course,,27/07/2017,27/07/2017,27/07/2022,Thai Poultry Veterinary Association,,,,,
Achievements,94483,41336,Hygiene & Biosecurity Short Course,,26/07/2017,26/07/2017,26/07/2022,Thai Poultry Veterinary Association,,,,,
Achievements,94483,41337,Manual Handling Short Course,,26/07/2017,26/07/2017,26/07/2022,Thai Poultry Veterinary Association,,,,,
Achievements,94483,41338,Poultry Welfare Short Course,,27/07/2017,27/07/2017,27/07/2022,Thai Poultry Veterinary Association,,,,,
Achievements,94483,41341,First Aid Qualification,,28/05/2015,28/05/2015,28/05/2020,Thai Red Cross,,,,,
Achievements,94489,41335,Health & Safety Short Course,,29/09/2016,29/09/2016,29/09/2021,Thai Poultry Veterinary Association,,,,,
Achievements,94489,41336,Hygiene & Biosecurity Short Course,,17/06/2016,17/06/2016,17/06/2021,Thai Poultry Veterinary Association,,,,,
Achievements,94489,41337,Manual Handling Short Course,,17/06/2016,17/06/2016,17/06/2021,Thai Poultry Veterinary Association,,,,,
Achievements,94489,41338,Poultry Welfare Short Course,,16/06/2016,16/06/2016,16/06/2021,Thai Poultry Veterinary Association,,,,,
Achievements,94489,41341,First Aid Qualification,,07/09/2016,07/09/2016,07/09/2021,Thai Red Cross Society,,,,,
Achievements,94490,41335,Health & Safety Short Course,,29/09/2016,29/09/2016,29/09/2021,Thai Poultry Veterinary Association,,,,,
Achievements,94490,41336,Hygiene & Biosecurity Short Course,,17/06/2016,17/06/2016,17/06/2021,Thai Poultry Veterinary Association,,,,,
Achievements,94490,41337,Manual Handling Short Course,,17/06/2016,17/06/2016,17/06/2021,Thai Poultry Veterinary Association,,,,,
Achievements,94490,41338,Poultry Welfare Short Course,,16/06/2016,16/06/2016,16/06/2021,Thai Poultry Veterinary Association,,,,,
Achievements,94490,41341,First Aid Qualification,,28/05/2015,28/05/2015,28/05/2020,Thai Red Cross Society,,,,,
Achievements,94490,,Bachelor of Engineering (Chemical Engineering),,25/03/2010,25/03/2010,,Thammasat University,,,,,
Achievements,94499,41335,Health & Safety Short Course,,25/10/2016,25/10/2016,25/10/2021,Thai Poultry Veterinary Association,,,,,
Achievements,94499,41336,Hygiene & Biosecurity Short Course,,17/06/2016,17/06/2016,17/06/2021,Thai Poultry Veterinary Association,,,,,
Achievements,94499,41337,Manual Handling Short Course,,17/06/2016,17/06/2016,17/06/2021,Thai Poultry Veterinary Association,,,,,
Achievements,94499,41338,Poultry Welfare Short Course,,16/06/2016,16/06/2016,16/06/2021,Thai Poultry Veterinary Association,,,,,
Achievements,94499,41341,First Aid Qualification,,07/09/2016,07/09/2016,07/09/2021,Thai Red Cross Society,,,,,
Achievements,94500,41335,Health & Safety Short Course,,25/10/2016,25/10/2016,25/10/2021,Thai Poultry Veterinary Association,,,,,
Achievements,94500,41336,Hygiene & Biosecurity Short Course,,17/06/2016,17/06/2016,17/06/2021,Thai Poultry Veterinary Association,,,,,
Achievements,94500,41337,Manual Handling Short Course,,17/06/2016,17/06/2016,17/06/2021,Thai Poultry Veterinary Association,,,,,
Achievements,94500,41338,Poultry Welfare Short Course,,16/06/2016,16/06/2016,16/06/2021,Thai Poultry Veterinary Association,,,,,
Achievements,94500,41341,First Aid Qualification,,07/09/2016,07/09/2016,07/09/2021,Thai Red Cross Society,,,,,
Achievements,94501,41335,Health & Safety Short Course,,29/09/2016,29/09/2016,29/09/2021,Thai Poultry Veterinary Association,,,,,
Achievements,94501,41336,Hygiene & Biosecurity Short Course,,17/06/2016,17/06/2016,17/06/2021,Thai Poultry Veterinary Association,,,,,
Achievements,94501,41337,Manual Handling Short Course,,17/06/2016,17/06/2016,17/06/2021,Thai Poultry Veterinary Association,,,,,
Achievements,94501,41338,Poultry Welfare Short Course,,16/06/2016,16/06/2016,16/06/2021,Thai Poultry Veterinary Association,,,,,
Achievements,94501,41341,First Aid Qualification,,07/09/2016,07/09/2016,07/09/2021,Thai Red Cross Society,,,,,
Achievements,94504,41335,Health & Safety Short Course,,27/07/2017,27/07/2017,27/07/2022,Thai Poultry Veterinary Association,,,,,
Achievements,94504,41336,Hygiene & Biosecurity Short Course,,13/11/2016,13/11/2016,13/11/2021,Thai Poultry Veterinary Association,,,,,
Achievements,94504,41337,Manual Handling Short Course,,13/11/2016,13/11/2016,13/11/2021,Thai Poultry Veterinary Association,,,,,
Achievements,94504,41338,Poultry Welfare Short Course,,12/11/2016,12/11/2016,12/11/2021,Thai Poultry Veterinary Association,,,,,
Achievements,94504,41341,First Aid Qualification,,02/06/2017,02/06/2017,02/06/2022,Thai Red Cross,,,,,
Achievements,94505,41335,Health & Safety Short Course,,27/07/2017,27/07/2017,27/07/2022,Thai Poultry Veterinary Association,,,,,
Achievements,94505,41336,Hygiene & Biosecurity Short Course,,18/09/2015,18/09/2015,18/09/2020,Thai Poultry Veterinary Association,,,,,
Achievements,94505,41337,Manual Handling Short Course,,18/09/2015,18/09/2015,18/09/2020,Thai Poultry Veterinary Association,,,,,
Achievements,94505,41338,Poultry Welfare Short Course,,12/11/2015,12/11/2015,12/11/2020,Thai Poultry Veterinary Association,,,,,
Achievements,94505,41341,First Aid Qualification,,07/07/2016,07/07/2016,07/07/2021,Thai Red Cross,,,,,
Achievements,104991,41335,Health & Safety Short Course,,27/07/2017,27/07/2017,27/07/2022,Thai Poultry Veterinary Association,,,,,
Achievements,104991,41336,Hygiene & Biosecurity Short Course,,26/07/2017,26/07/2017,26/07/2022,Thai Poultry Veterinary Association,,,,,
Achievements,104991,41337,Manual Handling Short Course,,26/07/2017,26/07/2017,26/07/2022,Thai Poultry Veterinary Association,,,,,
Achievements,104991,41338,Poultry Welfare Short Course,,27/07/2017,27/07/2017,27/07/2022,Thai Poultry Veterinary Association,,,,,
Achievements,104991,41341,First Aid Qualification,,07/07/2016,07/07/2016,07/07/2021,Thai Red Cross,,,,,
Achievements,104976,41335,Health & Safety Short Course,,25/10/2016,25/10/2016,25/10/2021,Thai Poultry Veterinary Association,,,,,
Achievements,104976,41336,Hygiene & Biosecurity Short Course,,17/06/2016,17/06/2016,17/06/2021,Thai Poultry Veterinary Association,,,,,
Achievements,104976,41337,Manual Handling Short Course,,17/06/2016,17/06/2016,17/06/2021,Thai Poultry Veterinary Association,,,,,
Achievements,104976,41338,Poultry Welfare Short Course,,16/06/2016,16/06/2016,16/06/2021,Thai Poultry Veterinary Association,,,,,
Achievements,104976,41341,First Aid Qualification,,07/09/2016,07/09/2016,07/09/2021,Thai Red Cross,,,,,
Achievements,94513,41335,Health & Safety Short Course,,29/09/2016,29/09/2016,29/09/2021,Thai Poultry Veterinary Association,,,,,
Achievements,94513,41336,Hygiene & Biosecurity Short Course,,17/06/2016,17/06/2016,17/06/2021,Thai Poultry Veterinary Association,,,,,
Achievements,94513,41337,Manual Handling Short Course,,17/06/2016,17/06/2016,17/06/2021,Thai Poultry Veterinary Association,,,,,
Achievements,94513,41338,Poultry Welfare Short Course,,16/06/2016,16/06/2016,16/06/2021,Thai Poultry Veterinary Association,,,,,
Achievements,94513,41341,First Aid Qualification,,28/05/2015,28/05/2015,28/05/2020,Thai Red Cross Society,,,,,
Achievements,94515,41335,Health & Safety Short Course,,25/10/2016,25/10/2016,25/10/2021,Thai Poultry Veterinary Association,,,,,
Achievements,94515,41336,Hygiene & Biosecurity Short Course,,25/03/2015,25/03/2015,25/03/2020,Thai Poultry Veterinary Association,,,,,
Achievements,94515,41337,Manual Handling Short Course,,25/03/2015,25/03/2015,25/03/2020,Thai Poultry Veterinary Association,,,,,
Achievements,94515,41338,Poultry Welfare Short Course,,24/03/2015,24/03/2015,24/03/2020,Thai Poultry Veterinary Association,,,,,
Achievements,94515,41341,First Aid Qualification,,07/09/2016,07/09/2016,07/09/2021,Thai Red Cross Society,,,,,
Achievements,94516,41335,Health & Safety Short Course,,29/09/2016,29/09/2016,29/09/2021,Thai Poultry Veterinary Association,,,,,
Achievements,94516,41336,Hygiene & Biosecurity Short Course,,17/06/2016,17/06/2016,17/06/2021,Thai Poultry Veterinary Association,,,,,
Achievements,94516,41337,Manual Handling Short Course,,17/06/2016,17/06/2016,17/06/2021,Thai Poultry Veterinary Association,,,,,
Achievements,94516,41338,Poultry Welfare Short Course,,16/06/2016,16/06/2016,16/06/2021,Thai Poultry Veterinary Association,,,,,
Achievements,94516,41341,First Aid Qualification,,28/05/2015,28/05/2015,28/05/2020,Thai Red Cross Society,,,,,
Achievements,104966,41335,Health & Safety Short Course,,27/07/2017,27/07/2017,27/07/2022,Thai Poultry Veterinary Association,,,,,
Achievements,104966,41336,Hygiene & Biosecurity Short Course,,26/07/2017,26/07/2017,26/07/2022,Thai Poultry Veterinary Association,,,,,
Achievements,104966,41337,Manual Handling Short Course,,26/07/2017,26/07/2017,26/07/2022,Thai Poultry Veterinary Association,,,,,
Achievements,104966,41338,Poultry Welfare Short Course,,27/07/2017,27/07/2017,27/07/2022,Thai Poultry Veterinary Association,,,,,
Achievements,104966,41341,First Aid Qualification,,02/06/2017,02/06/2017,02/06/2022,Thai Red Cross,,,,,
Achievements,94519,41335,Health & Safety Short Course,,29/09/2016,29/09/2016,29/09/2021,Thai Poultry Veterinary Association,,,,,
Achievements,94519,41336,Hygiene & Biosecurity Short Course,,28/08/2015,28/08/2015,28/08/2020,Thai Poultry Veterinary Association,,,,,
Achievements,94519,41337,Manual Handling Short Course,,28/08/2015,28/08/2015,28/08/2020,Thai Poultry Veterinary Association,,,,,
Achievements,94519,41338,Poultry Welfare Short Course,,27/08/2015,27/08/2015,27/08/2020,Thai Poultry Veterinary Association,,,,,
Achievements,94519,41341,First Aid Qualification,,06/09/2016,06/09/2016,06/09/2021,Srimahaphot Hospital,,,,,
Achievements,94520,,Safety Officer at Manager Level,,15/09/2011,15/09/2011,15/09/2016,Jith Munkong Co Ltd,,,,,
Achievements,94520,,Animal Husbandry,,26/06/2010,26/06/2010,26/06/2015,The Animal Husbandry Association of Thailand,,,,,
Achievements,94520,,Compartment Management of Poultry for Agriculturist,,11/05/2012,11/05/2012,11/05/2017,Department of Livestock Development,,,,,
Achievements,94520,,GAP of Poultry for Agriculturist,,11/05/2012,11/05/2012,11/05/2017,Department of Livestock Development,,,,,
Achievements,94520,41336,Hygiene & Biosecurity Short Course,,18/09/2015,18/09/2015,18/09/2020,Thai Poultry Veterinary Association,,,,,
Achievements,94520,41337,Manual Handling Short Course,,18/09/2015,18/09/2015,18/09/2020,Thai Poultry Veterinary Association,,,,,
Achievements,94520,41338,Poultry Welfare Short Course,,17/09/2015,17/09/2015,17/09/2020,Thai Poultry Veterinary Association,,,,,
Achievements,94520,41342,Level 3 Diploma in Work-based Agriculture or Equivalent,,15/03/1999,15/03/1999,,Maejo University,,,,,
Achievements,94520,41335,Health & Safety Short Course,,25/10/2016,25/10/2016,25/10/2021,Thai Poultry Veterinary Association,,,,,
Achievements,94520,41336,Hygiene & Biosecurity Short Course,,18/09/2015,18/09/2015,18/09/2020,Thai Poultry Veterinary Association,,,,,
Achievements,94520,41337,Manual Handling Short Course,,18/09/2015,18/09/2015,18/09/2020,Thai Poultry Veterinary Association,,,,,
Achievements,94520,41338,Poultry Welfare Short Course,,17/09/2015,17/09/2015,17/09/2020,Thai Poultry Veterinary Association,,,,,
Achievements,94520,41341,First Aid Qualification,,17/08/2016,17/08/2016,17/08/2021,Srimahaphot Hospital,,,,,
Achievements,94521,,Safety Officer at Supervisor Level,,03/06/2008,03/06/2008,03/06/2013,Kongjitman Consultant Academic and Training Co Ltd,,,,,
Achievements,94521,41336,Hygiene & Biosecurity Short Course,,08/07/2015,08/07/2015,08/07/2020,Thai Poultry Veterinary Association,,,,,
Achievements,94521,41337,Manual Handling Short Course,,08/07/2015,08/07/2015,08/07/2020,Thai Poultry Veterinary Association,,,,,
Achievements,94521,41338,Poultry Welfare Short Course,,07/07/2015,07/07/2015,07/07/2020,Thai Poultry Veterinary Association,,,,,
Achievements,94521,41342,Level 3 Diploma in Work-based Agriculture or Equivalent,,29/04/2005,29/04/2005,,Rajamangala University of Technology,,,,,
Achievements,94521,41336,Hygiene & Biosecurity Short Course,,08/07/2015,08/07/2015,08/07/2020,Thai Poultry Veterinary Association,,,,,
Achievements,94521,41337,Manual Handling Short Course,,08/07/2015,08/07/2015,08/07/2020,Thai Poultry Veterinary Association,,,,,
Achievements,94521,41338,Poultry Welfare Short Course,,07/07/2015,07/07/2015,07/07/2020,Thai Poultry Veterinary Association,,,,,
Achievements,94521,41341,First Aid Qualification,,17/08/2016,17/08/2016,17/08/2021,Srimahaphot Hospital,,,,,
Achievements,94522,,Compartment Management of Poultry for Agriculturist,,11/05/2012,11/05/2012,11/05/2017,Department of Livestock Development,,,,,
Achievements,94522,,GAP of Poultry for Agriculturist,,11/05/2012,11/05/2012,11/05/2017,Department of Livestock Development,,,,,
Achievements,94522,,HACCP,,07/11/2010,07/11/2010,07/11/2015,CPF Public Company,,,,,
Achievements,94522,,Internal Quality Audit,,11/10/2010,11/10/2010,11/10/2015,CPF Public Company,,,,,
Achievements,94522,,Product Sustainability Awareness,,15/08/2013,15/08/2013,15/08/2018,CPF Public Company,,,,,
Achievements,94522,,Compartment Management of Poultry for Agriculturist,,11/05/2012,11/05/2012,11/05/2017,Department of Livestock Development,,,,,
Achievements,94522,,Good Agricultural Practice,,07/11/2010,07/11/2010,07/11/2015,CPF Public Company,,,,,
Achievements,94522,,Safety Officer at Supervisor Level,,11/08/2011,11/08/2011,11/08/2016,Pinthong Group Provider of Ministry of Labour,,,,,
Achievements,94522,41336,Hygiene & Biosecurity Short Course,,28/08/2015,28/08/2015,28/08/2020,Thai Poultry Veterinary Association,,,,,
Achievements,94522,41337,Manual Handling Short Course,,28/08/2015,28/08/2015,28/08/2020,Thai Poultry Veterinary Association,,,,,
Achievements,94522,41338,Poultry Welfare Short Course,,27/08/2015,27/08/2015,27/08/2020,Thai Poultry Veterinary Association,,,,,
Achievements,94522,41342,Level 3 Diploma in Work-based Agriculture or Equivalent,,18/03/2010,18/03/2010,,Khon Kaen University,,,,,
Achievements,94522,41335,Health & Safety Short Course,,25/10/2016,25/10/2016,25/10/2021,Thai Poultry Veterinary Association,,,,,
Achievements,94522,41336,Hygiene & Biosecurity Short Course,,28/08/2015,28/08/2015,28/08/2020,Thai Poultry Veterinary Association,,,,,
Achievements,94522,41337,Manual Handling Short Course,,28/08/2015,28/08/2015,28/08/2020,Thai Poultry Veterinary Association,,,,,
Achievements,94522,41338,Poultry Welfare Short Course,,27/08/2015,27/08/2015,27/08/2020,Thai Poultry Veterinary Association,,,,,
Achievements,94522,41341,First Aid Qualification,,17/08/2016,17/08/2016,17/08/2021,Srimahaphot Hospital,,,,,
Achievements,94523,,Compartment Manager,,21/06/2013,21/06/2013,20/06/2019,Department of Livestock Development,,,,,
Achievements,94523,,Safety Officer at Manager Level,,18/09/2008,18/09/2008,18/09/2013,Jith Munkong Co Ltd,,,,,
Achievements,94523,,Leg Weakness & Gait Score,,14/03/2005,15/03/2005,15/03/2010,Animal Welfare,,,,,
Achievements,94523,,Compartment Management of Poultry for Agriculturist,,10/01/2007,10/01/2007,10/01/2012,Department of Livestock Development,,,,,
Achievements,94523,41335,Health & Safety Short Course,,16/03/2005,16/03/2005,16/03/2010,Animal Welfare Training,,,,,
Achievements,94523,41336,Hygiene & Biosecurity Short Course,,18/09/2015,18/09/2015,18/09/2020,Thai Poultry Veterinary Association,,,,,
Achievements,94523,41337,Manual Handling Short Course,,18/09/2015,18/09/2015,18/09/2020,Thai Poultry Veterinary Association,,,,,
Achievements,94523,41338,Poultry Welfare Short Course,,17/09/2015,17/09/2015,17/09/2020,Thai Poultry Veterinary Association,,,,,
Achievements,94523,41335,Health & Safety Short Course,,29/09/2016,29/09/2016,29/09/2021,Thai Poultry Veterinary Association,,,,,
Achievements,94523,41336,Hygiene & Biosecurity Short Course,,18/09/2015,18/09/2015,18/09/2020,Thai Poultry Veterinary Association,,,,,
Achievements,94523,41337,Manual Handling Short Course,,18/09/2015,18/09/2015,18/09/2020,Thai Poultry Veterinary Association,,,,,
Achievements,94523,41338,Poultry Welfare Short Course,,17/09/2015,17/09/2015,17/09/2020,Thai Poultry Veterinary Association,,,,,
Achievements,94523,41341,First Aid Qualification,,06/09/2016,06/09/2016,06/09/2021,Srimahaphot Hospital,,,,,
Achievements,94525,,Safety Officer at Supervisor Level,,03/06/2008,03/06/2008,03/06/2013,Jith Munkong Co Ltd,,,,,
Achievements,94525,,Pest Control,,09/08/2005,09/08/2005,09/08/2010,Department of Health,,,,,
Achievements,94525,,GAP of Poultry for Agriculturist,,11/04/2006,11/04/2006,11/04/2011,Department of Livestock Development,,,,,
Achievements,94525,,Compartment Management of Poultry for Agriculturist,,09/01/2007,09/01/2007,09/01/2012,Department of Livestock Development,,,,,
Achievements,94525,,Safety Officer at Executive Level,,18/09/2008,18/09/2008,18/09/2013,Kongjitman Consultant Academic and Training Co Ltd,,,,,
Achievements,94525,41335,Health & Safety Short Course,,24/11/2016,24/11/2016,24/11/2021,Thai Poultry Veterinary Association,,,,,
Achievements,94525,41336,Hygiene & Biosecurity Short Course,,13/11/2015,13/11/2015,13/11/2020,Thai Poultry Veterinary Association,,,,,
Achievements,94525,41337,Manual Handling Short Course,,13/11/2015,13/11/2015,13/11/2020,Thai Poultry Veterinary Association,,,,,
Achievements,94525,41338,Poultry Welfare Short Course,,12/11/2015,12/11/2015,12/11/2020,Thai Poultry Veterinary Association,,,,,
Achievements,94525,41341,First Aid Qualification,,17/08/2016,17/08/2016,17/08/2021,Srimahaphot Hospital,,,,,
Achievements,94526,41335,Health & Safety Short Course,,25/11/2016,25/11/2016,25/11/2021,Thai Poultry Veterinary Association,,,,,
Achievements,94526,41336,Hygiene & Biosecurity Short Course,,18/09/2015,18/09/2015,18/09/2020,Thai Poultry Veterinary Association,,,,,
Achievements,94526,41337,Manual Handling Short Course,,18/09/2015,18/09/2015,18/09/2020,Thai Poultry Veterinary Association,,,,,
Achievements,94526,41338,Poultry Welfare Short Course,,17/09/2015,17/09/2015,17/09/2020,Thai Poultry Veterinary Association,,,,,
Achievements,94526,41341,First Aid Qualification,,06/09/2016,06/09/2016,06/09/2021,Srimahaphot Hospital,,,,,
Achievements,94526,41342,Level 3 Diploma in Work-based Agriculture or Equivalent,,23/03/1988,23/03/1988,,King Mongkut's Institute of Technology,,,,,
Achievements,94526,,GAP of Poultry for Agriculturist,,22/04/2008,22/04/2008,22/04/2013,Department of Livestock Development,,,,,
Achievements,94526,,Compartmentalisation of Poultry,,10/01/2007,10/01/2007,10/01/2012,Department of Livestock Development,,,,,
Achievements,94526,,Safety Officer at Executive Level,,18/09/2008,18/09/2008,18/09/2013,Kongjitman Consultant Academic and Training Co Ltd,,,,,
Achievements,94527,,Safety Officer at Executive Level,,18/09/2008,18/09/2008,18/09/2013,Congjitman Consultant Academic and Training Co Ltd,,,,,
Achievements,94527,41335,Health & Safety Short Course,,25/10/2016,25/10/2016,25/10/2021,Thai Poultry Veterinary Association,,,,,
Achievements,94527,41336,Hygiene & Biosecurity Short Course,,28/08/2015,28/08/2015,28/08/2020,Thai Poultry Veterinary Association,,,,,
Achievements,94527,41337,Manual Handling Short Course,,28/08/2015,28/08/2015,28/08/2020,Thai Poultry Veterinary Association,,,,,
Achievements,94527,41338,Poultry Welfare Short Course,,27/08/2015,27/08/2015,27/08/2020,Thai Poultry Veterinary Association,,,,,
Achievements,94527,41341,First Aid Qualification,,17/08/2016,17/08/2016,17/08/2021,Srimahaphot Hospital,,,,,
Achievements,94527,41342,Level 3 Diploma in Work-based Agriculture or Equivalent,,01/06/1993,01/06/1993,,Rajamangala Institute of Technology,,,,,
Achievements,94528,,Compartment Management of Poultry for Agriculturist,,11/05/2012,11/05/2012,11/05/2017,Department of Livestock Development,,,,,
Achievements,94528,,GAP of Poultry for Agriculturist,,11/05/2012,11/05/2012,11/05/2017,Department of Livestock Development,,,,,
Achievements,94528,41336,Hygiene & Biosecurity Short Course,,28/08/2015,28/08/2015,28/08/2020,Thai Poultry Veterinary Association,,,,,
Achievements,94528,41337,Manual Handling Short Course,,28/08/2015,28/08/2015,28/08/2020,Thai Poultry Veterinary Association,,,,,
Achievements,94528,41338,Poultry Welfare Short Course,,27/08/2015,27/08/2015,27/08/2020,Thai Poultry Veterinary Association,,,,,
Achievements,94528,41342,Level 3 Diploma in Work-based Agriculture or Equivalent,,10/03/2002,10/03/2002,,Rajamangala University of Technology,,,,,
Achievements,94528,41335,Health & Safety Short Course,,29/09/2016,29/09/2016,29/09/2021,Thai Poultry Veterinary Association,,,,,
Achievements,94528,41336,Hygiene & Biosecurity Short Course,,28/08/2015,28/08/2015,28/08/2020,Thai Poultry Veterinary Association,,,,,
Achievements,94528,41337,Manual Handling Short Course,,28/08/2015,28/08/2015,28/08/2020,Thai Poultry Veterinary Association,,,,,
Achievements,94528,41338,Poultry Welfare Short Course,,27/08/2015,27/08/2015,27/08/2020,Thai Poultry Veterinary Association,,,,,
Achievements,94528,41341,First Aid Qualification,,06/09/2016,06/09/2016,06/09/2021,Srimahaphot Hospital,,,,,
Achievements,94529,,GAP of Poultry for Agriculturist,,14/01/2003,14/01/2003,14/01/2008,Department of Livestock Development,,,,,
Achievements,94529,,Pest Control,,14/02/2007,14/02/2007,14/02/2012,Department of Health,,,,,
Achievements,94529,,Power Base plus Tactics for Listening,,01/10/2007,01/02/2008,01/02/2013,Empower,,,,,
Achievements,94529,,Compartment Management of Poultry for Agriculturist,,09/01/2007,09/01/2007,09/01/2012,Department of Livestock Development,,,,,
Achievements,94529,41336,Hygiene & Biosecurity Short Course,,08/07/2015,08/07/2015,08/07/2020,Thai Poultry Veterinary Assocation,,,,,
Achievements,94529,41337,Manual Handling Short Course,,08/07/2015,08/07/2015,08/07/2020,Thai Poultry Veterinary Assocation,,,,,
Achievements,94529,41338,Poultry Welfare Short Course,,07/07/2015,07/07/2015,07/07/2020,Thai Poultry Veterinary Assocation,,,,,
Achievements,94529,41335,Health & Safety Short Course,,25/10/2016,25/10/2016,25/10/2021,Thai Poultry Veterinary Association,,,,,
Achievements,94529,41336,Hygiene & Biosecurity Short Course,,08/07/2015,08/07/2015,08/07/2020,Thai Poultry Veterinary Association,,,,,
Achievements,94529,41337,Manual Handling Short Course,,08/07/2015,08/07/2015,08/07/2020,Thai Poultry Veterinary Association,,,,,
Achievements,94529,41338,Poultry Welfare Short Course,,07/07/2015,07/07/2015,07/07/2020,Thai Poultry Veterinary Association,,,,,
Achievements,94529,41341,First Aid Qualification,,17/08/2016,17/08/2016,17/08/2021,Srimahaphot Hospital,,,,,
Achievements,94530,,GAP of Poultry for Agriculturist,,24/04/2014,24/04/2014,24/04/2019,Department of Livestock Development,,,,,
Achievements,94530,,Safety Officer at Supervisor Level,,17/05/2013,17/05/2013,17/05/2018,CPF Training Center,,,,,
Achievements,94530,41335,Health & Safety Short Course,,07/01/2014,07/01/2014,07/01/2019,Animal Welfare Training,,,,,
Achievements,94530,41336,Hygiene & Biosecurity Short Course,,08/07/2015,08/07/2015,08/07/2020,Thai Poultry Veterinary Association,,,,,
Achievements,94530,41337,Manual Handling Short Course,,08/07/2015,08/07/2015,08/07/2020,Thai Poultry Veterinary Association,,,,,
Achievements,94530,41338,Poultry Welfare Short Course,,07/07/2015,07/07/2015,07/07/2020,Thai Poultry Veterinary Association,,,,,
Achievements,94530,41342,Level 3 Diploma in Work-based Agriculture or Equivalent,,11/03/2003,11/03/2003,,Chiang Mai University,,,,,
Achievements,94530,41335,Health & Safety Short Course,,24/11/2016,24/11/2016,24/11/2021,Thai Poultry Veterinary Association,,,,,
Achievements,94530,41336,Hygiene & Biosecurity Short Course,,08/07/2015,08/07/2015,08/07/2020,Thai Poultry Veterinary Association,,,,,
Achievements,94530,41337,Manual Handling Short Course,,08/07/2015,08/07/2015,08/07/2020,Thai Poultry Veterinary Association,,,,,
Achievements,94530,41338,Poultry Welfare Short Course,,07/07/2015,07/07/2015,07/07/2020,Thai Poultry Veterinary Association,,,,,
Achievements,94530,41341,First Aid Qualification,,06/09/2016,06/09/2016,06/09/2021,Srimahaphot Hospital,,,,,
Achievements,94530,41342,Level 3 Diploma in Work-based Agriculture or Equivalent,,11/03/2003,11/03/2003,,Chiang Mai University,,,,,
Achievements,94531,,GAP of Poultry for Agriculturist,,12/05/2004,12/05/2004,12/05/2009,Department of Livestock Development,,,,,
Achievements,94531,,Compartment Management of Poultry for Agriculturist,,10/01/2007,10/01/2007,10/01/2012,Department of Livestock Development,,,,,
Achievements,94531,,Pest Control,,14/02/2007,14/02/2007,14/02/2012,Department of Health,,,,,
Achievements,94531,41336,Hygiene & Biosecurity Short Course,,18/09/2015,18/09/2015,18/09/2020,Thai Poultry Veterinary Assocation,,,,,
Achievements,94531,41337,Manual Handling Short Course,,18/09/2015,18/09/2015,18/09/2020,Thai Poultry Veterinary Assocation,,,,,
Achievements,94531,41338,Poultry Welfare Short Course,,17/09/2015,17/09/2015,17/09/2020,Thai Poultry Veterinary Assocation,,,,,
Achievements,94531,41335,Health & Safety Short Course,,25/10/2016,25/10/2016,25/10/2021,Thai Poultry Veterinary Association,,,,,
Achievements,94531,41336,Hygiene & Biosecurity Short Course,,18/09/2015,18/09/2015,18/09/2020,Thai Poultry Veterinary Association,,,,,
Achievements,94531,41337,Manual Handling Short Course,,18/09/2015,18/09/2015,18/09/2020,Thai Poultry Veterinary Association,,,,,
Achievements,94531,41338,Poultry Welfare Short Course,,17/09/2015,17/09/2015,17/09/2020,Thai Poultry Veterinary Association,,,,,
Achievements,94531,41341,First Aid Qualification,,06/09/2016,06/09/2016,06/09/2021,Srimahaphot Hospital,,,,,
Achievements,94533,41335,Health & Safety Short Course,,25/10/2016,25/10/2016,25/10/2021,Thai Poultry Veterinary Association,,,,,
Achievements,94533,41336,Hygiene & Biosecurity Short Course,,18/09/2015,18/09/2015,18/09/2020,Thai Poultry Veterinary Association,,,,,
Achievements,94533,41337,Manual Handling Short Course,,18/09/2015,18/09/2015,18/09/2020,Thai Poultry Veterinary Association,,,,,
Achievements,94533,41338,Poultry Welfare Short Course,,17/09/2015,17/09/2015,17/09/2020,Thai Poultry Veterinary Association,,,,,
Achievements,94533,41341,First Aid Qualification,,06/09/2016,06/09/2016,06/09/2021,Srimahaphot Hospital,,,,,
Achievements,94533,41342,Level 3 Diploma in Work-based Agriculture or Equivalent,,15/03/2013,15/03/2013,,Khon Kaen University,,,,,
Achievements,94534,,Compartment Manager,,21/06/2013,21/06/2013,20/06/2016,Department of Livestock Development,,,,,
Achievements,94534,,Compartment Management of Poultry for Agriculturist,,09/01/2007,09/01/2007,09/01/2012,Department of Livestock Development,,,,,
Achievements,94534,,GAP of Poultry for Agriculturist,,19/04/2007,19/04/2007,19/04/2012,Department of Livestock Development,,,,,
Achievements,94534,,Chicken Disease and Prevention Control,,19/10/2010,19/10/2010,19/10/2015,Chulalongkorn University,,,,,
Achievements,94534,,Poultry Welfare Officer,,07/03/2007,08/03/2007,08/03/2012,Animal Welfare Training,,,,,
Achievements,94534,,Pest Control,,09/08/2005,09/08/2005,09/08/2010,Department of Health,,,,,
Achievements,94534,,Safety Offier at manager Level,,18/09/2008,18/09/2008,18/09/2013,Jith Munkong Co Ltd,,,,,
Achievements,94534,41336,Hygiene & Biosecurity Short Course,,25/03/2015,25/03/2015,25/03/2020,Thai Poultry Veterinary Association,,,,,
Achievements,94534,41337,Manual Handling Short Course,,25/03/2015,25/03/2015,25/03/2020,Thai Poultry Veterinary Association,,,,,
Achievements,94534,41338,Poultry Welfare Short Course,,24/03/2015,24/03/2015,24/03/2020,Thai Poultry Veterinary Association,,,,,
Achievements,94534,41342,Level 3 Diploma in Work-based Agriculture or Equivalent,,21/07/1998,21/07/1998,,Maejo University,,,,,
Achievements,94534,41336,Hygiene & Biosecurity Short Course,,25/03/2015,25/03/2015,25/03/2020,Thai Poultry Veterinary Association,,,,,
Achievements,94534,41337,Manual Handling Short Course,,25/03/2015,25/03/2015,25/03/2020,Thai Poultry Veterinary Association,,,,,
Achievements,94534,41338,Poultry Welfare Short Course,,24/03/2015,24/03/2015,24/03/2020,Thai Poultry Veterinary Association,,,,,
Achievements,94534,41341,First Aid Qualification,,06/09/2016,06/09/2016,06/09/2021,Srimahaphot Hospital,,,,,
Achievements,94537,,GAP of Poultry for Agriculturist,,11/05/2012,11/05/2012,11/05/2017,Department of Livestock Development,,,,,
Achievements,94537,,Compartment Management of Poultry for Agriculturist,,11/05/2012,11/05/2012,11/05/2017,Department of Livestock Development,,,,,
Achievements,94537,,Safety Officer at Manager Level,,18/09/2008,18/09/2008,18/09/2013,Jith Munkong Co Ltd,,,,,
Achievements,94537,,Leg Weakness & Gait Score,,14/03/2005,14/03/2005,14/03/2010,Animal Welfare Training,,,,,
Achievements,94537,41336,Hygiene & Biosecurity Short Course,,25/03/2015,25/03/2015,25/03/2020,Thai Poultry Veterinary Association,,,,,
Achievements,94537,41337,Manual Handling Short Course,,25/03/2015,25/03/2015,25/03/2020,Thai Poultry Veterinary Association,,,,,
Achievements,94537,41338,Poultry Welfare Short Course,,24/03/2015,24/03/2015,24/03/2020,Thai Poultry Veterinary Association,,,,,
Achievements,94537,41342,Level 3 Diploma in Work-based Agriculture or Equivalent,,31/03/2003,31/03/2003,,Khon Kaen University,,,,,
Achievements,94537,41335,Health & Safety Short Course,,25/10/2016,25/10/2016,25/10/2021,Thai Poultry Veterinary Association,,,,,
Achievements,94537,41336,Hygiene & Biosecurity Short Course,,25/03/2015,25/03/2015,25/03/2020,Thai Poultry Veterinary Association,,,,,
Achievements,94537,41337,Manual Handling Short Course,,25/03/2015,25/03/2015,25/03/2020,Thai Poultry Veterinary Association,,,,,
Achievements,94537,41338,Poultry Welfare Short Course,,24/03/2015,24/03/2015,24/03/2020,Thai Poultry Veterinary Association,,,,,
Achievements,94537,41341,First Aid Qualification,,06/09/2016,06/09/2016,06/09/2021,Srimahaphot Hospital,,,,,
Achievements,98905,41335,Health & Safety Short Course,,25/10/2016,25/10/2016,25/10/2021,Thai Poultry Veterinary Association,,,,,
Achievements,98905,41336,Hygiene & Biosecurity Short Course,,28/08/2015,28/08/2015,28/08/2020,Thai Poultry Veterinary Association,,,,,
Achievements,98905,41337,Manual Handling Short Course,,28/08/2015,28/08/2015,18/08/2020,Thai Poultry Veterinary Association,,,,,
Achievements,98905,41338,Poultry Welfare Short Course,,27/08/2015,27/08/2015,27/08/2020,Thai Poultry Veterinary Association,,,,,
Achievements,98905,41341,First Aid Qualification,,06/09/2016,06/09/2016,06/09/2021,Srimahaphot Hospital,,,,,
Achievements,98905,41342,Level 3 Diploma in Work-based Agriculture or Equivalent,,29/05/2015,29/05/2015,,King Mongkut's Institute of Technology,,,,,
Achievements,98905,,GAP of poultry for Agriculturist,,21/08/2015,21/08/2015,21/08/2020,Department of Livestock Development,,,,,
Achievements,94541,,GAP of Poultry Agriculturist,,11/05/2012,11/05/2012,11/05/2017,Department of Livestock Development,,,,,
Achievements,94541,,Compartment Management of Poultry for Agriculturist,,09/01/2007,09/01/2007,09/01/2012,Department of Livestock Development,,,,,
Achievements,94541,,Safety Officer at Supervisor Level,,19/09/2014,19/09/2014,19/09/2019,CPF Training Center,,,,,
Achievements,94541,41336,Hygiene & Biosecurity Short Course,,18/09/2015,18/09/2015,18/09/2020,Thai Poultry Veterinary Assocation,,,,,
Achievements,94541,41337,Manual Handling Short Course,,18/09/2015,18/09/2015,18/09/2020,Thai Poultry Veterinary Assocation,,,,,
Achievements,94541,41338,Poultry Welfare Short Course,,17/09/2015,17/09/2015,17/09/2020,Thai Poultry Veterinary Assocation,,,,,
Achievements,94541,41342,Level 3 Diploma in Work-based Agriculture or Equivalent,,10/03/2002,10/03/2002,,Rajamangala University of Technology,,,,,
Achievements,94541,41335,Health & Safety Short Course,,29/09/2016,29/09/2016,29/09/2021,Thai Poultry Veterinary Association,,,,,
Achievements,94541,41336,Hygiene & Biosecurity Short Course,,18/09/2015,18/09/2015,18/09/2020,Thai Poultry Veterinary Association,,,,,
Achievements,94541,41337,Manual Handling Short Course,,18/09/2015,18/09/2015,18/09/2020,Thai Poultry Veterinary Association,,,,,
Achievements,94541,41338,Poultry Welfare Short Course,,17/09/2015,17/09/2015,17/09/2020,Thai Poultry Veterinary Association,,,,,
Achievements,94541,41341,First Aid Qualification,,17/08/2016,17/08/2016,17/08/2021,Srimahaphot Hospital,,,,,
Achievements,94542,,Compartment Management of Poultry Farm for Agriculturist,,11/05/2012,11/05/2012,11/05/2017,Department of Livestock Development,,,,,
Achievements,94542,,GAP of Poultry Farm for Agriculturist,,11/01/2012,11/01/2012,11/01/2017,Department of Livestock Development,,,,,
Achievements,94542,,Safety Officer at Supervisor Level,,17/05/2013,17/05/2013,17/05/2018,CPF Training Center,,,,,
Achievements,94542,41336,Hygiene & Biosecurity Short Course,,08/07/2015,08/07/2015,08/07/2020,Thai Poultry Veterinary Assocation,,,,,
Achievements,94542,41337,Manual Handling Short Course,,08/07/2015,08/07/2015,08/07/2020,Thai Poultry Veterinary Assocation,,,,,
Achievements,94542,41338,Poultry Welfare Short Course,,07/07/2015,07/07/2015,07/07/2020,Thai Poultry Veterinary Assocation,,,,,
Achievements,94542,41342,Level 3 Diploma in Work-based Agriculture or Equivalent,,07/03/2011,07/03/2011,,Chiang Mai University,,,,,
Achievements,94542,41336,Hygiene & Biosecurity Short Course,,08/07/2015,08/07/2015,08/07/2020,Thai Poultry Veterinary Association,,,,,
Achievements,94542,41337,Manual Handling Short Course,,08/07/2015,08/07/2015,08/07/2020,Thai Poultry Veterinary Association,,,,,
Achievements,94542,41338,Poultry Welfare Short Course,,07/07/2015,07/07/2015,07/07/2020,Thai Poultry Veterinary Association,,,,,
Achievements,94542,41341,First Aid Qualification,,06/09/2016,06/09/2016,06/09/2021,Srimahaphot Hospital,,,,,
Achievements,94543,41336,Hygiene & Biosecurity Short Course,,27/08/2015,27/08/2015,27/08/2020,Thai Poultry Veterinary Association,,,,,
Achievements,94543,41337,Manual Handling Short Course,,28/08/2015,28/08/2015,28/08/2020,Thai Poultry Veterinary Association,,,,,
Achievements,94543,41338,Poultry Welfare Short Course,,27/08/2015,27/08/2015,27/08/2020,Thai Poultry Veterinary Association,,,,,
Achievements,94543,41341,First Aid Qualification,,17/08/2016,17/08/2016,17/08/2021,Srimahaphot Hospital,,,,,
Achievements,94543,41342,Level 3 Diploma in Work-based Agriculture or Equivalent,,19/04/2013,19/04/2013,19/04/2018,Maejo University,,,,,
Achievements,94543,,GAP of Poultry Farm for Agriculturist,,15/02/2012,15/02/2012,15/02/2017,Department of Livestock Development,,,,,
Achievements,94544,,GAP of Poultry for Agriculturist,,11/05/2012,11/05/2012,11/05/2017,Department of Livestock Development,,,,,
Achievements,94544,,Compartment Management of Poultry for Agriculturist,,11/05/2012,11/05/2012,11/05/2017,Department of Livestock Development,,,,,
Achievements,94544,,Safety Officer at Executive Level,,18/09/2008,18/09/2008,18/09/2013,Kongjitman Consultant Academic and Training Co Ltd,,,,,
Achievements,94544,,Animal Husbandry,,18/09/2008,18/09/2008,18/09/2013,The Animal Husbandry Association of Thailand,,,,,
Achievements,94544,41336,Hygiene & Biosecurity Short Course,,25/03/2015,25/03/2015,25/03/2020,Thai Poultry Veterinary Association,,,,,
Achievements,94544,41337,Manual Handling Short Course,,25/03/2015,25/03/2015,25/03/2020,Thai Poultry Veterinary Association,,,,,
Achievements,94544,41338,Poultry Welfare Short Course,,24/03/2015,24/03/2015,24/03/2020,Thai Poultry Veterinary Association,,,,,
Achievements,94544,41342,Level 3 Diploma in Work-based Agriculture or Equivalent,,23/04/2003,23/04/2003,,Maejo University,,,,,
Achievements,94544,41335,Health & Safety Short Course,,29/09/2016,29/09/2016,29/09/2021,Thai Poultry Veterinary Association,,,,,
Achievements,94544,41336,Hygiene & Biosecurity Short Course,,24/03/2015,25/03/2015,25/03/2020,Thai Poultry Veterinary Association,,,,,
Achievements,94544,41337,Manual Handling Short Course,,25/03/2015,25/03/2015,26/03/2020,Thai Poultry Veterinary Association,,,,,
Achievements,94544,41338,Poultry Welfare Short Course,,24/03/2015,24/03/2015,24/03/2020,Thai Poultry Veterinary Association,,,,,
Achievements,94544,41341,First Aid Qualification,,17/08/2016,17/08/2016,17/08/2021,Srimahaphot Hospital,,,,,
Achievements,94545,,GAP of Poultry for Agriculturist,,14/01/2003,14/01/2003,14/01/2008,Department of Livestock Development,,,,,
Achievements,94545,,Compartment Management of Poultry for Agriculturist,,10/01/2007,10/01/2007,10/01/2012,Department of Livestock Development,,,,,
Achievements,94545,,Pest Control,,09/08/2005,09/08/2005,09/08/2010,Department of Health,,,,,
Achievements,94545,,Safety Officer at Supervisor Level,,03/06/2008,03/06/2008,03/06/2013,Jith Munkong Co Ltd,,,,,
Achievements,94545,41336,Hygiene & Biosecurity Short Course,,28/08/2015,28/08/2015,28/08/2020,Thai Poultry Veterinary Assocation,,,,,
Achievements,94545,41337,Manual Handling Short Course,,28/08/2015,28/08/2015,28/08/2020,Thai Poultry Veterinary Assocation,,,,,
Achievements,94545,41338,Poultry Welfare Short Course,,27/08/2015,27/08/2015,27/08/2020,Thai Poultry Veterinary Assocation,,,,,
Achievements,94545,41342,Level 3 Diploma in Work-based Agriculture or Equivalent,,06/03/1999,06/03/1999,,Rajamangala University of Technology,,,,,
Achievements,94545,41335,Health & Safety Short Course,,29/09/2016,29/09/2016,29/09/2021,Thai Poultry Veterinary Association,,,,,
Achievements,94545,41336,Hygiene & Biosecurity Short Course,,28/08/2015,28/08/2015,28/08/2020,Thai Poultry Veterinary Association,,,,,
Achievements,94545,41337,Manual Handling Short Course,,28/08/2015,28/08/2015,28/08/2020,Thai Poultry Veterinary Association,,,,,
Achievements,94545,41338,Poultry Welfare Short Course,,27/08/2015,27/08/2015,27/08/2020,Thai Poultry Veterinary Association,,,,,
Achievements,94545,41341,First Aid Qualification,,06/09/2016,06/09/2016,06/09/2021,Srimahaphot Hospital,,,,,
Achievements,94546,,GAP of Poultry Farm for Agriculturist,,12/05/2004,12/05/2004,12/05/2009,Department of Livestock Development,,,,,
Achievements,94546,,Compartment Management of Poultry Farm for Agriculturist,,09/01/2007,09/01/2007,09/01/2012,Department of Livestock Development,,,,,
Achievements,94546,,Safety Officer at Executive Level,,24/06/2009,24/06/2009,24/06/2014,Kongjitman Consultant Academic and Training Co Ltd,,,,,
Achievements,94546,41336,Hygiene & Biosecurity Short Course,,28/08/2015,28/08/2015,28/08/2020,Thai Poultry Veterinary Assocation,,,,,
Achievements,94546,41337,Manual Handling Short Course,,28/08/2015,28/08/2015,28/08/2020,Thai Poultry Veterinary Assocation,,,,,
Achievements,94546,41338,Poultry Welfare Short Course,,27/08/2015,27/08/2015,27/08/2020,Thai Poultry Veterinary Assocation,,,,,
Achievements,94546,41342,Level 3 Diploma in Work-based Agriculture or Equivalent,,20/05/1996,20/05/1996,,Maejo University,,,,,
Achievements,94546,41335,Health & Safety Short Course,,25/10/2016,25/10/2016,25/10/2021,Thai Poultry Veterinary Association,,,,,
Achievements,94546,41336,Hygiene & Biosecurity Short Course,,28/08/2015,28/08/2015,28/08/2020,Thai Poultry Veterinary Association,,,,,
Achievements,94546,41337,Manual Handling Short Course,,28/08/2015,28/08/2015,28/08/2020,Thai Poultry Veterinary Association,,,,,
Achievements,94546,41338,Poultry Welfare Short Course,,27/08/2015,27/08/2015,27/08/2020,Thai Poultry Veterinary Association,,,,,
Achievements,94546,41341,First Aid Qualification,,17/08/2016,17/08/2016,17/08/2021,Srimahaphot Hospital,,,,,
Achievements,94547,41335,Health & Safety Short Course,,25/11/2016,25/11/2016,25/11/2021,Thai Poultry Veterinary Association,,,,,
Achievements,94547,41336,Hygiene & Biosecurity Short Course,,08/07/2015,08/07/2015,08/07/2020,Thai Poultry Veterinary Association,,,,,
Achievements,94547,41337,Manual Handling Short Course,,08/07/2015,08/07/2015,08/07/2020,Thai Poultry Veterinary Association,,,,,
Achievements,94547,41338,Poultry Welfare Short Course,,07/07/2015,07/07/2015,07/07/2020,Thai Poultry Veterinary Association,,,,,
Achievements,94547,41341,First Aid Qualification,,06/09/2016,06/09/2016,06/09/2021,Srimahaphot Hospital,,,,,
Achievements,94547,,GAP of Poultry for Agriculturist,,14/03/2003,14/03/2003,14/03/2008,Department of Livestock Development,,,,,
Achievements,94547,,Compartment Management of Poultry for Agriculturist,,08/03/2012,08/03/2012,08/03/2017,Department of Livestock Development,,,,,
Achievements,94549,,GAP of Poultry for Agriculturist,,11/05/2012,11/05/2012,11/05/2017,Department of Livestock Development,,,,,
Achievements,94549,,Compartment Management of Poultry for Agriculturist,,11/05/2012,11/05/2012,11/05/2017,Department of Livestock Development,,,,,
Achievements,94549,41336,Hygiene & Biosecurity Short Course,,08/07/2015,08/07/2015,08/07/2020,Thai Poultry Veterinary Assocation,,,,,
Achievements,94549,41337,Manual Handling Short Course,,08/07/2015,08/07/2015,08/07/2020,Thai Poultry Veterinary Assocation,,,,,
Achievements,94549,41338,Poultry Welfare Short Course,,07/07/2015,07/07/2015,07/07/2020,Thai Poultry Veterinary Assocation,,,,,
Achievements,94549,41342,Level 3 Diploma in Work-based Agriculture or Equivalent,,05/03/2001,05/03/2001,,Chiang Mai University,,,,,
Achievements,94549,41341,First Aid Qualification,,17/08/2016,17/08/2016,17/08/2021,Srimahaphot Hospital,,,,,
Achievements,94550,,Product Sustainability Awareness,,15/08/2013,15/08/2013,15/08/2018,CPF Public Company,,,,,
Achievements,94550,,GAP and HACCP,,06/06/2006,06/06/2006,06/06/2011,CPF Public Company,,,,,
Achievements,94550,,Calibration System Base on ISO 9001:2000,,09/04/2004,09/04/2004,09/04/2009,CE-Industry Services Co Ltd,,,,,
Achievements,94550,,Pest Control,,14/02/2007,14/02/2007,14/02/2012,Department of Health,,,,,
Achievements,94550,,Power Base & Tactics for Listening,,01/10/2007,01/02/2008,01/02/2013,Charoen Pokphand Foods Public Co Ltd,,,,,
Achievements,94550,,GAP of Poultry for Agriculturist,,22/04/2008,22/04/2008,22/04/2013,Department of Livestock Development,,,,,
Achievements,94550,,Safety Officer at Supervisor Level,,04/07/2008,04/07/2008,04/07/2013,Jith Munkong Co Ltd,,,,,
Achievements,94550,,Transition to ISO 9001:2008,,01/06/2009,01/06/2009,01/06/2014,CPF Public Company,,,,,
Achievements,94550,,Productivity Manager Development,,02/12/2009,02/12/2009,02/12/2014,CPF Public Company,,,,,
Achievements,94550,,Productivity Manager Development,,02/12/2009,02/12/2009,02/12/2014,CPF Public Company,,,,,
Achievements,94550,,Compartment Management of Poultry for Agriculturist,,08/03/2012,08/03/2012,08/03/2017,Department of Livestock Development,,,,,
Achievements,94550,41336,Hygiene & Biosecurity Short Course,,08/07/2015,08/07/2015,08/07/2020,Thai Poultry Veterinary Assocation,,,,,
Achievements,94550,41337,Manual Handling Short Course,,08/07/2015,08/07/2015,08/07/2020,Thai Poultry Veterinary Assocation,,,,,
Achievements,94550,41338,Poultry Welfare Short Course,,07/07/2015,07/07/2015,07/07/2020,Thai Poultry Veterinary Assocation,,,,,
Achievements,94550,41335,Health & Safety Short Course,,25/10/2016,25/10/2016,25/10/2021,Thai Poultry Veterinary Association,,,,,
Achievements,94550,41336,Hygiene & Biosecurity Short Course,,08/07/2015,08/07/2015,08/07/2020,Thai Poultry Veterinary Association,,,,,
Achievements,94550,41337,Manual Handling Short Course,,08/07/2015,08/07/2015,08/07/2020,Thai Poultry Veterinary Association,,,,,
Achievements,94550,41338,Poultry Welfare Short Course,,07/07/2015,07/07/2015,07/07/2020,Thai Poultry Veterinary Association,,,,,
Achievements,94550,41341,First Aid Qualification,,06/09/2016,06/09/2016,06/09/2021,Srimahaphot Hospital,,,,,
Achievements,94551,41335,Health & Safety Short Course,,29/09/2016,29/09/2016,29/09/2021,Thai Poultry Veterinary Association,,,,,
Achievements,94551,41336,Hygiene & Biosecurity Short Course,,25/03/2015,25/03/2015,25/03/2020,Thai Poultry Veterinary Association,,,,,
Achievements,94551,41337,Manual Handling Short Course,,25/03/2015,25/03/2015,25/03/2020,Thai Poultry Veterinary Association,,,,,
Achievements,94551,41338,Poultry Welfare Short Course,,24/03/2015,24/03/2015,24/03/2020,Thai Poultry Veterinary Association,,,,,
Achievements,94551,41341,First Aid Qualification,,06/09/2016,06/09/2016,06/09/2021,Srimahaphot Hospital,,,,,
Achievements,94551,41342,Level 3 Diploma in Work-based Agriculture or Equivalent,,18/04/2001,18/04/2001,,Rajamangala University of Technology,,,,,
Achievements,94551,,GAP of Poultry for Agriculturist,,04/01/2003,04/01/2003,04/01/2008,Department of Livestock Development,,,,,
Achievements,94551,,Compartment Management of Poultry for Agriculturist,,09/01/2007,09/01/2007,09/01/2012,Department of Livestock Development,,,,,
Achievements,94551,,Safety Officer at Supervisor Level,,03/06/2008,03/06/2008,03/06/2013,Pinthong Group Co Ltd,,,,,
Achievements,94551,,Safety Officer at Executive Level,,18/09/2008,18/09/2008,18/09/2013,Kongjitman Consultant Academic and Training Co Ltd,,,,,
Achievements,94551,,Integrated Pest Management,,14/02/2007,14/02/2007,14/02/2012,Department of Health,,,,,
Achievements,94554,,The Compartmentalisation in Poultry,,06/03/2007,06/03/2007,06/03/2012,Department of Livestock Development,,,,,
Achievements,94554,,Safety Officer at Executive Level,,09/05/2003,09/05/2003,09/05/2008,CPF SHE,,,,,
Achievements,94554,41336,Hygiene & Biosecurity Short Course,,28/04/2015,28/04/2015,28/04/2020,Thai Poultry Veterinary Association,,,,,
Achievements,94554,41337,Manual Handling Short Course,,29/04/2015,29/04/2015,29/04/2020,Thai Poultry Veterinary Association,,,,,
Achievements,94554,41338,Poultry Welfare Short Course,,27/04/2015,27/04/2015,27/04/2020,Thai Poultry Veterinary Association,,,,,
Achievements,94554,41342,Level 3 Diploma in Work-based Agriculture or Equivalent,,07/03/1988,07/03/1988,,Rajamangala,,,,,
Achievements,94554,41335,Health & Safety Short Course,,25/10/2016,25/10/2016,25/10/2021,Thai Poultry Veterinary Association,,,,,
Achievements,94554,41336,Hygiene & Biosecurity Short Course,,29/04/2015,29/04/2015,29/04/2020,Thai Poultry Veterinary Association,,,,,
Achievements,94554,41337,Manual Handling Short Course,,29/04/2015,29/04/2015,29/04/2020,Thai Poultry Veterinary Association,,,,,
Achievements,94554,41338,Poultry Welfare Short Course,,28/04/2015,28/04/2015,28/04/2020,Thai Poultry Veterinary Association,,,,,
Achievements,94554,41341,First Aid Qualification,,01/11/2017,01/11/2017,01/11/2022,The Heart Foundation of Thailand,,,,,
Achievements,94554,41342,Level 3 Diploma in Work-based Agriculture or Equivalent,,01/01/1998,01/01/1998,,Rajamangala Institute of Technology,,,,,
Achievements,94555,,Safety Officer at Supervisor Level,,18/10/2005,18/10/2005,18/10/2010,CPF Training Center,,,,,
Achievements,94555,,Compartmentalisation in Poultry,,28/02/2008,28/02/2008,28/02/2013,Department of Livestock Development,,,,,
Achievements,94555,41342,Level 3 Diploma in Work-based Agriculture or Equivalent,,22/03/2004,22/03/2004,,Khon Kaen University,,,,,
Achievements,94555,41335,Health & Safety Short Course,,25/10/2016,25/10/2016,25/09/2021,Thai Poultry Veterinary Association,,,,,
Achievements,94555,41336,Hygiene & Biosecurity Short Course,,08/07/2015,08/07/2015,08/07/2020,Thai Poultry Veterinary Association,,,,,
Achievements,94555,41337,Manual Handling Short Course,,08/07/2015,08/07/2015,08/07/2020,Thai Poultry Veterinary Association,,,,,
Achievements,94555,41338,Poultry Welfare Short Course,,07/07/2015,07/07/2015,07/06/2020,Thai Poultry Veterinary Association,,,,,
Achievements,94555,41341,First Aid Qualification,,01/11/2017,01/11/2017,01/11/2022,The Heart Association of Thailand,,,,,
Achievements,94555,41342,Level 3 Diploma in Work-based Agriculture or Equivalent,,22/03/2004,22/03/2004,,Khon Kaen University,,,,,
Achievements,94556,41335,Health & Safety Short Course,,25/10/2016,25/10/2016,25/10/2021,Thai Poultry Veterinary Association,,,,,
Achievements,94556,41336,Hygiene & Biosecurity Short Course,,18/09/2015,18/09/2015,18/09/2020,Thai Poultry Veterinary Association,,,,,
Achievements,94556,41337,Manual Handling Short Course,,18/09/2015,18/09/2015,18/09/2020,Thai Poultry Veterinary Association,,,,,
Achievements,94556,41338,Poultry Welfare Short Course,,17/09/2015,17/09/2015,17/09/2020,Thai Poultry Veterinary Association,,,,,
Achievements,94556,41341,First Aid Qualification,,20/10/2015,20/10/2015,20/10/2020,The Heart Association of Thailand,,,,,
Achievements,94556,41342,Level 3 Diploma in Work-based Agriculture or Equivalent,,04/07/2014,04/07/2014,,Rajamangala University,,,,,
Achievements,94557,,The Compartmentalisation in Poultry,,21/03/2007,21/03/2007,21/03/2012,Department of Livestock Development,,,,,
Achievements,94557,,"Safety, Health and Environment",,11/12/2008,11/12/2008,11/12/2013,Education and Training Advisor,,,,,
Achievements,94557,41335,Health & Safety Short Course,,25/10/2016,25/10/2016,25/10/2021,Thai Poultry Veterinary Association,,,,,
Achievements,94557,41336,Hygiene & Biosecurity Short Course,,28/08/2015,28/08/2015,28/08/2020,Thai Poultry Veterinary Association,,,,,
Achievements,94557,41337,Manual Handling Short Course,,28/08/2015,28/08/2015,28/08/2020,Thai Poultry Veterinary Association,,,,,
Achievements,94557,41338,Poultry Welfare Short Course,,27/08/2015,27/08/2015,27/08/2020,Thai Poultry Veterinary Association,,,,,
Achievements,94557,41341,First Aid Qualification,,05/09/2017,05/09/2017,05/09/2022,The Heart Association of Thailand,,,,,
Achievements,94557,41342,Level 3 Diploma in Work-based Agriculture or Equivalent,,24/04/1990,24/04/1990,,Institute of Agricultural Technology,,,,,
Achievements,94558,,Compartmentalisation in Poultry,,28/02/2008,28/02/2008,28/02/2013,Department of Livestock Development,,,,,
Achievements,94558,,Safety Officer at Executive Level,,20/12/2008,20/12/2008,20/12/2013,Education and Training Advisor,,,,,
Achievements,94558,41336,Hygiene & Biosecurity Short Course,,28/08/2015,28/08/2015,28/08/2020,Thai Poultry Veterinary Association,,,,,
Achievements,94558,41337,Manual Handling Short Course,,28/08/2015,28/08/2015,28/08/2020,Thai Poultry Veterinary Association,,,,,
Achievements,94558,41338,Poultry Welfare Short Course,,27/08/2015,27/08/2015,27/08/2020,Thai Poultry Veterinary Association,,,,,
Achievements,94558,41342,Level 3 Diploma in Work-based Agriculture or Equivalent,,09/03/2003,09/03/2003,,Rajamangala Institute of Technology,,,,,
Achievements,94558,41335,Health & Safety Short Course,,24/11/2016,24/11/2016,24/11/2021,Thai Poultry Veterinary Association,,,,,
Achievements,94558,41336,Hygiene & Biosecurity Short Course,,28/08/2015,28/08/2015,28/08/2020,Thai Poultry Veterinary Association,,,,,
Achievements,94558,41337,Manual Handling Short Course,,28/08/2015,28/08/2015,28/08/2020,Thai Poultry Veterinary Association,,,,,
Achievements,94558,41338,Poultry Welfare Short Course,,27/08/2015,27/08/2015,27/08/2020,Thai Poultry Veterinary Association,,,,,
Achievements,94558,41342,Level 3 Diploma in Work-based Agriculture or Equivalent,,09/03/2003,09/03/2003,,Rajamangala Institute of Technology,,,,,
Achievements,94559,41335,Health & Safety Short Course,,25/10/2016,25/10/2016,25/10/2021,Thai Poultry Veterinary Association,,,,,
Achievements,94559,41336,Hygiene & Biosecurity Short Course,,18/09/2015,18/09/2015,18/09/2020,Thai Poultry Veterinary Association,,,,,
Achievements,94559,41337,Manual Handling Short Course,,18/09/2015,18/09/2015,18/09/2020,Thai Poultry Veterinary Association,,,,,
Achievements,94559,41338,Poultry Welfare Short Course,,17/09/2015,17/09/2015,17/09/2020,Thai Poultry Veterinary Association,,,,,
Achievements,94559,41341,First Aid Qualification,,05/09/2012,05/09/2012,05/09/2017,The Heart Association of Thailand,,,,,
Achievements,94559,41342,Level 3 Diploma in Work-based Agriculture or Equivalent,,25/03/2012,25/03/2012,,Silpakorn University,,,,,
Achievements,94560,41335,Health & Safety Short Course,,25/10/2016,25/10/2016,25/10/2021,Thai Poultry Veterinary Association,,,,,
Achievements,94560,41336,Hygiene & Biosecurity Short Course,,28/08/2015,28/08/2015,28/08/2020,Thai Poultry Veterinary Association,,,,,
Achievements,94560,41337,Manual Handling Short Course,,28/08/2015,28/08/2015,28/07/2020,Thai Poultry Veterinary Association,,,,,
Achievements,94560,41338,Poultry Welfare Short Course,,27/08/2015,27/08/2015,27/08/2020,Thai Poultry Veterinary Association,,,,,
Achievements,94560,41341,First Aid Qualification,,23/04/2014,23/04/2014,23/04/2019,Thai Heart Foundation,,,,,
Achievements,94560,41342,Level 3 Diploma in Work-based Agriculture or Equivalent,,03/03/2014,03/03/2014,,Chiangmai University,,,,,
Achievements,94561,41335,Health & Safety Short Course,,24/11/2016,24/11/2016,24/11/2021,Thai Poultry Veterinary Association,,,,,
Achievements,94561,41336,Hygiene & Biosecurity Short Course,,28/08/2015,28/08/2015,28/08/2020,Thai Poultry Veterinary Association,,,,,
Achievements,94561,41337,Manual Handling Short Course,,28/08/2015,28/08/2015,28/08/2020,Thai Poultry Veterinary Association,,,,,
Achievements,94561,41338,Poultry Welfare Short Course,,27/08/2015,27/08/2015,27/08/2020,Thai Poultry Veterinary Association,,,,,
Achievements,94561,41342,Level 3 Diploma in Work-based Agriculture or Equivalent,,18/03/1996,18/03/1996,,Maejo University,,,,,
Achievements,94562,,The Compartmentalisation in Poultry,,06/03/2007,06/03/2007,06/03/2012,Department of Livestock Development,,,,,
Achievements,94562,,Safety Officer at Executive Level,,15/10/2014,15/10/2014,15/10/2019,CPF Training Center,,,,,
Achievements,94562,41336,Hygiene & Biosecurity Short Course,,29/04/2015,29/04/2015,29/04/2020,Thai Poultry Veterinary Association,,,,,
Achievements,94562,41337,Manual Handling Short Course,,29/04/2015,29/04/2015,29/04/2020,Thai Poultry Veterinary Association,,,,,
Achievements,94562,41338,Poultry Welfare Short Course,,28/04/2015,28/04/2015,28/04/2020,Thai Poultry Veterinary Association,,,,,
Achievements,94562,41342,Level 3 Diploma in Work-based Agriculture or Equivalent,,22/06/2001,22/06/2001,,Rajamangala Institute of Technology,,,,,
Achievements,94562,41335,Health & Safety Short Course,,25/10/2016,25/10/2016,25/10/2021,Thai Poultry Veterinary Association,,,,,
Achievements,94562,41336,Hygiene & Biosecurity Short Course,,29/04/2015,29/04/2015,29/04/2020,Thai Poultry Veterinary Association,,,,,
Achievements,94562,41337,Manual Handling Short Course,,29/04/2015,29/04/2015,29/04/2020,Thai Poultry Veterinary Association,,,,,
Achievements,94562,41338,Poultry Welfare Short Course,,28/04/2015,28/04/2015,28/04/2020,Thai Poultry Veterinary Association,,,,,
Achievements,94562,41341,First Aid Qualification,,12/06/2017,12/06/2017,12/06/2022,The Heart Association of Thailand,,,,,
Achievements,94562,41342,Level 3 Diploma in Work-based Agriculture or Equivalent,,20/05/2001,20/05/2001,,Rajamangala Institute of Technology,,,,,
Achievements,94563,,The Safety Officer at Technical Level,,20/12/2008,20/12/2008,20/12/2013,Education and Training Advisor,,,,,
Achievements,94563,41342,Level 3 Diploma in Work-based Agriculture or Equivalent,,21/04/2003,21/04/2003,,Rajamangala Institute of Technology,,,,,
Achievements,94563,41335,Health & Safety Short Course,,25/10/2016,25/10/2016,25/10/2021,Thai Poultry Veterinary Association,,,,,
Achievements,94563,41336,Hygiene & Biosecurity Short Course,,28/08/2015,28/08/2015,28/08/2020,Thai Poultry Veterinary Association,,,,,
Achievements,94563,41337,Manual Handling Short Course,,28/08/2015,28/08/2015,28/08/2020,Thai Poultry Veterinary Association,,,,,
Achievements,94563,41338,Poultry Welfare Short Course,,27/08/2015,27/08/2015,27/08/2020,Thai Poultry Veterinary Association,,,,,
Achievements,94563,41341,First Aid Qualification,,12/06/2017,12/06/2017,12/06/2022,The HEart Association of Thailand,,,,,
Achievements,94563,41342,Level 3 Diploma in Work-based Agriculture or Equivalent,,20/04/2003,20/04/2003,,Rajamangala Insitute of Technology,,,,,
Achievements,94565,41335,Health & Safety Short Course,,25/10/2016,25/10/2016,25/10/2021,Thai Poultry Veterinary Association,,,,,
Achievements,94565,41336,Hygiene & Biosecurity Short Course,,13/11/2015,13/11/2015,13/11/2020,Thai Poultry Veterinary Association,,,,,
Achievements,94565,41337,Manual Handling Short Course,,13/11/2015,13/11/2015,13/11/2020,Thai Poultry Veterinary Association,,,,,
Achievements,94565,41338,Poultry Welfare Short Course,,12/11/2015,12/11/2015,12/11/2020,Thai Poultry Veterinary Association,,,,,
Achievements,94565,41342,Level 3 Diploma in Work-based Agriculture or Equivalent,,21/03/2014,21/03/2014,,Mahasarakham University,,,,,
Achievements,103726,41342,Level 3 Diploma in Work-based Agriculture or Equivalent,,17/04/2014,17/04/2014,,Rajamangala University,,,,,
Achievements,94567,41335,Health & Safety Short Course,,25/10/2016,25/10/2016,25/10/2021,Thai Poultry Veterinary Association,,,,,
Achievements,94567,41336,Hygiene & Biosecurity Short Course,,25/03/2015,25/03/2015,25/03/2020,Thai Poultry Veterinary Association,,,,,
Achievements,94567,41337,Manual Handling Short Course,,25/03/2015,25/03/2015,25/03/2020,Thai Poultry Veterinary Association,,,,,
Achievements,94567,41338,Poultry Welfare Short Course,,24/03/2015,24/03/2015,24/03/2020,Thai Poultry Veterinary Association,,,,,
Achievements,94567,41341,First Aid Qualification,,18/10/2016,18/10/2016,18/10/2021,Thai Red Cross,,,,,
Achievements,94567,41342,Level 3 Diploma in Work-based Agriculture or Equivalent,,13/03/1991,13/03/1991,,Maejo University,,,,,
Achievements,94568,41335,Health & Safety Short Course,,25/10/2016,25/10/2016,25/10/2021,Thai Poultry Veterinary Association,,,,,
Achievements,94568,41336,Hygiene & Biosecurity Short Course,,13/11/2014,13/11/2015,13/10/2020,Thai Poultry Veterinary Association,,,,,
Achievements,94568,41337,Manual Handling Short Course,,13/11/2015,13/11/2015,13/11/2020,Thai Poultry Veterinary Association,,,,,
Achievements,94568,41338,Poultry Welfare Short Course,,12/11/2015,12/11/2015,12/11/2020,Thai Poultry Veterinary Association,,,,,
Achievements,94568,41342,Level 3 Diploma in Work-based Agriculture or Equivalent,,15/03/2010,15/03/2010,,Kasetsart University,,,,,
Achievements,94569,41335,Health & Safety Short Course,,25/10/2016,25/10/2016,25/10/2021,Thai Poultry Veterinary Association,,,,,
Achievements,94569,41336,Hygiene & Biosecurity Short Course,,13/11/2015,13/11/2015,13/11/2020,Thai Poultry Veterinary Association,,,,,
Achievements,94569,41337,Manual Handling Short Course,,13/11/2015,13/11/2015,13/11/2020,Thai Poultry Veterinary Association,,,,,
Achievements,94569,41338,Poultry Welfare Short Course,,12/11/2015,12/11/2015,12/11/2020,Thai Poultry Veterinary Association,,,,,
Achievements,94569,41342,Level 3 Diploma in Work-based Agriculture or Equivalent,,15/03/2012,15/03/2012,,Silpakorn University,,,,,
Achievements,94571,41335,Health & Safety Short Course,,25/10/2016,25/10/2016,25/10/2021,Thai Poultry Veterinary Association,,,,,
Achievements,94571,41336,Hygiene & Biosecurity Short Course,,13/11/2015,13/11/2015,13/11/2020,Thai Poultry Veterinary Association,,,,,
Achievements,94571,41337,Manual Handling Short Course,,13/11/2015,13/11/2015,13/11/2020,Thai Poultry Veterinary Association,,,,,
Achievements,94571,41338,Poultry Welfare Short Course,,12/11/2015,12/11/2015,12/11/2020,Thai Poultry Veterinary Association,,,,,
Achievements,94571,41341,First Aid Qualification,,20/10/2015,20/10/2015,20/10/2020,Heart Association of Thailand,,,,,
Achievements,94571,41342,Level 3 Diploma in Work-based Agriculture or Equivalent,,05/03/2008,05/03/2008,,Khon Kaen University,,,,,
Achievements,94572,,The Compartmentalisation in Poultry,,06/03/2007,06/03/2007,06/03/2012,Department of Livestock Development,,,,,
Achievements,94572,,Safety Officer at Executive Level,,09/05/2003,09/05/2003,09/05/2008,CPF SHE,,,,,
Achievements,94572,41336,Hygiene & Biosecurity Short Course,,29/04/2015,29/04/2015,29/04/2020,Thai Poultry Veterinary Association,,,,,
Achievements,94572,41337,Manual Handling Short Course,,29/04/2015,29/04/2015,29/04/2020,Thai Poultry Veterinary Association,,,,,
Achievements,94572,41338,Poultry Welfare Short Course,,28/04/2015,28/04/2015,28/04/2020,Thai Poultry Veterinary Association,,,,,
Achievements,94572,41342,Level 3 Diploma in Work-based Agriculture or Equivalent,,08/10/1994,08/10/1994,,Rajamangala Institute of Technology,,,,,
Achievements,94572,41335,Health & Safety Short Course,,25/10/2016,25/10/2016,25/10/2021,Thai Poultry Veterinary Association,,,,,
Achievements,94572,41336,Hygiene & Biosecurity Short Course,,29/04/2015,29/04/2015,29/04/2020,Thai Poultry Veterinary Association,,,,,
Achievements,94572,41337,Manual Handling Short Course,,29/04/2015,29/04/2015,29/04/2020,Thai Poultry Veterinary Association,,,,,
Achievements,94572,41338,Poultry Welfare Short Course,,28/04/2015,28/04/2015,28/04/2020,Thai Poultry Veterinary Association,,,,,
Achievements,94572,41341,First Aid Qualification,,01/11/2017,01/11/2017,01/11/2022,The Heart Association of Thailand,,,,,
Achievements,94572,41342,Level 3 Diploma in Work-based Agriculture or Equivalent,,08/10/1994,08/10/1994,,Rajamangala Institute of Technology,,,,,
Achievements,94573,41335,Health & Safety Short Course,,25/10/2016,25/10/2016,25/10/2021,Thai Poultry Veterinary Association,,,,,
Achievements,94573,41336,Hygiene & Biosecurity Short Course,,18/09/2015,18/09/2015,18/09/2020,Thai Poultry Veterinary Association,,,,,
Achievements,94573,41337,Manual Handling Short Course,,18/09/2015,18/09/2015,18/09/2020,Thai Poultry Veterinary Association,,,,,
Achievements,94573,41338,Poultry Welfare Short Course,,17/09/2015,17/09/2015,17/09/2020,Thai Poultry Veterinary Association,,,,,
Achievements,94573,41341,First Aid Qualification,,23/06/2016,23/06/2016,23/06/2021,Kaengkhoi Hospital,,,,,
Achievements,94573,41342,Level 3 Diploma in Work-based Agriculture or Equivalent,,12/03/2010,12/03/2010,,Maejo University,,,,,
Achievements,94574,41335,Health & Safety Short Course,,25/10/2016,25/10/2016,25/10/2021,Thai Poultry Veterinary Association,,,,,
Achievements,94574,41336,Hygiene & Biosecurity Short Course,,18/09/2015,18/09/2015,18/09/2020,Thai Poultry Veterinary Association,,,,,
Achievements,94574,41337,Manual Handling Short Course,,18/09/2015,18/09/2015,18/09/2020,Thai Poultry Veterinary Association,,,,,
Achievements,94574,41338,Poultry Welfare Short Course,,17/09/2015,17/09/2015,17/09/2020,Thai Poultry Veterinary Association,,,,,
Achievements,94574,41341,First Aid Qualification,,23/06/2016,23/06/2016,23/06/2021,Kaengkhoi Hospital,,,,,
Achievements,94574,41342,Level 3 Diploma in Work-based Agriculture or Equivalent,,18/03/2010,18/03/2010,,Khonkaen University,,,,,
Achievements,94575,41335,Health & Safety Short Course,,25/10/2016,25/10/2016,25/10/2021,Thai Poultry Veterinary Association,,,,,
Achievements,94575,41336,Hygiene & Biosecurity Short Course,,28/08/2015,28/08/2015,28/08/2020,Thai Poultry Veterinary Association,,,,,
Achievements,94575,41337,Manual Handling Short Course,,28/08/2015,28/08/2015,28/08/2020,Thai Poultry Veterinary Association,,,,,
Achievements,94575,41338,Poultry Welfare Short Course,,27/08/2015,27/08/2015,27/07/2020,Thai Poultry Veterinary Association,,,,,
Achievements,94575,41341,First Aid Qualification,,23/06/2016,23/06/2016,23/06/2021,Kaengkhoi Hospital,,,,,
Achievements,94575,41342,Level 3 Diploma in Work-based Agriculture or Equivalent,,26/04/2004,26/04/2004,,Sukhothai Thammathirat Open University,,,,,
Achievements,103724,41335,Health & Safety Short Course,,26/07/2017,26/07/2017,26/07/2022,Thai Poultry Veterinary Association,,,,,
Achievements,103724,41336,Hygiene & Biosecurity Short Course,,26/07/2017,26/07/2017,26/07/2022,Thai Poultry Veterinary Association,,,,,
Achievements,103724,41337,Manual Handling Short Course,,26/07/2017,26/07/2017,26/07/2022,Thai Poultry Veterinary Association,,,,,
Achievements,103724,41338,Poultry Welfare Short Course,,26/07/2017,26/07/2017,26/07/2022,Thai Poultry Veterinary Association,,,,,
Achievements,103724,41342,Level 3 Diploma in Work-based Agriculture or Equivalent,,24/01/2017,24/01/2017,,Maejo University,,,,,
Achievements,94576,,The Compartmentalisation in Poultry,,25/04/2012,25/04/2012,25/04/2017,Department of Livestock Development,,,,,
Achievements,94576,,Safety Officer at Executive Level,,09/05/2003,09/05/2003,09/05/2008,CPF SHE,,,,,
Achievements,94576,41336,Hygiene & Biosecurity Short Course,,29/04/2015,29/04/2015,29/04/2020,Thai Poultry Veterinary Association,,,,,
Achievements,94576,41337,Manual Handling Short Course,,29/04/2015,29/04/2015,29/04/2020,Thai Poultry Veterinary Association,,,,,
Achievements,94576,41338,Poultry Welfare Short Course,,28/04/2015,28/04/2015,28/04/2020,Thai Poultry Veterinary Association,,,,,
Achievements,94576,41342,Level 3 Diploma in Work-based Agriculture or Equivalent,,30/10/1996,30/10/1996,,Rajamangala Institute,,,,,
Achievements,94576,41335,Health & Safety Short Course,,25/10/2016,25/10/2016,25/10/2021,Thai Poultry Veterinary Association,,,,,
Achievements,94576,41336,Hygiene & Biosecurity Short Course,,29/04/2015,29/04/2015,29/04/2020,Thai Poultry Veterinary Association,,,,,
Achievements,94576,41338,Poultry Welfare Short Course,,28/04/2015,28/04/2015,28/04/2020,Thai Poultry Veterinary Association,,,,,
Achievements,94576,41341,First Aid Qualification,,01/11/2017,01/11/2017,01/11/2022,The Heart Association of Thailand,,,,,
Achievements,94576,41342,Level 3 Diploma in Work-based Agriculture or Equivalent,,30/08/1996,30/08/1996,,Nakhonratchasima Rajabhat University,,,,,
Achievements,94577,41335,Health & Safety Short Course,,24/11/2016,24/11/2016,24/11/2021,Thai Poultry Veterinary Association,,,,,
Achievements,94577,41336,Hygiene & Biosecurity Short Course,,28/08/2015,28/08/2015,28/08/2020,Thai Poultry Veterinary Association,,,,,
Achievements,94577,41337,Manual Handling Short Course,,28/08/2015,28/08/2015,28/08/2020,Thai Poultry Veterinary Association,,,,,
Achievements,94577,41338,Poultry Welfare Short Course,,27/08/2015,27/08/2015,27/08/2020,Thai Poultry Veterinary Association,,,,,
Achievements,94577,41341,First Aid Qualification,,06/09/2012,06/09/2012,06/09/2017,Bangkok Ratchasima Hospital,,,,,
Achievements,94577,41342,Level 3 Diploma in Work-based Agriculture or Equivalent,,11/03/2001,11/03/2001,,Rajamangala Phitsanulok,,,,,
Achievements,94578,41335,Health & Safety Short Course,,25/10/2016,25/10/2016,25/10/2021,Thai Poultry Veterinary Association,,,,,
Achievements,94578,41336,Hygiene & Biosecurity Short Course,,28/08/2015,28/08/2015,28/08/2020,Thai Poultry Veterinary Association,,,,,
Achievements,94578,41337,Manual Handling Short Course,,28/08/2015,28/08/2015,28/08/2020,Thai Poultry Veterinary Association,,,,,
Achievements,94578,41338,Poultry Welfare Short Course,,27/08/2015,27/08/2015,27/08/2020,Thai Poultry Veterinary Association,,,,,
Achievements,94578,41341,First Aid Qualification,,28/08/2015,28/08/2015,28/08/2020,Charoen Pkokphan Food,,,,,
Achievements,94578,41342,Level 3 Diploma in Work-based Agriculture or Equivalent,,08/03/2004,08/03/2004,,Maejo University,,,,,
Achievements,94579,,The Compartmentalisation in Poultry,,25/04/2012,25/04/2012,25/04/2017,Department of Livestock Development,,,,,
Achievements,94579,,Safety Officer at Supervisor Level,,02/05/2003,02/05/2003,02/05/2008,CPF SHE,,,,,
Achievements,94579,41342,Level 3 Diploma in Work-based Agriculture or Equivalent,,10/05/2001,10/05/2001,,Maejo University,,,,,
Achievements,94579,41335,Health & Safety Short Course,,25/10/2016,25/10/2016,25/10/2021,Thai Poultry Veterinary Association,,,,,
Achievements,94579,41336,Hygiene & Biosecurity Short Course,,13/11/2015,13/11/2015,13/11/2020,Thai Poultry Veterinary Association,,,,,
Achievements,94579,41337,Manual Handling Short Course,,13/11/2015,13/11/2015,13/11/2020,Thai Poultry Veterinary Association,,,,,
Achievements,94579,41338,Poultry Welfare Short Course,,12/11/2015,12/11/2015,12/11/2020,Thai Poultry Veterinary Association,,,,,
Achievements,94579,41342,Level 3 Diploma in Work-based Agriculture or Equivalent,,10/05/2001,10/05/2001,,Maejo University,,,,,
Achievements,94581,41335,Health & Safety Short Course,,25/10/2016,25/10/2016,25/10/2021,Thai Poultry Veterinary Association,,,,,
Achievements,94581,41337,Manual Handling Short Course,,29/04/2015,29/04/2015,29/04/2020,Thai Poultry Veterinary Association,,,,,
Achievements,94581,41338,Poultry Welfare Short Course,,17/09/2015,17/09/2015,17/09/2020,Thai Poultry Veterinary Association,,,,,
Achievements,94581,41341,First Aid Qualification,,06/09/2012,06/09/2012,06/09/2017,The Heart Association of Thailand,,,,,
Achievements,94581,41342,Level 3 Diploma in Work-based Agriculture or Equivalent,,17/07/2004,17/07/2004,,Nakhon Pathom Rajabhat University,,,,,
Achievements,94583,41335,Health & Safety Short Course,,24/11/2016,24/11/2016,24/11/2021,Thai Poultry Veterinary Association,,,,,
Achievements,94583,41336,Hygiene & Biosecurity Short Course,,18/09/2015,18/09/2015,18/09/2020,Thai Poultry Veterinary Association,,,,,
Achievements,94583,41337,Manual Handling Short Course,,18/09/2015,18/09/2015,18/09/2020,Thai Poultry Veterinary Association,,,,,
Achievements,94583,41338,Poultry Welfare Short Course,,17/09/2015,17/09/2015,17/09/2020,Thai Poultry Veterinary Association,,,,,
Achievements,94583,41341,First Aid Qualification,,23/06/2016,23/06/2016,23/06/2021,Kaengkhoi Hospital,,,,,
Achievements,94583,41342,Level 3 Diploma in Work-based Agriculture or Equivalent,,10/03/2002,10/03/2002,,Sukhothai Thammathirat University,,,,,
Achievements,103727,41342,Level 3 Diploma in Work-based Agriculture or Equivalent,,09/04/2008,09/04/2008,,Sukhothai Thammathirat Open University,,,,,
Achievements,103728,41335,Health & Safety Short Course,,27/07/2017,27/07/2017,27/07/2022,Thai Poultry Veterinary Association,,,,,
Achievements,103728,41336,Hygiene & Biosecurity Short Course,,26/07/2017,26/07/2017,26/07/2022,Thai Poultry Veterinary Association,,,,,
Achievements,103728,41337,Manual Handling Short Course,,26/07/2017,26/07/2017,26/07/2022,Thai Poultry Veterinary Association,,,,,
Achievements,103728,41338,Poultry Welfare Short Course,,27/07/2017,27/07/2017,27/07/2022,Thai Poultry Veterinary Association,,,,,
Achievements,103728,41342,Level 3 Diploma in Work-based Agriculture or Equivalent,,26/06/2016,26/06/2016,,Rajamangala University of Technology,,,,,
Achievements,94585,,Broiler Farm Operators (GAP),,22/05/2008,22/05/2008,22/05/2013,Department of Livestock Development,,,,,
Achievements,94585,,Safety Officer at Supervisor Level,,23/05/2003,23/05/2003,23/05/2008,CPF SHE,,,,,
Achievements,94585,41342,Level 3 Diploma in Work-based Agriculture or Equivalent,,10/03/2002,10/03/2002,,Rajamangala Institute of Technology,,,,,
Achievements,94585,41335,Health & Safety Short Course,,25/10/2016,25/10/2016,25/10/2021,Thai Poultry Veterinary Association,,,,,
Achievements,94585,41336,Hygiene & Biosecurity Short Course,,13/11/2015,13/11/2015,13/11/2020,Thai Poultry Veterinary Association,,,,,
Achievements,94585,41337,Manual Handling Short Course,,13/11/2015,13/11/2015,13/11/2020,Thai Poultry Veterinary Association,,,,,
Achievements,94585,41338,Poultry Welfare Short Course,,12/11/2015,12/11/2015,12/11/2020,Thai Poultry Veterinary Association,,,,,
Achievements,94585,41341,First Aid Qualification,,03/05/2018,03/05/2018,03/05/2023,Thai Red Cross,,,,,
Achievements,94585,41342,Level 3 Diploma in Work-based Agriculture or Equivalent,,10/03/2002,10/03/2002,,Rajamangala Institute of Technology,,,,,
Achievements,94586,41335,Health & Safety Short Course,,24/11/2016,24/11/2016,24/11/2021,Thai Poultry Veterinary Association,,,,,
Achievements,94586,41336,Hygiene & Biosecurity Short Course,,28/08/2015,28/08/2015,28/08/2020,Thai Poultry Veterinary Association,,,,,
Achievements,94586,41337,Manual Handling Short Course,,28/08/2015,28/08/2015,28/08/2020,Thai Poultry Veterinary Association,,,,,
Achievements,94586,41338,Poultry Welfare Short Course,,27/08/2015,27/08/2015,27/08/2020,Thai Poultry Veterinary Association,,,,,
Achievements,94586,41341,First Aid Qualification,,01/11/2017,01/11/2017,01/11/2022,Thai Resuscitation Council,,,,,
Achievements,94586,41342,Level 3 Diploma in Work-based Agriculture or Equivalent,,28/03/2000,28/03/2000,,Buriram Rajabhat University,,,,,
Achievements,94587,41335,Health & Safety Short Course,,25/10/2016,25/10/2016,25/10/2021,Thai Poultry Veterinary Association,,,,,
Achievements,94587,41336,Hygiene & Biosecurity Short Course,,13/11/2015,13/11/2015,13/11/2020,Thai Poultry Veterinary Association,,,,,
Achievements,94587,41337,Manual Handling Short Course,,13/11/2015,13/11/2015,13/11/2020,Thai Poultry Veterinary Association,,,,,
Achievements,94587,41338,Poultry Welfare Short Course,,12/11/2015,12/11/2015,12/11/2020,Thai Poultry Veterinary Association,,,,,
Achievements,94587,41342,Level 3 Diploma in Work-based Agriculture or Equivalent,,01/05/2016,01/05/2016,,Sukhothai Thammathirat Open University,,,,,
Achievements,94588,41335,Health & Safety Short Course,,24/11/2016,24/11/2016,24/11/2021,Thai Poultry Veterinary Association,,,,,
Achievements,94588,41336,Hygiene & Biosecurity Short Course,,13/11/2015,13/11/2015,13/11/2020,Thai Poultry Veterinary Association,,,,,
Achievements,94588,41337,Manual Handling Short Course,,13/11/2015,13/11/2015,13/11/2020,Thai Poultry Veterinary Association,,,,,
Achievements,94588,41338,Poultry Welfare Short Course,,12/11/2015,12/11/2015,12/11/2020,Thai Poultry Veterinary Association,,,,,
Achievements,94588,41341,First Aid Qualification,,26/09/2013,26/09/2013,26/09/2018,Thai Red Cross Society,,,,,
Achievements,94588,41342,Level 3 Diploma in Work-based Agriculture or Equivalent,,10/10/2004,10/10/2004,,Rajamangala Institute of Technology,,,,,
Achievements,103723,41335,Health & Safety Short Course,,27/07/2017,27/07/2017,27/07/2022,Thai Poultry Veterinary Association,,,,,
Achievements,103723,41336,Hygiene & Biosecurity Short Course,,26/07/2017,26/07/2017,26/07/2022,Thai Poultry Veterinary Association,,,,,
Achievements,103723,41337,Manual Handling Short Course,,26/07/2017,26/07/2017,26/07/2022,Thai Poultry Veterinary Association,,,,,
Achievements,103723,41338,Poultry Welfare Short Course,,27/07/2017,27/07/2017,27/07/2022,Thai Poultry Veterinary Association,,,,,
Achievements,103723,41341,First Aid Qualification,,01/11/2017,01/11/2017,01/11/2022,Heart Foundation of Thailand,,,,,
Achievements,103723,41342,Level 3 Diploma in Work-based Agriculture or Equivalent,,01/01/2016,01/01/2016,,Rajamangala University,,,,,
Achievements,94591,,The Compartmentalisation in Poultry in Thailand,,06/03/2007,06/03/2007,06/03/2012,Department of Livestock Development,,,,,
Achievements,94591,,The Safety Officer at Executive Level,,07/11/2005,07/11/2005,07/11/2010,CPF Training Center,,,,,
Achievements,94591,41336,Hygiene & Biosecurity Short Course,,25/03/2015,25/03/2015,25/03/2020,Thai Poultry Veterinary Association,,,,,
Achievements,94591,41337,Manual Handling Short Course,,25/03/2015,25/03/2015,25/03/2020,Thai Poultry Veterinary Association,,,,,
Achievements,94591,41338,Poultry Welfare Short Course,,24/03/2015,24/03/2015,24/03/2020,Thai Poultry Veterinary Association,,,,,
Achievements,94591,41342,Level 3 Diploma in Work-based Agriculture or Equivalent,,19/12/1995,19/12/1995,,Khon Kaen University,,,,,
Achievements,94591,41335,Health & Safety Short Course,,25/10/2016,25/10/2016,25/10/2021,Thai Poultry Veterinary Association,,,,,
Achievements,94591,41336,Hygiene & Biosecurity Short Course,,25/03/2015,25/03/2015,25/03/2020,Thai Poultry Veterinary Association,,,,,
Achievements,94591,41337,Manual Handling Short Course,,25/03/2015,25/03/2015,25/03/2020,Thai Poultry Veterinary Association,,,,,
Achievements,94591,41338,Poultry Welfare Short Course,,24/03/2015,24/03/2015,24/03/2020,Thai Poultry Veterinary Association,,,,,
Achievements,94591,41341,First Aid Qualification,,01/11/2017,01/11/2017,01/11/2022,The Heart Association of Thailand,,,,,
Achievements,94591,41342,Level 3 Diploma in Work-based Agriculture or Equivalent,,15/11/1995,15/11/1995,,Khon Kaen University,,,,,
Achievements,94593,41335,Health & Safety Short Course,,27/07/2017,27/07/2017,27/07/2022,Thai Poultry Veterinary Association,,,,,
Achievements,94593,41336,Hygiene & Biosecurity Short Course,,28/08/2015,28/08/2015,28/08/2020,Thai Poultry Veterinary Association,,,,,
Achievements,94593,41337,Manual Handling Short Course,,28/08/2015,28/08/2015,28/08/2020,Thai Poultry Veterinary Association,,,,,
Achievements,94593,41338,Poultry Welfare Short Course,,27/08/2015,27/08/2015,27/08/2020,Thai Poultry Veterinary Association,,,,,
Achievements,94593,41341,First Aid Qualification,,29/06/2016,29/06/2016,29/06/2021,Kangkoi Hospital,,,,,
Achievements,94593,41342,Level 3 Diploma in Work-based Agriculture or Equivalent,,11/03/2001,11/03/2001,,Rajamangala Institute of Technology,,,,,
Achievements,94594,41335,Health & Safety Short Course,,24/11/2017,24/11/2017,24/11/2022,Thai Poultry Veterinary Association,,,,,
Achievements,94594,41336,Hygiene & Biosecurity Short Course,,28/08/2015,28/08/2015,28/08/2020,Thai Poultry Veterinary Association,,,,,
Achievements,94594,41337,Manual Handling Short Course,,28/08/2015,28/08/2015,28/07/2020,Thai Poultry Veterinary Association,,,,,
Achievements,94594,41338,Poultry Welfare Short Course,,27/08/2015,27/08/2015,27/08/2020,Thai Poultry Veterinary Association,,,,,
Achievements,94594,41342,Level 3 Diploma in Work-based Agriculture or Equivalent,,09/03/2003,09/03/2003,,Rajamangala Institute of Technology,,,,,
Achievements,94595,41335,Health & Safety Short Course,,25/10/2016,25/10/2016,25/10/2021,Thai Poultry Veterinary Association,,,,,
Achievements,94595,41336,Hygiene & Biosecurity Short Course,,18/09/2015,18/09/2015,18/09/2020,Thai Poultry Veterinary Association,,,,,
Achievements,94595,41337,Manual Handling Short Course,,18/09/2015,18/09/2015,18/09/2020,Thai Poultry Veterinary Association,,,,,
Achievements,94595,41338,Poultry Welfare Short Course,,17/09/2015,17/09/2015,17/09/2020,Thai Poultry Veterinary Association,,,,,
Achievements,94595,41341,First Aid Qualification,,01/11/2017,01/11/2017,01/11/2022,The Heart Association of Thailand,,,,,
Achievements,94595,41342,Level 3 Diploma in Work-based Agriculture or Equivalent,,14/05/2001,14/05/2001,,Khon Kaen University,,,,,
Achievements,94595,,CPR Training,,01/11/2017,01/11/2017,01/11/2022,The HEart Assocation of Thailand,,,,,
Achievements,104710,41335,Health & Safety Short Course,,25/10/2016,25/10/2016,25/10/2021,Thai Poultry Veterinary Association,,,,,
Achievements,104710,41336,Hygiene & Biosecurity Short Course,,13/11/2015,13/11/2015,13/11/2020,Thai Poultry Veterinary Association,,,,,
Achievements,104710,41337,Manual Handling Short Course,,13/11/2015,13/11/2015,13/11/2020,Thai Poultry Veterinary Association,,,,,
Achievements,104710,41338,Poultry Welfare Short Course,,12/11/2015,12/11/2015,12/11/2020,Thai Poultry Veterinary Association,,,,,
Achievements,104710,41341,First Aid Qualification,,01/11/2017,01/11/2017,01/11/2022,Heart Association of Thailand,,,,,
Achievements,104710,41342,Level 3 Diploma in Work-based Agriculture or Equivalent,,20/05/2014,20/05/2014,,Rajamangala University of Technology,,,,,
Achievements,104711,41335,Health & Safety Short Course,,25/10/2016,25/10/2016,25/10/2021,Thai Poultry Veterinary Association,,,,,
Achievements,104711,41336,Hygiene & Biosecurity Short Course,,31/03/2016,31/03/2016,31/03/2021,Thai Poultry Veterinary Association,,,,,
Achievements,104711,41337,Manual Handling Short Course,,31/03/2016,31/03/2016,31/03/2021,Thai Poultry Veterinary Association,,,,,
Achievements,104711,41338,Poultry Welfare Short Course,,30/03/2016,30/03/2016,30/03/2021,Thai Poultry Veterinary Association,,,,,
Achievements,104711,41342,Level 3 Diploma in Work-based Agriculture or Equivalent,,20/05/2014,20/05/2014,,Rajamangala University of Technology,,,,,
Achievements,94597,41335,Health & Safety Short Course,,25/10/2016,25/10/2016,25/10/2021,Thai Poultry Veterinary Association,,,,,
Achievements,94597,41336,Hygiene & Biosecurity Short Course,,13/11/2015,13/11/2015,13/11/2020,Thai Poultry Veterinary Association,,,,,
Achievements,94597,41337,Manual Handling Short Course,,13/11/2015,13/11/2015,13/11/2020,Thai Poultry Veterinary Association,,,,,
Achievements,94597,41338,Poultry Welfare Short Course,,12/11/2015,12/11/2015,12/11/2020,Thai Poultry Veterinary Association,,,,,
Achievements,94597,41341,First Aid Qualification,,20/10/2015,20/10/2015,20/10/2020,Heart Association of Thailand,,,,,
Achievements,94598,41335,Health & Safety Short Course,,25/10/2016,25/10/2016,25/10/2021,Thai Poultry Veterinary Association,,,,,
Achievements,94598,41336,Hygiene & Biosecurity Short Course,,13/11/2015,13/11/2015,13/11/2020,Thai Poultry Veterinary Association,,,,,
Achievements,94598,41337,Manual Handling Short Course,,13/11/2015,13/11/2015,13/11/2020,Thai Poultry Veterinary Association,,,,,
Achievements,94598,41338,Poultry Welfare Short Course,,12/11/2015,12/11/2015,12/11/2020,Thai Poultry Veterinary Association,,,,,
Achievements,94598,41341,First Aid Qualification,,20/10/2015,20/10/2015,20/10/2020,Heart Association of Thailand,,,,,
Achievements,94598,41342,Level 3 Diploma in Work-based Agriculture or Equivalent,,28/04/2011,28/04/2011,,Khon Kaen University,,,,,
Achievements,94599,,The Compartmentalisation in Poultry,,06/03/2007,06/03/2007,06/03/2012,Department of Livestock Development,,,,,
Achievements,94599,,The Safety Officer at Executive Level,,07/11/2005,07/11/2005,07/11/2010,CPF Training,,,,,
Achievements,94599,41342,Level 3 Diploma in Work-based Agriculture or Equivalent,,02/06/1992,02/06/1992,,"Institute of Agricultural Technology, Maejo",,,,,
Achievements,94599,41335,Health & Safety Short Course,,25/10/2016,25/10/2016,25/10/2021,Thai Poultry Veterinary Association,,,,,
Achievements,94599,41336,Hygiene & Biosecurity Short Course,,28/08/2015,28/08/2015,28/08/2020,Thai Poultry Veterinary Association,,,,,
Achievements,94599,41337,Manual Handling Short Course,,28/08/2015,28/08/2015,28/08/2020,Thai Poultry Veterinary Association,,,,,
Achievements,94599,41338,Poultry Welfare Short Course,,27/08/2015,27/08/2015,27/08/2020,Thai Poultry Veterinary Association,,,,,
Achievements,94599,41341,First Aid Qualification,,26/11/2002,26/11/2002,26/11/2007,Charoen Phokphan Food Co Ltd,,,,,
Achievements,94599,41342,Level 3 Diploma in Work-based Agriculture or Equivalent,,02/06/1992,02/06/1992,,Maejo University,,,,,
Achievements,94599,,Environmental Management System,,11/03/2003,11/03/2003,11/03/2008,Enviro Pacific Co Ltd,,,,,
Achievements,94603,41335,Health & Safety Short Course,,25/10/2016,25/10/2016,25/10/2021,Thai Poultry Veterinary Association,,,,,
Achievements,94603,41336,Hygiene & Biosecurity Short Course,,13/11/2015,13/11/2015,13/11/2020,Thai Poultry Veterinary Association,,,,,
Achievements,94603,41337,Manual Handling Short Course,,13/11/2015,13/11/2015,13/11/2020,Thai Poultry Veterinary Association,,,,,
Achievements,94603,41338,Poultry Welfare Short Course,,12/10/2015,12/11/2015,12/11/2020,Thai Poultry Veterinary Association,,,,,
Achievements,94603,41341,First Aid Qualification,,12/06/2017,12/06/2017,12/06/2022,Thai Resusciatation Council,,,,,
Achievements,94603,41342,Level 3 Diploma in Work-based Agriculture or Equivalent,,01/01/1999,01/01/1999,,King Mongkut's Institute of Technology,,,,,
Achievements,104708,41335,Health & Safety Short Course,,24/11/2016,24/11/2016,24/11/2021,Thai Poultry Veterinary Association,,,,,
Achievements,104708,41336,Hygiene & Biosecurity Short Course,,31/03/2016,31/03/2016,31/03/2021,Thai Poultry Veterinary Association,,,,,
Achievements,104708,41337,Manual Handling Short Course,,31/03/2016,31/03/2016,31/03/2021,Thai Poultry Veterinary Association,,,,,
Achievements,104708,41338,Poultry Welfare Short Course,,31/03/2016,31/03/2016,31/03/2021,Thai Poultry Veterinary Association,,,,,
Achievements,104708,41341,First Aid Qualification,,20/10/2015,20/10/2015,20/10/2020,Keangkoi Hospital,,,,,
Achievements,104708,41342,Level 3 Diploma in Work-based Agriculture or Equivalent,,30/04/2010,30/04/2010,,Khonkaen University,,,,,
Achievements,104709,41335,Health & Safety Short Course,,24/11/2016,24/11/2016,24/11/2021,Thai Poultry Veterinary Association,,,,,
Achievements,104709,41336,Hygiene & Biosecurity Short Course,,17/06/2016,17/06/2016,17/06/2021,Thai Poultry Veterinary Association,,,,,
Achievements,104709,41337,Manual Handling Short Course,,17/06/2016,17/06/2016,17/06/2021,Thai Poultry Veterinary Association,,,,,
Achievements,104709,41338,Poultry Welfare Short Course,,16/06/2016,16/06/2016,16/06/2021,Thai Poultry Veterinary Association,,,,,
Achievements,104709,41341,First Aid Qualification,,29/06/2016,29/06/2016,29/06/2021,Keangkoi Hospital,,,,,
Achievements,104709,41342,Level 3 Diploma in Work-based Agriculture or Equivalent,,02/04/2013,02/04/2013,,Khonkaen University,,,,,
Achievements,94604,41335,Health & Safety Short Course,,24/11/2016,24/11/2016,24/11/2021,Thai Poultry Veterinary Association,,,,,
Achievements,94604,41336,Hygiene & Biosecurity Short Course,,13/11/2015,13/11/2015,13/11/2020,Thai Poultry Veterinary Association,,,,,
Achievements,94604,41337,Manual Handling Short Course,,13/11/2015,13/11/2015,13/11/2020,Thai Poultry Veterinary Association,,,,,
Achievements,94604,41338,Poultry Welfare Short Course,,12/11/2015,12/11/2015,12/11/2020,Thai Poultry Veterinary Association,,,,,
Achievements,94604,41341,First Aid Qualification,,01/11/2017,01/11/2017,01/11/2022,The Heart Association of Thailand,,,,,
Achievements,94604,41342,Level 3 Diploma in Work-based Agriculture or Equivalent,,21/04/2010,21/04/2010,,Maejo University,,,,,
Achievements,94605,,Compartmentalisation in Poultry,,28/02/2008,28/02/2008,28/02/2013,Department of Livestock Development,,,,,
Achievements,94605,,Safety Officer at Executive Level,,28/06/2012,28/06/2012,28/06/2017,CPF Training Center,,,,,
Achievements,94605,41336,Hygiene & Biosecurity Short Course,,28/08/2015,28/08/2015,28/08/2020,Thai Poultry Veterinary Association,,,,,
Achievements,94605,41337,Manual Handling Short Course,,27/08/2015,27/08/2015,27/08/2020,Thai Poultry Veterinary Association,,,,,
Achievements,94605,41338,Poultry Welfare Short Course,,27/08/2015,27/08/2015,27/08/2020,Thai Poultry Veterinary Association,,,,,
Achievements,94605,41342,Level 3 Diploma in Work-based Agriculture or Equivalent,,02/11/2000,02/11/2000,,Khon Kaen University,,,,,
Achievements,94605,41335,Health & Safety Short Course,,25/10/2016,25/10/2016,25/10/2021,Thai Poultry Veterinary Association,,,,,
Achievements,94605,41336,Hygiene & Biosecurity Short Course,,28/08/2015,28/08/2015,28/08/2020,Thai Poultry Veterinary Association,,,,,
Achievements,94605,41337,Manual Handling Short Course,,28/08/2015,28/08/2015,28/08/2020,Thai Poultry Veterinary Association,,,,,
Achievements,94605,41338,Poultry Welfare Short Course,,27/08/2015,27/08/2015,27/08/2020,Thai Poultry Veterinary Association,,,,,
Achievements,94605,41341,First Aid Qualification,,01/11/2017,01/11/2017,01/11/2022,The Heart Association of Thailand,,,,,
Achievements,94605,41342,Level 3 Diploma in Work-based Agriculture or Equivalent,,02/11/2000,02/11/2000,,Khon Kaen University,,,,,
Achievements,94606,,Compartmentalisation in Poultry,,25/04/2012,25/04/2012,25/04/2017,Department of Livestock Development,,,,,
Achievements,94606,,Safety Officer at Supervisor Level,,18/10/2005,18/10/2005,18/10/2010,CPF Training Center,,,,,
Achievements,94606,41342,Level 3 Diploma in Work-based Agriculture or Equivalent,,22/11/2001,22/11/2001,,Mahasarakham University,,,,,
Achievements,94606,41335,Health & Safety Short Course,,24/11/2016,24/11/2016,24/11/2021,Thai Poultry Veterinary Association,,,,,
Achievements,94606,41336,Hygiene & Biosecurity Short Course,,13/11/2015,13/11/2015,13/11/2020,Thai Poultry Veterinary Association,,,,,
Achievements,94606,41337,Manual Handling Short Course,,13/11/2015,13/11/2015,13/11/2020,Thai Poultry Veterinary Association,,,,,
Achievements,94606,41338,Poultry Welfare Short Course,,12/11/2015,12/11/2015,12/11/2020,Thai Poultry Veterinary Association,,,,,
Achievements,94606,41341,First Aid Qualification,,23/06/2016,23/06/2016,23/06/2021,Kaengkhoi Hospital,,,,,
Achievements,94606,41342,Level 3 Diploma in Work-based Agriculture or Equivalent,,22/11/2001,22/11/2001,,Mahasarakham University,,,,,
Achievements,94608,,Compartmentalisation in Poultry,,06/03/2007,06/03/2007,06/03/2012,Department of Livestock Development,,,,,
Achievements,94608,,Safety Officer at Executive Level,,07/11/2005,07/11/2005,07/11/2010,CPF Training Center,,,,,
Achievements,94608,41336,Hygiene & Biosecurity Short Course,,13/11/2015,13/11/2015,13/11/2020,Thai Poultry Veterinary Association,,,,,
Achievements,94608,41337,Manual Handling Short Course,,13/11/2015,13/11/2015,13/11/2020,Thai Poultry Veterinary Association,,,,,
Achievements,94608,41338,Poultry Welfare Short Course,,12/11/2015,12/11/2015,12/11/2020,Thai Poultry Veterinary Association,,,,,
Achievements,94608,41342,Level 3 Diploma in Work-based Agriculture or Equivalent,,31/03/1995,31/03/1995,,Chaing Mai University,,,,,
Achievements,94608,41335,Health & Safety Short Course,,25/10/2016,25/10/2016,25/10/2021,Thai Poultry Veterinary Association,,,,,
Achievements,94608,41336,Hygiene & Biosecurity Short Course,,13/11/2015,13/11/2015,13/11/2020,Thai Poultry Veterinary Association,,,,,
Achievements,94608,41337,Manual Handling Short Course,,13/11/2015,13/11/2015,13/11/2020,Thai Poultry Veterinary Association,,,,,
Achievements,94608,41338,Poultry Welfare Short Course,,12/11/2015,12/11/2015,12/11/2020,Thai Poultry Veterinary Association,,,,,
Achievements,94608,41341,First Aid Qualification,,01/11/2017,01/11/2017,01/11/2022,The Heart Association of Thailand,,,,,
Achievements,94608,41342,Level 3 Diploma in Work-based Agriculture or Equivalent,,31/03/1995,31/03/1995,,Chiang Mai University,,,,,
Achievements,94609,,The Compartmentalisation in Poultry,,25/04/2012,25/04/2012,25/04/2017,Department of Livestock Development,,,,,
Achievements,94609,,Safety Officer at Supervisor Level,,28/03/2003,28/03/2003,28/03/2008,CPF Training Center,,,,,
Achievements,94609,41336,Hygiene & Biosecurity Short Course,,28/08/2015,28/08/2015,28/08/2020,Thai Poultry Veterinary Association,,,,,
Achievements,94609,41337,Manual Handling Short Course,,28/08/2015,28/08/2015,28/08/2020,Thai Poultry Veterinary Association,,,,,
Achievements,94609,41338,Poultry Welfare Short Course,,27/08/2015,27/08/2015,27/08/2020,Thai Poultry Veterinary Association,,,,,
Achievements,94609,41342,Level 3 Diploma in Work-based Agriculture or Equivalent,,04/04/2001,04/04/2001,,Khon Kaen University,,,,,
Achievements,94609,41335,Health & Safety Short Course,,25/10/2016,25/10/2016,25/10/2021,Thai Poultry Veterinary Association,,,,,
Achievements,94609,41336,Hygiene & Biosecurity Short Course,,28/08/2015,28/08/2015,28/08/2020,Thai Poultry Veterinary Association,,,,,
Achievements,94609,41337,Manual Handling Short Course,,28/08/2015,28/08/2015,28/08/2020,Thai Poultry Veterinary Association,,,,,
Achievements,94609,41338,Poultry Welfare Short Course,,27/08/2015,27/08/2015,27/08/2020,Thai Poultry Veterinary Association,,,,,
Achievements,94609,41341,First Aid Qualification,,01/11/2017,01/11/2017,01/11/2022,The Heart Association of Thailand,,,,,
Achievements,94609,41342,Level 3 Diploma in Work-based Agriculture or Equivalent,,04/04/2001,04/04/2001,,Khon Kaen University,,,,,
Achievements,103725,41335,Health & Safety Short Course,,27/07/2017,27/07/2017,27/07/2022,Thai Poultry Veterinary Association,,,,,
Achievements,103725,41336,Hygiene & Biosecurity Short Course,,26/07/2017,26/07/2017,26/07/2022,Thai Poultry Veterinary Association,,,,,
Achievements,103725,41337,Manual Handling Short Course,,26/07/2017,26/07/2017,26/07/2022,Thai Poultry Veterinary Association,,,,,
Achievements,103725,41338,Poultry Welfare Short Course,,27/07/2017,27/07/2017,27/07/2022,Thai Poultry Veterinary Association,,,,,
Achievements,103725,41342,Level 3 Diploma in Work-based Agriculture or Equivalent,,28/02/2010,28/02/2010,,Rajamangala University of Technology,,,,,
Achievements,104707,41335,Health & Safety Short Course,,25/10/2016,25/10/2016,25/10/2021,Thai Poultry Veterinary Association,,,,,
Achievements,104707,41336,Hygiene & Biosecurity Short Course,,31/03/2016,31/03/2016,31/03/2021,Thai Poultry Veterinary Association,,,,,
Achievements,104707,41337,Manual Handling Short Course,,31/03/2016,31/03/2016,31/03/2021,Thai Poultry Veterinary Association,,,,,
Achievements,104707,41338,Poultry Welfare Short Course,,30/03/2016,30/03/2016,30/03/2021,Thai Poultry Veterinary Association,,,,,
Achievements,104707,41342,Level 3 Diploma in Work-based Agriculture or Equivalent,,20/05/2014,20/05/2014,,Rajamangala University of Technology,,,,,
Achievements,94611,,The Compartmentalisation in Poultry,,06/03/2007,06/03/2007,06/03/2012,Department of Livestock Development,,,,,
Achievements,94611,,Safety Officer at Executive Level,,07/11/2005,07/11/2005,07/11/2010,CPF Training Center,,,,,
Achievements,94611,41342,Level 3 Diploma in Work-based Agriculture or Equivalent,,01/01/2000,01/01/2000,,Maejo University,,,,,
Achievements,94611,41335,Health & Safety Short Course,,24/11/2016,24/11/2016,24/11/2021,Thai Poultry Veterinary Association,,,,,
Achievements,94611,41336,Hygiene & Biosecurity Short Course,,25/03/2015,25/03/2015,25/03/2020,Thai Poultry Veterinary Association,,,,,
Achievements,94611,41337,Manual Handling Short Course,,25/03/2015,25/03/2015,25/03/2020,Thai Poultry Veterinary Association,,,,,
Achievements,94611,41338,Poultry Welfare Short Course,,24/03/2015,24/03/2015,24/03/2020,Thai Poultry Veterinary Association,,,,,
Achievements,94611,41341,First Aid Qualification,,02/03/2016,02/03/2016,02/03/2021,Thai Resuscitatino Council,,,,,
Achievements,94611,41342,Level 3 Diploma in Work-based Agriculture or Equivalent,,01/01/2000,01/01/2000,,Maejo University,,,,,
Achievements,94612,,Safety Officer at Executive Level,,20/12/2005,20/12/2005,20/12/2010,CPF Training Center,,,,,
Achievements,94612,41342,Level 3 Diploma in Work-based Agriculture or Equivalent,,01/01/2004,01/01/2004,,Khon Kaen University,,,,,
Achievements,94612,41335,Health & Safety Short Course,,24/11/2016,24/11/2016,24/11/2021,Thai Poultry Veterinary Association,,,,,
Achievements,94612,41336,Hygiene & Biosecurity Short Course,,28/08/2015,28/08/2015,28/08/2020,Thai Poultry Veterinary Association,,,,,
Achievements,94612,41337,Manual Handling Short Course,,28/08/2015,28/08/2015,28/08/2020,Thai Poultry Veterinary Association,,,,,
Achievements,94612,41338,Poultry Welfare Short Course,,27/08/2015,27/08/2015,27/08/2020,Thai Poultry Veterinary Association,,,,,
Achievements,94612,41341,First Aid Qualification,,02/03/2016,02/03/2016,02/03/2021,Thai Resuscitatino Council,,,,,
Achievements,94612,41342,Level 3 Diploma in Work-based Agriculture or Equivalent,,01/01/2004,01/01/2004,,Khon Kaen University,,,,,
Achievements,94613,41335,Health & Safety Short Course,,25/10/2016,25/10/2016,25/10/2021,Thai Poultry Veterinary Association,,,,,
Achievements,94613,41336,Hygiene & Biosecurity Short Course,,13/11/2015,13/11/2015,13/11/2020,Thai Poultry Veterinary Association,,,,,
Achievements,94613,41337,Manual Handling Short Course,,13/11/2015,13/11/2015,13/11/2020,Thai Poultry Veterinary Association,,,,,
Achievements,94613,41338,Poultry Welfare Short Course,,12/11/2015,12/11/2015,12/11/2020,Thai Poultry Veterinary Association,,,,,
Achievements,94613,41341,First Aid Qualification,,02/03/2016,02/03/2016,02/03/2021,Thai Resuscitatino Council,,,,,
Achievements,94613,41342,Level 3 Diploma in Work-based Agriculture or Equivalent,,01/01/1999,01/01/1999,,Khonkaen University,,,,,
Achievements,94619,41341,First Aid Qualification,,20/09/2017,20/09/2017,20/09/2022,Thai Red Cross,,,,,
Achievements,95365,41335,Health & Safety Short Course,,24/11/2016,24/11/2016,24/11/2021,Thai Poultry Veterinary Association,,,,,
Achievements,95373,41335,Health & Safety Short Course,,25/11/2016,25/11/2016,25/11/2021,Thai Poultry Veterinary Association,,,,,
Achievements,95373,41336,Hygiene & Biosecurity Short Course,,26/07/2017,26/07/2017,26/07/2022,Thai Poultry Veterinary Association,,,,,
Achievements,95373,41337,Manual Handling Short Course,,26/07/2017,26/07/2017,26/07/2022,Thai Poultry Veterinary Association,,,,,
Achievements,95373,41338,Poultry Welfare Short Course,,27/07/2017,27/07/2017,27/07/2022,Thai Poultry Veterinary Association,,,,,
Achievements,95374,41335,Health & Safety Short Course,,27/07/2017,27/07/2017,27/07/2022,Thai Poultry Veterinary Association,,,,,
Achievements,95374,41336,Hygiene & Biosecurity Short Course,,26/07/2017,26/07/2017,26/07/2022,Thai Poultry Veterinary Association,,,,,
Achievements,95374,41337,Manual Handling Short Course,,26/07/2017,26/07/2017,26/07/2022,Thai Poultry Veterinary Association,,,,,
Achievements,95374,41338,Poultry Welfare Short Course,,27/07/2017,27/07/2017,27/07/2022,Thai Poultry Veterinary Association,,,,,
Achievements,95375,41335,Health & Safety Short Course,,25/11/2016,25/11/2016,25/11/2021,Thai Poultry Veterinary Association,,,,,
Achievements,95376,41335,Health & Safety Short Course,,24/11/2016,24/11/2016,24/11/2021,Thai Poultry Veterinary Association,,,,,
Achievements,95512,41335,Health & Safety Short Course,,24/11/2016,24/11/2016,24/11/2021,Thai Poultry Veterinary Association,,,,,
Achievements,95512,41336,Hygiene & Biosecurity Short Course,,26/07/2017,26/07/2017,26/07/2022,Thai Poultry Veterinary Association,,,,,
Achievements,95512,41337,Manual Handling Short Course,,26/07/2017,26/07/2017,26/07/2022,Thai Poultry Veterinary Association,,,,,
Achievements,95512,41338,Poultry Welfare Short Course,,27/07/2017,27/07/2017,27/07/2022,Thai Poultry Veterinary Association,,,,,
Achievements,95680,41335,Health & Safety Short Course,,25/11/2016,25/11/2016,25/11/2021,Thai Poultry Veterinary Association,,,,,
Achievements,96317,41335,Health & Safety Short Course,,25/11/2016,25/11/2016,25/11/2021,Thai Poultry Veterinary Association,,,,,
Achievements,96318,41335,Health & Safety Short Course,,25/11/2016,25/11/2016,25/11/2021,Thai Poultry Veterinary Association,,,,,
Achievements,96318,41336,Hygiene & Biosecurity Short Course,,28/08/2015,28/08/2015,28/08/2020,Thai Poultry Veterinary Association,,,,,
Achievements,96318,41337,Manual Handling Short Course,,28/08/2015,28/08/2015,28/08/2020,Thai Poultry Veterinary Association,,,,,
Achievements,96318,41338,Poultry Welfare Short Course,,27/08/2015,27/08/2015,27/08/2020,Thai Poultry Veterinary Association,,,,,
Achievements,99017,41335,Health & Safety Short Course,,27/07/2017,27/07/2017,27/07/2022,Thai Poultry Veterinary Association,,,,,
Achievements,99017,41336,Hygiene & Biosecurity Short Course,,26/07/2017,26/07/2017,26/07/2022,Thai Poultry Veterinary Association,,,,,
Achievements,99017,41337,Manual Handling Short Course,,26/07/2017,26/07/2017,26/07/2022,Thai Poultry Veterinary Association,,,,,
Achievements,99017,41338,Poultry Welfare Short Course,,27/07/2017,27/07/2017,27/07/2022,Thai Poultry Veterinary Association,,,,,
Achievements,94740,,HACCP in Hatchery and Poultry Farm,,20/10/2014,20/10/2014,20/10/2019,MSD Animal Health,,,,,
Achievements,94740,,ISO 9001: 2008,,16/02/2012,16/02/2012,16/02/2017,Department of Skill Development,,,,,
Achievements,94740,,Quality Management System ISO 9001: 2008,,14/01/2011,14/01/2011,14/01/2016,Department of Skill Development,,,,,
Achievements,94740,,Compartment Management of Broiler Breeder Chicken Farm for Agriculturist,,14/05/2012,14/05/2012,14/05/2017,Department of Livestock Development,,,,,
Achievements,94740,41338,Poultry Welfare Short Course,,07/01/2014,07/01/2014,07/01/2019,Animal Welfare Training,,,,,
Achievements,94740,41341,First Aid Qualification,,15/12/2014,15/12/2014,15/12/2017,Bangkok Ratchasima Hospital,,,,,
Achievements,94740,41342,Level 3 Diploma in Work-based Agriculture or Equivalent,,10/03/2008,10/03/2008,,Maejo University,,,,,
Achievements,94740,41335,Health & Safety Short Course,,29/09/2016,29/09/2016,29/09/2021,Thai Poultry Veterinary Association,,,,,
Achievements,94740,41336,Hygiene & Biosecurity Short Course,,25/03/2015,25/03/2015,25/03/2020,Thai Poultry Veterinary Association,,,,,
Achievements,94740,41337,Manual Handling Short Course,,25/03/2015,25/03/2015,25/03/2020,Thai Poultry Veterinary Association,,,,,
Achievements,94740,41338,Poultry Welfare Short Course,,24/03/2015,24/03/2015,24/03/2020,Thai Poultry Veterinary Association,,,,,
Achievements,94740,41341,First Aid Qualification,,15/12/2014,15/12/2014,15/12/2019,Bangkok Ratchasima Hospital,,,,,
Achievements,94740,41342,Level 3 Diploma in Work-based Agriculture or Equivalent,,10/03/2008,10/03/2008,,Maejo University,,,,,
Achievements,94740,,Pest Control and Pesticide Safety,,15/02/2016,15/02/2016,15/02/2021,Department of Pest Management,,,,,
Achievements,94741,,Basic Life Support Training Session,,19/01/2015,19/01/2015,19/01/2020,Saint Mary's Hospital,,,,,
Achievements,95534,41335,Health & Safety Short Course,,27/07/2017,27/07/2017,27/07/2022,Thai Poultry Veterinary Association,,,,,
Achievements,95534,41336,Hygiene & Biosecurity Short Course,,31/03/2016,31/03/2016,31/03/2021,Thai Poultry Veterinary Association,,,,,
Achievements,95534,41337,Manual Handling Short Course,,31/03/2016,31/03/2016,31/03/2021,Thai Poultry Veterinary Association,,,,,
Achievements,95534,41338,Poultry Welfare Short Course,,30/03/2016,30/03/2016,30/03/2021,Thai Poultry Veterinary Association,,,,,
Achievements,95534,41342,Level 3 Diploma in Work-based Agriculture or Equivalent,,11/03/2013,11/03/2013,,Ubon Ratchathani University,,,,,
Achievements,95537,41336,Hygiene & Biosecurity Short Course,,31/03/2016,31/03/2016,31/03/2021,Thai Poultry Veterinary Association,,,,,
Achievements,95537,41337,Manual Handling Short Course,,31/03/2016,31/03/2016,31/03/2021,Thai Poultry Veterinary Association,,,,,
Achievements,95537,41338,Poultry Welfare Short Course,,30/03/2016,30/03/2016,30/03/2021,Thai Poultry Veterinary Association,,,,,
Achievements,95537,41342,Level 3 Diploma in Work-based Agriculture or Equivalent,,25/05/2015,25/05/2015,,Kasetsart University,,,,,
Achievements,94644,41335,Health & Safety Short Course,,29/09/2016,29/09/2016,29/09/2021,Thai Poultry Veterinary Association,,,,,
Achievements,94644,41337,Manual Handling Short Course,,25/03/2015,25/03/2015,25/03/2020,Thai Poultry Veterinary Association,,,,,
Achievements,94644,41338,Poultry Welfare Short Course,,24/03/2015,24/03/2015,24/03/2020,Thai Poultry Veterinary Association,,,,,
Achievements,94644,41341,First Aid Qualification,,03/09/2015,03/09/2015,03/09/2020,Thai Red Cross,,,,,
Achievements,94644,41342,Level 3 Diploma in Work-based Agriculture or Equivalent,,11/03/2001,11/03/2001,,Rajamangala Institute of Technology,,,,,
Achievements,94645,41335,Health & Safety Short Course,,29/09/2016,29/09/2016,29/09/2021,Thai Poultry Veterinary Association,,,,,
Achievements,94645,41336,Hygiene & Biosecurity Short Course,,25/03/2015,25/03/2015,25/03/2020,Thai Poultry Veterinary Association,,,,,
Achievements,94645,41337,Manual Handling Short Course,,25/03/2015,25/03/2015,25/03/2020,Thai Poultry Veterinary Association,,,,,
Achievements,94645,41338,Poultry Welfare Short Course,,24/03/2015,24/03/2015,24/03/2020,Thai Poultry Veterinary Association,,,,,
Achievements,94645,41341,First Aid Qualification,,13/09/2015,13/09/2015,13/09/2020,Thai Poultry Veterinary Association,,,,,
Achievements,94645,41342,Level 3 Diploma in Work-based Agriculture or Equivalent,,05/03/1999,05/03/1999,,Rajamangala Institute of Technology,,,,,
Achievements,94647,41335,Health & Safety Short Course,,29/09/2016,29/09/2016,29/09/2021,Thai Poultry Veterinary Association,,,,,
Achievements,94647,41336,Hygiene & Biosecurity Short Course,,29/04/2015,29/04/2015,29/04/2020,Thai Poultry Veterinary Association,,,,,
Achievements,94647,41337,Manual Handling Short Course,,29/04/2015,29/04/2015,29/04/2020,Thai Poultry Veterinary Association,,,,,
Achievements,94647,41338,Poultry Welfare Short Course,,28/04/2015,28/04/2015,28/04/2020,Thai Poultry Veterinary Association,,,,,
Achievements,94647,41341,First Aid Qualification,,03/09/2015,03/09/2015,03/09/2020,Thai Red Cross,,,,,
Achievements,94647,41342,Level 3 Diploma in Work-based Agriculture or Equivalent,,28/03/1986,28/03/1986,,0,,,,,
Achievements,94648,41335,Health & Safety Short Course,,29/09/2016,29/09/2016,29/09/2021,Thai Poultry Veterinary Association,,,,,
Achievements,94648,41336,Hygiene & Biosecurity Short Course,,09/06/2015,09/06/2015,09/06/2020,Thai Poultry Veterinary Association,,,,,
Achievements,94648,41337,Manual Handling Short Course,,09/06/2015,09/06/2015,09/06/2020,Thai Poultry Veterinary Association,,,,,
Achievements,94648,41338,Poultry Welfare Short Course,,10/06/2015,10/06/2015,10/06/2020,Thai Poultry Veterinary Association,,,,,
Achievements,94648,41341,First Aid Qualification,,03/09/2015,03/09/2015,03/09/2020,Thai Red Cross,,,,,
Achievements,94648,41342,Level 3 Diploma in Work-based Agriculture or Equivalent,,09/10/1992,09/10/1992,,Sukhothai Thammathirat Open University,,,,,
Achievements,94649,41335,Health & Safety Short Course,,25/10/2016,25/10/2016,25/10/2021,Thai Poultry Veterinary Association,,,,,
Achievements,94649,41336,Hygiene & Biosecurity Short Course,,29/04/2015,29/04/2015,29/04/2020,Thai Poultry Veterinary Association,,,,,
Achievements,94649,41337,Manual Handling Short Course,,29/04/2015,29/04/2015,29/04/2020,Thai Poultry Veterinary Association,,,,,
Achievements,94649,41338,Poultry Welfare Short Course,,28/04/2015,28/04/2015,28/04/2020,Thai Poultry Veterinary Association,,,,,
Achievements,94649,41341,First Aid Qualification,,03/09/2015,03/09/2015,03/09/2020,Thai Red Cross,,,,,
Achievements,94649,41342,Level 3 Diploma in Work-based Agriculture or Equivalent,,28/02/2005,28/02/2005,,Mahanakorn University of Technology,,,,,
Achievements,94650,41335,Health & Safety Short Course,,29/09/2016,29/09/2016,29/09/2021,Thai Poultry Veterinary Association,,,,,
Achievements,94650,41336,Hygiene & Biosecurity Short Course,,08/04/2015,08/04/2015,08/04/2020,Thai Poultry Veterinary Association,,,,,
Achievements,94650,41337,Manual Handling Short Course,,07/04/2015,07/04/2015,07/04/2020,Thai Poultry Veterinary Association,,,,,
Achievements,94650,41338,Poultry Welfare Short Course,,07/04/2015,07/04/2015,07/04/2020,Thai Poultry Veterinary Association,,,,,
Achievements,94650,41341,First Aid Qualification,,03/09/2015,03/09/2015,03/09/2020,Thai Poultry Veterinary Association,,,,,
Achievements,94650,41342,Level 3 Diploma in Work-based Agriculture or Equivalent,,19/03/2012,19/03/2012,,Kasetsart University,,,,,
Achievements,94651,41335,Health & Safety Short Course,,29/09/2016,29/09/2016,29/09/2021,Thai Poultry Veterinary Association,,,,,
Achievements,94651,41336,Hygiene & Biosecurity Short Course,,09/06/2015,09/06/2015,09/06/2020,Thai Poultry Veterinary Association,,,,,
Achievements,94651,41337,Manual Handling Short Course,,09/06/2015,09/06/2015,09/06/2020,Thai Poultry Veterinary Association,,,,,
Achievements,94651,41338,Poultry Welfare Short Course,,10/06/2015,10/06/2015,10/06/2020,Thai Poultry Veterinary Association,,,,,
Achievements,94651,41341,First Aid Qualification,,02/09/2015,02/09/2015,02/09/2020,Thai Red Cross,,,,,
Achievements,94651,41342,Level 3 Diploma in Work-based Agriculture or Equivalent,,19/11/2010,19/11/2010,,Khon Kaen University,,,,,
Achievements,94652,41335,Health & Safety Short Course,,25/10/2016,25/10/2016,25/10/2021,Thai Poultry Veterinary Association,,,,,
Achievements,94652,41336,Hygiene & Biosecurity Short Course,,09/06/2015,09/06/2015,09/06/2020,Thai Poultry Veterinary Association,,,,,
Achievements,94652,41337,Manual Handling Short Course,,09/06/2015,09/06/2015,09/06/2020,Thai Poultry Veterinary Association,,,,,
Achievements,94652,41338,Poultry Welfare Short Course,,10/06/2015,10/06/2015,10/06/2020,Thai Poultry Veterinary Association,,,,,
Achievements,94652,41341,First Aid Qualification,,03/09/2015,03/09/2015,03/09/2020,Thai Red Cross,,,,,
Achievements,94652,41342,Level 3 Diploma in Work-based Agriculture or Equivalent,,15/03/2010,15/03/2010,,Mahanakorn University of Technology,,,,,
Achievements,94653,41335,Health & Safety Short Course,,29/09/2016,29/09/2016,29/09/2021,Thai Poultry Veterinary Association,,,,,
Achievements,94653,41336,Hygiene & Biosecurity Short Course,,09/06/2015,09/06/2015,09/06/2020,Thai Poultry Veterinary Association,,,,,
Achievements,94653,41337,Manual Handling Short Course,,09/06/2015,09/06/2015,09/06/2020,Thai Poultry Veterinary Association,,,,,
Achievements,94653,41338,Poultry Welfare Short Course,,10/06/2015,10/06/2015,10/06/2020,Thai Poultry Veterinary Association,,,,,
Achievements,94653,41341,First Aid Qualification,,03/09/2015,03/09/2015,03/09/2020,Thai Red Cross,,,,,
Achievements,94653,41342,Level 3 Diploma in Work-based Agriculture or Equivalent,,11/03/2001,11/03/2001,,Rajamangala Institute of Technology,,,,,
Achievements,94655,41335,Health & Safety Short Course,,29/09/2016,29/09/2016,29/09/2021,Thai Poultry Veterinary Association,,,,,
Achievements,94655,41337,Manual Handling Short Course,,09/06/2015,09/06/2015,09/06/2020,Thai Poultry Veterinary Association,,,,,
Achievements,94655,41338,Poultry Welfare Short Course,,10/06/2015,10/06/2015,10/06/2020,Thai Poultry Veterinary Association,,,,,
Achievements,94655,41341,First Aid Qualification,,02/09/2015,02/09/2015,02/09/2020,Thai Red Cross,,,,,
Achievements,94655,41342,Level 3 Diploma in Work-based Agriculture or Equivalent,,11/07/2002,11/07/2002,,Rajamangala Institute of Technology,,,,,
Achievements,94656,41336,Hygiene & Biosecurity Short Course,,09/06/2015,09/06/2015,09/06/2020,Thai Poultry Veterinary Association,,,,,
Achievements,94656,41337,Manual Handling Short Course,,09/06/2015,09/06/2015,09/06/2020,Thai Poultry Veterinary Association,,,,,
Achievements,94656,41338,Poultry Welfare Short Course,,10/06/2015,10/06/2015,10/06/2020,Thai Poultry Veterinary Association,,,,,
Achievements,94656,41341,First Aid Qualification,,29/09/2016,29/09/2016,29/09/2021,Thai Red Cross,,,,,
Achievements,94656,41342,Level 3 Diploma in Work-based Agriculture or Equivalent,,26/02/2008,26/02/2008,,Chiang Mai University,,,,,
Achievements,94657,41335,Health & Safety Short Course,,29/09/2016,29/09/2016,29/09/2021,Thai Poultry Veterinary Association,,,,,
Achievements,94657,41336,Hygiene & Biosecurity Short Course,,09/06/2015,09/06/2015,09/06/2020,Thai Poultry Veterinary Association,,,,,
Achievements,94657,41337,Manual Handling Short Course,,09/06/2015,09/06/2015,09/06/2020,Thai Poultry Veterinary Association,,,,,
Achievements,94657,41338,Poultry Welfare Short Course,,10/06/2015,10/06/2015,10/06/2020,Thai Poultry Veterinary Association,,,,,
Achievements,94657,41341,First Aid Qualification,,03/09/2015,03/09/2015,03/09/2020,Thai Red Cross,,,,,
Achievements,94657,41342,Level 3 Diploma in Work-based Agriculture or Equivalent,,19/04/1996,19/04/1996,,0,,,,,
Achievements,94658,41335,Health & Safety Short Course,,29/09/2016,29/09/2016,29/09/2021,Thai Poultry Veterinary Association,,,,,
Achievements,94658,41336,Hygiene & Biosecurity Short Course,,09/06/2015,09/06/2015,09/06/2020,Thai Poultry Veterinary Association,,,,,
Achievements,94658,41337,Manual Handling Short Course,,09/06/2015,09/06/2015,09/06/2020,Thai Poultry Veterinary Association,,,,,
Achievements,94658,41338,Poultry Welfare Short Course,,10/06/2015,10/06/2015,10/06/2020,Thai Poultry Veterinary Association,,,,,
Achievements,94658,41341,First Aid Qualification,,03/09/2015,03/09/2015,03/09/2020,Thai Red Cross,,,,,
Achievements,94658,41342,Level 3 Diploma in Work-based Agriculture or Equivalent,,10/03/2002,10/03/2002,,Rajamangala Institute of Technology,,,,,
Achievements,94659,41335,Health & Safety Short Course,,29/09/2016,29/09/2016,29/09/2021,Thai Poultry Veterinary Association,,,,,
Achievements,94659,41336,Hygiene & Biosecurity Short Course,,09/06/2015,09/06/2015,09/06/2020,Thai Poultry Veterinary Association,,,,,
Achievements,94659,41337,Manual Handling Short Course,,09/06/2015,09/06/2015,09/06/2020,Thai Poultry Veterinary Association,,,,,
Achievements,94659,41338,Poultry Welfare Short Course,,10/06/2015,10/06/2015,10/06/2020,Thai Poultry Veterinary Association,,,,,
Achievements,94659,41341,First Aid Qualification,,22/09/2011,22/09/2011,22/09/2016,Thai Red Cross,,,,,
Achievements,94659,41342,Level 3 Diploma in Work-based Agriculture or Equivalent,,01/06/1992,01/06/1992,,0,,,,,
Achievements,94660,41335,Health & Safety Short Course,,25/10/2016,25/10/2016,25/10/2021,Thai Poultry Veterinary Association,,,,,
Achievements,94660,41336,Hygiene & Biosecurity Short Course,,31/03/2016,31/03/2016,31/03/2021,Thai Poultry Veterinary Association,,,,,
Achievements,94660,41337,Manual Handling Short Course,,31/03/2016,31/03/2016,31/03/2021,Thai Poultry Veterinary Association,,,,,
Achievements,94660,41338,Poultry Welfare Short Course,,30/03/2016,30/03/2016,30/03/2021,Thai Poultry Veterinary Association,,,,,
Achievements,94660,41341,First Aid Qualification,,03/09/2015,03/09/2015,03/09/2020,Thai Red Cross,,,,,
Achievements,94660,41342,Level 3 Diploma in Work-based Agriculture or Equivalent,,18/03/1994,18/03/1994,,0,,,,,
Achievements,94661,41335,Health & Safety Short Course,,29/09/2016,29/09/2016,29/09/2021,Thai Poultry Veterinary Association,,,,,
Achievements,94661,41336,Hygiene & Biosecurity Short Course,,09/06/2015,09/06/2015,09/06/2020,Thai Poultry Veterinary Association,,,,,
Achievements,94661,41337,Manual Handling Short Course,,09/06/2015,09/06/2015,09/06/2020,Thai Poultry Veterinary Association,,,,,
Achievements,94661,41338,Poultry Welfare Short Course,,10/06/2015,10/06/2015,10/06/2020,Thai Poultry Veterinary Association,,,,,
Achievements,94661,41341,First Aid Qualification,,03/09/2015,03/09/2015,03/09/2020,Thai Red Cross,,,,,
Achievements,94661,41342,Level 3 Diploma in Work-based Agriculture or Equivalent,,10/03/2002,10/03/2002,,Chonburi University,,,,,
Achievements,106312,41335,Health & Safety Short Course,,25/10/2016,25/10/2016,25/10/2021,Thai Poultry Veterinary Association,,,,,
Achievements,106312,41336,Hygiene & Biosecurity Short Course,,31/03/2016,31/03/2016,31/03/2021,Thai Poultry Veterinary Association,,,,,
Achievements,106312,41337,Manual Handling Short Course,,31/03/2016,31/03/2016,31/03/2021,Thai Poultry Veterinary Association,,,,,
Achievements,106312,41338,Poultry Welfare Short Course,,30/03/2016,30/03/2016,30/03/2021,Thai Poultry Veterinary Association,,,,,
Achievements,106312,41341,First Aid Qualification,,02/09/2015,02/09/2015,02/09/2020,Thai Red Cross,,,,,
Achievements,106312,41342,Level 3 Diploma in Work-based Agriculture or Equivalent,,01/06/2011,01/06/2011,,0,,,,,
Achievements,106313,41335,Health & Safety Short Course,,29/09/2016,29/09/2016,29/09/2021,Thai Poultry Veterinary Association,,,,,
Achievements,106313,41336,Hygiene & Biosecurity Short Course,,31/03/2016,31/03/2016,31/03/2021,Thai Poultry Veterinary Association,,,,,
Achievements,106313,41337,Manual Handling Short Course,,31/03/2016,31/03/2016,31/03/2021,Thai Poultry Veterinary Association,,,,,
Achievements,106313,41338,Poultry Welfare Short Course,,30/03/2016,30/03/2016,30/03/2021,Thai Poultry Veterinary Association,,,,,
Achievements,106313,41341,First Aid Qualification,,02/09/2015,02/09/2015,02/09/2020,Thai Red Cross,,,,,
Achievements,106313,41342,Level 3 Diploma in Work-based Agriculture or Equivalent,,01/05/2001,01/05/2001,,0,,,,,
Achievements,106314,41335,Health & Safety Short Course,,29/09/2016,29/09/2016,29/09/2021,Thai Poultry Veterinary Association,,,,,
Achievements,106314,41336,Hygiene & Biosecurity Short Course,,31/03/2016,31/03/2016,31/03/2021,Thai Poultry Veterinary Association,,,,,
Achievements,106314,41337,Manual Handling Short Course,,31/03/2016,31/03/2016,31/03/2021,Thai Poultry Veterinary Association,,,,,
Achievements,106314,41338,Poultry Welfare Short Course,,30/03/2016,30/03/2016,30/03/2021,Thai Poultry Veterinary Association,,,,,
Achievements,106314,41341,First Aid Qualification,,21/09/2014,21/09/2014,21/09/2019,Thai Red Cross,,,,,
Achievements,106314,41342,Level 3 Diploma in Work-based Agriculture or Equivalent,,20/03/2002,20/03/2002,,Ubon Ratchathani University,,,,,
Achievements,106321,41335,Health & Safety Short Course,,27/07/2017,27/07/2017,27/07/2022,Thai Poultry Veterinary Association,,,,,
Achievements,106321,41336,Hygiene & Biosecurity Short Course,,26/07/2017,26/07/2017,26/07/2022,Thai Poultry Veterinary Association,,,,,
Achievements,106321,41337,Manual Handling Short Course,,26/07/2017,26/07/2017,26/07/2022,Thai Poultry Veterinary Association,,,,,
Achievements,106321,41338,Poultry Welfare Short Course,,27/07/2017,27/07/2017,27/07/2022,Thai Poultry Veterinary Association,,,,,
Achievements,106321,41341,First Aid Qualification,,22/09/2014,22/09/2014,22/09/2019,Thai Red Cross,,,,,
Achievements,106321,41342,Level 3 Diploma in Work-based Agriculture or Equivalent,,08/10/2000,08/10/2000,,Rajamangala Institute of Technology,,,,,
Achievements,106322,41335,Health & Safety Short Course,,27/07/2017,27/07/2017,27/07/2022,Thai Poultry Veterinary Association,,,,,
Achievements,106322,41336,Hygiene & Biosecurity Short Course,,26/07/2017,26/07/2017,26/07/2022,Thai Poultry Veterinary Association,,,,,
Achievements,106322,41337,Manual Handling Short Course,,26/07/2017,26/07/2017,26/07/2022,Thai Poultry Veterinary Association,,,,,
Achievements,106322,41338,Poultry Welfare Short Course,,27/07/2017,27/07/2017,27/07/2022,Thai Poultry Veterinary Association,,,,,
Achievements,106322,41341,First Aid Qualification,,03/09/2015,03/09/2015,03/09/2020,Thai Red Cross,,,,,
Achievements,106322,41342,Level 3 Diploma in Work-based Agriculture or Equivalent,,30/03/2012,30/03/2012,,Nakhon Phanom Agriculture and Technology,,,,,
Achievements,106323,41335,Health & Safety Short Course,,27/07/2017,27/07/2017,27/07/2022,Thai Poultry Veterinary Association,,,,,
Achievements,106323,41336,Hygiene & Biosecurity Short Course,,26/07/2017,26/07/2017,26/07/2022,Thai Poultry Veterinary Association,,,,,
Achievements,106323,41337,Manual Handling Short Course,,26/07/2017,26/07/2017,26/07/2022,Thai Poultry Veterinary Association,,,,,
Achievements,106323,41338,Poultry Welfare Short Course,,27/07/2017,27/07/2017,27/07/2022,Thai Poultry Veterinary Association,,,,,
Achievements,106323,41341,First Aid Qualification,,14/09/2015,14/09/2015,14/09/2020,Thai Red Cross,,,,,
Achievements,106323,41342,Level 3 Diploma in Work-based Agriculture or Equivalent,,10/03/2002,10/03/2002,,0,,,,,
Achievements,94662,41335,Health & Safety Short Course,,29/09/2016,29/09/2016,29/09/2021,Thai Poultry Veterinary Association,,,,,
Achievements,94662,41336,Hygiene & Biosecurity Short Course,,08/04/2015,08/04/2015,08/04/2020,Thai Poultry Veterinary Association,,,,,
Achievements,94662,41337,Manual Handling Short Course,,07/04/2015,07/04/2015,07/04/2020,Thai Poultry Veterinary Association,,,,,
Achievements,94662,41338,Poultry Welfare Short Course,,07/04/2015,07/04/2015,07/04/2020,Thai Poultry Veterinary Association,,,,,
Achievements,94662,41341,First Aid Qualification,,02/09/2015,02/09/2015,02/09/2020,Thai Red Cross,,,,,
Achievements,94662,41342,Level 3 Diploma in Work-based Agriculture or Equivalent,,24/05/2000,19/03/2004,,Ubon Rajathanee University,,,,,
Achievements,94663,41335,Health & Safety Short Course,,29/09/2016,29/09/2016,29/09/2021,Thai Poultry Veterinary Association,,,,,
Achievements,94663,41336,Hygiene & Biosecurity Short Course,,09/06/2015,09/06/2015,09/06/2020,Thai Poultry Veterinary Association,,,,,
Achievements,94663,41337,Manual Handling Short Course,,09/06/2015,09/06/2015,09/06/2020,Thai Poultry Veterinary Association,,,,,
Achievements,94663,41338,Poultry Welfare Short Course,,10/06/2015,10/06/2015,10/06/2020,Thai Poultry Veterinary Association,,,,,
Achievements,94663,41341,First Aid Qualification,,02/09/2015,02/09/2015,02/09/2020,Thai Red Cross,,,,,
Achievements,94663,41342,Level 3 Diploma in Work-based Agriculture or Equivalent,,27/05/1996,28/04/2000,,Ubon Ratchathani University,,,,,
Achievements,95804,41335,Health & Safety Short Course,,25/10/2016,25/10/2016,25/10/2021,Thai Poultry Veterinary Association,,,,,
Achievements,95807,41335,Health & Safety Short Course,,24/11/2016,24/11/2016,24/11/2021,Thai Poultry Veterinary Association,,,,,
Achievements,95807,41336,Hygiene & Biosecurity Short Course,,17/06/2016,17/06/2016,17/06/2021,Thai Poultry Veterinary Association,,,,,
Achievements,95807,41337,Manual Handling Short Course,,17/06/2016,17/06/2016,17/06/2021,Thai Poultry Veterinary Association,,,,,
Achievements,95807,41338,Poultry Welfare Short Course,,16/06/2016,16/06/2016,16/06/2021,Thai Poultry Veterinary Association,,,,,
Achievements,95807,41341,First Aid Qualification,,23/06/2015,23/06/2015,23/06/2020,The Thai Red Cross Society,,,,,
Achievements,94396,41335,Health & Safety Short Course,,25/11/2016,25/11/2016,25/11/2021,Thai Poultry Veterinary Association,,,,,
Achievements,94667,41335,Health & Safety Short Course,,15/11/2016,15/11/2016,15/11/2021,Poultec Training,,,,,
Achievements,94667,41338,Poultry Welfare Short Course,,26/08/2014,26/08/2014,26/08/2019,Poultec Training,,,,,
Achievements,94669,41335,Health & Safety Short Course,,15/11/2016,15/11/2016,15/11/2021,Poultec Training,,,,,
Achievements,94669,41338,Poultry Welfare Short Course,,27/08/2014,27/08/2014,27/08/2019,Poultec Training,,,,,
Achievements,94671,41335,Health & Safety Short Course,,14/11/2016,14/11/2016,14/11/2021,Poultec Training,,,,,
Achievements,94671,41336,Hygiene & Biosecurity Short Course,,08/12/2016,08/12/2016,08/12/2021,Poultec Training,,,,,
Achievements,94672,41335,Health & Safety Short Course,,14/11/2016,14/11/2016,14/11/2021,Poultec Training,,,,,
Achievements,94675,41335,Health & Safety Short Course,,14/11/2016,14/11/2016,14/11/2021,Poultec Training,,,,,
Achievements,94676,41338,Poultry Welfare Short Course,,26/08/2014,26/08/2014,26/08/2019,Poultec Training,,,,,
Achievements,101726,41335,Health & Safety Short Course,,15/11/2016,15/11/2016,15/11/2021,Poultec Training,,,,,
Achievements,101727,41335,Health & Safety Short Course,,15/11/2016,15/11/2016,15/11/2021,Poultec Training,,,,,
Achievements,101728,41335,Health & Safety Short Course,,14/11/2016,14/11/2016,14/11/2021,Poultec Training,,,,,
Achievements,101729,41335,Health & Safety Short Course,,14/11/2016,14/11/2016,14/11/2021,Poultec Training,,,,,
Achievements,101732,41335,Health & Safety Short Course,,14/11/2016,14/11/2016,14/11/2021,Poultec Training,,,,,
Achievements,101733,41335,Health & Safety Short Course,,15/11/2016,15/11/2016,15/11/2021,Poultec Training,,,,,
Achievements,101734,41335,Health & Safety Short Course,,15/11/2016,15/11/2016,15/11/2021,Poultec Training,,,,,
Achievements,101735,41335,Health & Safety Short Course,,14/11/2016,14/11/2016,14/11/2021,Poultec Training,,,,,
Achievements,101736,41335,Health & Safety Short Course,,14/11/2016,14/11/2016,14/11/2021,Poultec Training,,,,,
Achievements,101737,41335,Health & Safety Short Course,,14/11/2016,14/11/2016,14/11/2021,Poultec Training,,,,,
Achievements,101739,41335,Health & Safety Short Course,,15/11/2016,15/11/2016,15/11/2021,Poultec Training,,,,,
Achievements,101739,41338,Poultry Welfare Short Course,,07/12/2016,07/12/2016,07/12/2021,Poultec Training,,,,,
Achievements,101740,41335,Health & Safety Short Course,,14/11/2016,14/11/2016,14/11/2021,Poultec Training,,,,,
Achievements,101741,41335,Health & Safety Short Course,,15/11/2016,15/11/2016,15/11/2021,Poultec Training,,,,,
Achievements,101742,41335,Health & Safety Short Course,,14/11/2016,14/11/2016,14/11/2021,Poultec Training,,,,,
Achievements,101743,41335,Health & Safety Short Course,,14/11/2016,14/11/2016,14/11/2021,Poultec Training,,,,,
Achievements,101743,41336,Hygiene & Biosecurity Short Course,,08/12/2016,08/12/2016,08/12/2021,Poultec Training,,,,,
Achievements,101745,41335,Health & Safety Short Course,,14/11/2016,14/11/2016,14/11/2021,Poultec Training,,,,,
Achievements,101745,41338,Poultry Welfare Short Course,,07/12/2016,07/12/2016,07/12/2021,Poultec Training,,,,,
Achievements,101750,41335,Health & Safety Short Course,,15/11/2016,15/11/2016,15/11/2021,Poultec Training,,,,,
Achievements,101750,41338,Poultry Welfare Short Course,,07/12/2016,07/12/2016,07/12/2021,Poultec Training,,,,,
Achievements,101751,41338,Poultry Welfare Short Course,,07/12/2016,07/12/2016,07/12/2021,Poultec Training,,,,,
Achievements,101752,41335,Health & Safety Short Course,,15/11/2016,15/11/2016,15/11/2021,Poultec Training,,,,,
Achievements,101752,41336,Hygiene & Biosecurity Short Course,,08/12/2016,08/12/2016,08/12/2021,Poultec Training,,,,,
Achievements,101752,41338,Poultry Welfare Short Course,,07/12/2016,07/12/2016,07/12/2021,Poultec Training,,,,,
Achievements,101759,41335,Health & Safety Short Course,,15/11/2016,15/11/2016,15/11/2021,Poultec Training,,,,,
Achievements,101759,41336,Hygiene & Biosecurity Short Course,,08/12/2016,08/12/2016,08/12/2021,Poultec Training,,,,,
Achievements,101759,41338,Poultry Welfare Short Course,,07/12/2016,07/12/2016,07/12/2021,Poultec Training,,,,,
Achievements,101760,41335,Health & Safety Short Course,,15/11/2016,15/11/2016,15/11/2021,Poultec Training,,,,,
Achievements,101766,41335,Health & Safety Short Course,,15/11/2016,15/11/2016,15/11/2021,Poultec Training,,,,,
Achievements,101771,41335,Health & Safety Short Course,,15/11/2016,15/11/2016,15/11/2021,Poultec Training,,,,,
Achievements,101772,41335,Health & Safety Short Course,,15/11/2016,15/11/2016,15/11/2021,Poultec Training,,,,,
Achievements,101773,41335,Health & Safety Short Course,,15/11/2016,15/11/2016,15/11/2021,Poultec Training,,,,,
Achievements,101773,41336,Hygiene & Biosecurity Short Course,,08/12/2016,08/12/2016,08/12/2021,Poultec Training,,,,,
Achievements,101773,41338,Poultry Welfare Short Course,,07/12/2016,07/12/2016,07/12/2021,Poultec Training,,,,,
Achievements,101832,41335,Health & Safety Short Course,,14/11/2016,14/11/2016,14/11/2021,Poultec Training,,,,,
Achievements,101832,41338,Poultry Welfare Short Course,,07/12/2016,07/12/2016,07/12/2021,Poultec Training,,,,,
Achievements,101833,41335,Health & Safety Short Course,,15/11/2016,15/11/2016,15/11/2021,Poultec Training,,,,,
Achievements,101835,41338,Poultry Welfare Short Course,,07/12/2016,07/12/2016,07/12/2021,Poultec Training,,,,,
Achievements,101836,41335,Health & Safety Short Course,,14/11/2016,14/11/2016,14/11/2021,Poultec Training,,,,,
Achievements,94678,41335,Health & Safety Short Course,,25/10/2016,25/10/2016,25/10/2021,Thai Poultry Veterinary Association,,,,,
Achievements,94678,41336,Hygiene & Biosecurity Short Course,,13/11/2015,13/11/2015,13/11/2020,Thai Poultry Veterinary Association,,,,,
Achievements,94678,41337,Manual Handling Short Course,,13/11/2015,13/11/2015,13/11/2020,Thai Poultry Veterinary Association,,,,,
Achievements,94678,41338,Poultry Welfare Short Course,,12/11/2015,12/11/2015,12/11/2020,Thai Poultry Veterinary Association,,,,,
Achievements,94678,41341,First Aid Qualification,,07/12/2017,07/12/2017,07/12/2022,Thai Red Cross,,,,,
Achievements,94678,41342,Level 3 Diploma in Work-based Agriculture or Equivalent,,18/05/2006,18/03/2010,,Khon Kaen University,,,,,
Achievements,94679,41335,Health & Safety Short Course,,25/10/2016,25/10/2016,25/10/2021,Thai Poultry Veterinary Association,,,,,
Achievements,94679,41336,Hygiene & Biosecurity Short Course,,08/07/2015,08/07/2015,08/07/2020,Thai Poultry Veterinary Association,,,,,
Achievements,94679,41337,Manual Handling Short Course,,08/07/2015,08/07/2015,08/07/2020,Thai Poultry Veterinary Association,,,,,
Achievements,94679,41338,Poultry Welfare Short Course,,07/07/2015,07/07/2015,07/07/2020,Thai Poultry Veterinary Association,,,,,
Achievements,94679,41341,First Aid Qualification,,07/12/2017,07/12/2017,07/12/2022,Thai Red Cross,,,,,
Achievements,94679,41342,Level 3 Diploma in Work-based Agriculture or Equivalent,,07/05/1981,07/05/1981,,0,,,,,
Achievements,106423,41335,Health & Safety Short Course,,27/07/2017,27/07/2017,27/07/2022,Thai Poultry Veterinary Association,,,,,
Achievements,106423,41336,Hygiene & Biosecurity Short Course,,26/07/2017,26/07/2017,26/07/2022,Thai Poultry Veterinary Association,,,,,
Achievements,106423,41337,Manual Handling Short Course,,26/07/2017,26/07/2017,26/07/2022,Thai Poultry Veterinary Association,,,,,
Achievements,106423,41338,Poultry Welfare Short Course,,27/07/2017,27/07/2017,27/07/2022,Thai Poultry Veterinary Association,,,,,
Achievements,106423,41341,First Aid Qualification,,07/12/2017,07/12/2017,07/12/2022,Thai Red Cross,,,,,
Achievements,106423,41342,Level 3 Diploma in Work-based Agriculture or Equivalent,,01/06/2011,10/05/2015,,Rajamangala University of Technology,,,,,
Achievements,94680,41335,Health & Safety Short Course,,25/10/2016,25/10/2016,25/10/2021,Thai Poultry Veterinary Association,,,,,
Achievements,94680,41336,Hygiene & Biosecurity Short Course,,08/07/2015,08/07/2015,08/07/2020,Thai Poultry Veterinary Association,,,,,
Achievements,94680,41337,Manual Handling Short Course,,08/07/2015,08/07/2015,08/07/2020,Thai Poultry Veterinary Association,,,,,
Achievements,94680,41338,Poultry Welfare Short Course,,07/07/2015,07/07/2015,07/07/2020,Thai Poultry Veterinary Association,,,,,
Achievements,94680,41341,First Aid Qualification,,07/12/2017,07/12/2017,07/12/2022,Thai Red Cross,,,,,
Achievements,94680,41342,Level 3 Diploma in Work-based Agriculture or Equivalent,,27/05/2012,27/05/2012,,Silpakorn University,,,,,
Achievements,94977,41335,Health & Safety Short Course,,25/10/2016,25/10/2016,25/10/2021,Thai Poultry Veterinary Association,,,,,
Achievements,94977,41336,Hygiene & Biosecurity Short Course,,31/03/2016,31/03/2016,31/03/2021,Thai Poultry Veterinary Association,,,,,
Achievements,94977,41337,Manual Handling Short Course,,31/03/2016,31/03/2016,31/03/2021,Thai Poultry Veterinary Association,,,,,
Achievements,94977,41338,Poultry Welfare Short Course,,30/03/2016,30/03/2016,30/03/2023,Thai Poultry Veterinary Association,,,,,
Achievements,94977,41341,First Aid Qualification,,07/12/2017,07/12/2017,07/12/2022,Thai Red Cross,,,,,
Achievements,94977,41342,Level 3 Diploma in Work-based Agriculture or Equivalent,,16/05/2005,16/09/2009,,Suranaree University of Technology,,,,,
Achievements,94685,41335,Health & Safety Short Course,,25/10/2016,25/10/2016,25/10/2021,Thai Poultry Veterinary Association,,,,,
Achievements,94685,41336,Hygiene & Biosecurity Short Course,,13/11/2015,13/11/2015,13/11/2020,Thai Poultry Veterinary Association,,,,,
Achievements,94685,41337,Manual Handling Short Course,,13/11/2015,13/11/2015,13/11/2020,Thai Poultry Veterinary Association,,,,,
Achievements,94685,41338,Poultry Welfare Short Course,,12/11/2015,12/11/2015,12/11/2020,Thai Poultry Veterinary Association,,,,,
Achievements,94685,41341,First Aid Qualification,,07/12/2017,07/12/2017,07/12/2022,Thai Red Cross,,,,,
Achievements,94685,41342,Level 3 Diploma in Work-based Agriculture or Equivalent,,05/06/2006,31/10/2008,,King Mongkut's Institute of Technology,,,,,
Achievements,94687,41335,Health & Safety Short Course,,25/10/2016,25/10/2016,25/10/2021,Thai Poultry Veterinary Association,,,,,
Achievements,94687,41336,Hygiene & Biosecurity Short Course,,13/11/2015,13/11/2015,13/11/2020,Thai Poultry Veterinary Association,,,,,
Achievements,94687,41337,Manual Handling Short Course,,13/11/2015,13/11/2015,13/11/2020,Thai Poultry Veterinary Association,,,,,
Achievements,94687,41338,Poultry Welfare Short Course,,12/11/2015,12/11/2015,12/11/2020,Thai Poultry Veterinary Association,,,,,
Achievements,94687,41341,First Aid Qualification,,07/12/2017,07/12/2017,07/12/2022,Thai Red Cross,,,,,
Achievements,94687,41342,Level 3 Diploma in Work-based Agriculture or Equivalent,,15/05/2011,15/05/2011,,0,,,,,
Achievements,94688,41335,Health & Safety Short Course,,25/10/2016,25/10/2016,25/10/2021,Thai Poultry Veterinary Association,,,,,
Achievements,94688,41336,Hygiene & Biosecurity Short Course,,13/11/2015,13/11/2015,13/11/2020,Thai Poultry Veterinary Association,,,,,
Achievements,94688,41337,Manual Handling Short Course,,13/11/2015,13/11/2015,13/11/2020,Thai Poultry Veterinary Association,,,,,
Achievements,94688,41338,Poultry Welfare Short Course,,12/11/2015,12/11/2015,12/11/2020,Thai Poultry Veterinary Association,,,,,
Achievements,94688,41341,First Aid Qualification,,07/12/2017,07/12/2017,07/12/2022,Thai Red Cross,,,,,
Achievements,94688,,Bachelor of Technology in Industrial Technology,,30/05/2010,31/05/2012,,King Mongkut's University of Technology,,,,,
Achievements,94689,41335,Health & Safety Short Course,,25/10/2016,25/10/2016,25/10/2021,Thai Poultry Veterinary Association,,,,,
Achievements,94689,41336,Hygiene & Biosecurity Short Course,,13/11/2015,13/11/2015,13/11/2020,Thai Poultry Veterinary Association,,,,,
Achievements,94689,41337,Manual Handling Short Course,,13/11/2015,13/11/2015,13/11/2020,Thai Poultry Veterinary Association,,,,,
Achievements,94689,41338,Poultry Welfare Short Course,,12/11/2015,12/11/2015,12/11/2020,Thai Poultry Veterinary Association,,,,,
Achievements,94689,41341,First Aid Qualification,,07/12/2017,07/12/2017,07/12/2022,Thai Red Cross,,,,,
Achievements,94689,41342,Level 3 Diploma in Work-based Agriculture or Equivalent,,23/05/2008,21/04/2010,,Maejo University,,,,,
Achievements,94690,41335,Health & Safety Short Course,,25/10/2016,25/10/2016,25/10/2021,Thai Poultry Veterinary Association,,,,,
Achievements,94690,41336,Hygiene & Biosecurity Short Course,,08/07/2015,08/07/2015,08/07/2020,Thai Poultry Veterinary Association,,,,,
Achievements,94690,41337,Manual Handling Short Course,,08/07/2015,08/07/2015,08/07/2020,Thai Poultry Veterinary Association,,,,,
Achievements,94690,41338,Poultry Welfare Short Course,,07/07/2015,07/07/2015,07/07/2020,Thai Poultry Veterinary Association,,,,,
Achievements,94690,41341,First Aid Qualification,,07/12/2017,07/12/2017,07/12/2022,Thai Red Cross,,,,,
Achievements,94690,41342,Level 3 Diploma in Work-based Agriculture or Equivalent,,01/06/2009,14/06/2011,,Rajamangala University of Technology,,,,,
Achievements,94692,41335,Health & Safety Short Course,,25/10/2016,25/10/2016,25/10/2021,Thai Poultry Veterinary Association,,,,,
Achievements,94692,41336,Hygiene & Biosecurity Short Course,,13/11/2015,13/11/2015,13/11/2020,Thai Poultry Veterinary Association,,,,,
Achievements,94692,41337,Manual Handling Short Course,,13/11/2015,13/11/2015,13/11/2020,Thai Poultry Veterinary Association,,,,,
Achievements,94692,41338,Poultry Welfare Short Course,,12/11/2015,12/11/2015,12/11/2020,Thai Poultry Veterinary Association,,,,,
Achievements,94692,41341,First Aid Qualification,,07/12/2017,07/12/2017,07/12/2022,Thai Red Cross,,,,,
Achievements,94692,41342,Level 3 Diploma in Work-based Agriculture or Equivalent,,28/03/1991,28/03/1991,,0,,,,,
Achievements,94696,41335,Health & Safety Short Course,,25/10/2016,25/10/2016,25/10/2021,Thai Poultry Veterinary Association,,,,,
Achievements,94696,41336,Hygiene & Biosecurity Short Course,,13/11/2015,13/11/2015,13/11/2020,Thai Poultry Veterinary Association,,,,,
Achievements,94696,41337,Manual Handling Short Course,,13/11/2015,13/11/2015,13/11/2020,Thai Poultry Veterinary Association,,,,,
Achievements,94696,41338,Poultry Welfare Short Course,,12/11/2015,12/11/2015,12/11/2020,Thai Poultry Veterinary Association,,,,,
Achievements,94696,41341,First Aid Qualification,,07/12/2017,07/12/2017,07/12/2022,Thai Red Cross,,,,,
Achievements,94696,41342,Level 3 Diploma in Work-based Agriculture or Equivalent,,03/06/2006,06/05/2010,,Ubon Ratchathani University,,,,,
Achievements,105898,41336,Hygiene & Biosecurity Short Course,,09/06/2017,09/06/2017,09/06/2022,WFT Academy,,,,,
Achievements,105898,41338,Poultry Welfare Short Course,,09/06/2017,09/06/2017,09/06/2022,WFT Academy,,,,,
Achievements,94713,41336,Hygiene & Biosecurity Short Course,,26/06/2014,26/06/2014,26/06/2019,WFT Academy,,,,,
Achievements,94713,41338,Poultry Welfare Short Course,,26/06/2014,26/06/2014,26/06/2019,WFT Academy,,,,,
Achievements,100186,41336,Hygiene & Biosecurity Short Course,,30/06/2016,30/06/2016,30/06/2021,WFT Academy,,,,,
Achievements,100186,41338,Poultry Welfare Short Course,,30/06/2016,30/06/2016,30/06/2021,WFT Academy,,,,,
Achievements,109746,41336,Hygiene & Biosecurity Short Course,,07/09/2018,07/09/2018,07/09/2023,GT Training,,,,,
Achievements,109746,41338,Poultry Welfare Short Course,,07/09/2018,07/09/2018,07/09/2023,GT Training,,,,,
Achievements,94707,41336,Hygiene & Biosecurity Short Course,,26/06/2014,26/06/2014,26/06/2019,WFT Academy,,,,,
Achievements,94707,41338,Poultry Welfare Short Course,,17/09/2018,17/09/2018,17/09/2023,GT Training,,,,,
Achievements,94708,41336,Hygiene & Biosecurity Short Course,,26/06/2014,26/06/2014,26/06/2019,WFT Academy,,,,,
Achievements,94708,41338,Poultry Welfare Short Course,,17/09/2018,17/09/2018,17/09/2023,GT Training,,,,,
Achievements,100202,41336,Hygiene & Biosecurity Short Course,,29/06/2016,29/06/2016,29/06/2021,WFT Academy,,,,,
Achievements,100202,41338,Poultry Welfare Short Course,,29/06/2016,29/06/2016,29/06/2021,WFT Academy,,,,,
Achievements,100203,41336,Hygiene & Biosecurity Short Course,,29/06/2016,29/06/2016,29/06/2021,WFT Academy,,,,,
Achievements,100203,41338,Poultry Welfare Short Course,,29/06/2016,29/06/2016,29/06/2021,WFT Academy,,,,,
Achievements,100204,41336,Hygiene & Biosecurity Short Course,,29/06/2016,29/06/2016,29/06/2021,WFT Academy,,,,,
Achievements,100204,41338,Poultry Welfare Short Course,,29/06/2016,29/06/2016,29/06/2021,WFT Academy,,,,,
Achievements,100205,41336,Hygiene & Biosecurity Short Course,,29/06/2016,29/06/2016,29/06/2021,WFT Academy,,,,,
Achievements,100205,41338,Poultry Welfare Short Course,,29/06/2016,29/06/2016,29/06/2021,WFT Academy,,,,,
Achievements,100206,41336,Hygiene & Biosecurity Short Course,,29/06/2016,29/06/2016,29/06/2021,WFT Academy,,,,,
Achievements,100206,41338,Poultry Welfare Short Course,,29/06/2016,29/06/2016,29/06/2021,WFT Academy,,,,,
Achievements,100208,41336,Hygiene & Biosecurity Short Course,,29/06/2016,29/06/2016,29/06/2021,WFT Academy,,,,,
Achievements,100208,41338,Poultry Welfare Short Course,,29/06/2016,29/06/2016,29/06/2021,WFT Academy,,,,,
Achievements,100209,41336,Hygiene & Biosecurity Short Course,,29/06/2016,29/06/2016,29/06/2021,WFT Academy,,,,,
Achievements,100209,41338,Poultry Welfare Short Course,,29/06/2016,29/06/2016,29/06/2021,WFT Academy,,,,,
Achievements,100210,41336,Hygiene & Biosecurity Short Course,,30/06/2016,30/06/2016,30/06/2021,WFT Academy,,,,,
Achievements,100210,41338,Poultry Welfare Short Course,,30/06/2016,30/06/2016,30/06/2021,WFT Academy,,,,,
Achievements,94709,41336,Hygiene & Biosecurity Short Course,,26/06/2014,26/06/2014,26/06/2019,WFT Academy,,,,,
Achievements,94709,41338,Poultry Welfare Short Course,,03/09/2018,03/09/2018,03/09/2023,GT Training,,,,,
Achievements,94711,41338,Poultry Welfare Short Course,,03/09/2018,03/09/2018,03/09/2023,GT Training,,,,,
Achievements,100211,41336,Hygiene & Biosecurity Short Course,,28/06/2016,28/06/2016,28/06/2021,WFT Academy,,,,,
Achievements,100211,41338,Poultry Welfare Short Course,,28/06/2016,28/06/2016,28/06/2021,WFT Academy,,,,,
Achievements,100214,41336,Hygiene & Biosecurity Short Course,,28/06/2016,28/06/2016,28/06/2021,WFT Academy,,,,,
Achievements,100214,41338,Poultry Welfare Short Course,,28/06/2016,28/06/2016,28/06/2021,WFT Academy,,,,,
Achievements,100216,41336,Hygiene & Biosecurity Short Course,,29/06/2016,29/06/2016,29/06/2021,WFT Academy,,,,,
Achievements,100216,41338,Poultry Welfare Short Course,,29/06/2016,29/06/2016,29/06/2021,WFT Academy,,,,,
Achievements,100217,41336,Hygiene & Biosecurity Short Course,,28/06/2016,28/06/2016,28/06/2021,WFT Academy,,,,,
Achievements,100217,41338,Poultry Welfare Short Course,,28/06/2016,28/06/2016,28/06/2021,WFT Academy,,,,,
Achievements,100218,41336,Hygiene & Biosecurity Short Course,,29/06/2016,29/06/2016,29/06/2021,WFT Academy,,,,,
Achievements,100218,41338,Poultry Welfare Short Course,,29/06/2016,29/06/2016,29/06/2021,WFT Academy,,,,,
Achievements,100220,41336,Hygiene & Biosecurity Short Course,,28/06/2016,28/06/2016,28/06/2021,WFT Academy,,,,,
Achievements,100220,41338,Poultry Welfare Short Course,,28/06/2016,28/06/2016,28/06/2021,WFT Academy,,,,,
Achievements,100222,41336,Hygiene & Biosecurity Short Course,,28/06/2016,28/06/2016,28/06/2021,WFT Academy,,,,,
Achievements,100222,41338,Poultry Welfare Short Course,,28/06/2016,28/06/2016,28/06/2021,WFT Academy,,,,,
Achievements,100224,41336,Hygiene & Biosecurity Short Course,,28/06/2016,28/06/2016,28/06/2021,WFT Academy,,,,,
Achievements,100224,41338,Poultry Welfare Short Course,,28/06/2016,28/06/2016,28/06/2021,WFT Academy,,,,,
Achievements,105901,41336,Hygiene & Biosecurity Short Course,,09/06/2017,09/06/2017,09/06/2022,WFT Academy,,,,,
Achievements,105901,41338,Poultry Welfare Short Course,,09/06/2017,09/06/2017,09/06/2022,WFT Academy,,,,,
Achievements,110550,41336,Hygiene & Biosecurity Short Course,,28/09/2018,28/09/2018,28/09/2023,GT Training,,,,,
Achievements,110550,41338,Poultry Welfare Short Course,,28/09/2018,28/09/2018,28/09/2023,GT Training,,,,,
Achievements,94714,41335,Health & Safety Short Course,,29/09/2016,29/09/2016,29/09/2021,Thai Poultry Veterinary Association,,,,,
Achievements,94714,41336,Hygiene & Biosecurity Short Course,,08/07/2015,08/07/2015,08/07/2020,Thai Poultry Veterinary Association,,,,,
Achievements,94714,41337,Manual Handling Short Course,,08/07/2015,08/07/2015,08/07/2020,Thai Poultry Veterinary Association,,,,,
Achievements,94714,41338,Poultry Welfare Short Course,,07/07/2015,07/07/2015,07/07/2020,Thai Poultry Veterinary Association,,,,,
Achievements,94714,41341,First Aid Qualification,,15/12/2014,15/12/2014,15/12/2019,Bangkok Ratchasima Hospital,,,,,
Achievements,94714,41342,Level 3 Diploma in Work-based Agriculture or Equivalent,,12/03/2010,12/03/2010,,Maejo University,,,,,
Achievements,94714,,HACCP & GMP Awareness and Interpretation,,14/03/2013,14/03/2013,14/03/2018,ISET Training,,,,,
Achievements,94714,,ISO 9001:2008,,16/02/2012,16/02/2012,16/02/2017,Department of Skill Development,,,,,
Achievements,94714,,Pest Control and Pesticide Safety,,17/05/2016,17/05/2016,17/05/2021,Department of Health,,,,,
Achievements,94714,,Compartment Management of Broiler Breeder Chicken Farm for Agriculturist,,14/05/2012,14/05/2012,14/05/2017,Department of Livestock Developement,,,,,
Achievements,94714,,Safety Officer at Supervisor Level,,31/05/2011,31/05/2011,31/05/2016,CPF Training Center,,,,,
Achievements,94714,,GAP of Broiler Breeder Chicken Farm for Agriculturist,,28/01/2011,28/01/2011,28/01/2016,Department of Livestock Development,,,,,
Achievements,94715,41335,Health & Safety Short Course,,25/10/2016,25/10/2016,25/10/2021,Thai Poultry Veterinary Association,,,,,
Achievements,94715,41336,Hygiene & Biosecurity Short Course,,28/08/2015,28/08/2015,28/08/2020,Thai Poultry Veterinary Association,,,,,
Achievements,94715,41337,Manual Handling Short Course,,28/08/2015,28/08/2015,28/08/2020,Thai Poultry Veterinary Association,,,,,
Achievements,94715,41338,Poultry Welfare Short Course,,27/08/2015,27/08/2015,27/08/2020,Thai Poultry Veterinary Association,,,,,
Achievements,94715,41341,First Aid Qualification,,18/11/2016,18/11/2016,18/11/2021,Bangkok Ratchasima Hospital,,,,,
Achievements,94715,41342,Level 3 Diploma in Work-based Agriculture or Equivalent,,20/05/2014,20/05/2014,,Rajamangala University of Technology,,,,,
Achievements,94715,,Pest Control and Pesticide Safety,,17/05/2016,17/05/2016,17/05/2021,Department of Health,,,,,
Achievements,94716,41335,Health & Safety Short Course,,26/10/2016,26/10/2016,26/10/2021,Thai Poultry Veterinary Association,,,,,
Achievements,94716,41336,Hygiene & Biosecurity Short Course,,28/08/2015,28/08/2015,28/08/2020,Thai Poultry Veterinary Association,,,,,
Achievements,94716,41337,Manual Handling Short Course,,28/08/2015,28/08/2015,28/08/2020,Thai Poultry Veterinary Association,,,,,
Achievements,94716,41338,Poultry Welfare Short Course,,27/08/2015,27/08/2015,27/08/2020,Thai Poultry Veterinary Association,,,,,
Achievements,94716,41341,First Aid Qualification,,18/11/2016,18/11/2016,18/11/2021,Bangkok Ratchasima Hospital,,,,,
Achievements,94716,41342,Level 3 Diploma in Work-based Agriculture or Equivalent,,07/06/2013,07/06/2013,,Mahasarakham University,,,,,
Achievements,94716,,Compartment Management of Hatchery for Agriculturist,,28/03/2016,28/03/2016,28/03/2021,Department of Livestock Development,,,,,
Achievements,94716,,Pest Control,,07/04/2016,07/04/2016,07/04/2021,Department of Health,,,,,
Achievements,94718,41335,Health & Safety Short Course,,29/09/2016,29/09/2016,29/09/2021,Thai Poultry Veterinary Association,,,,,
Achievements,94718,41336,Hygiene & Biosecurity Short Course,,08/04/2015,08/04/2015,08/04/2020,Thai Poultry Veterinary Association,,,,,
Achievements,94718,41337,Manual Handling Short Course,,07/04/2015,07/04/2015,07/04/2020,Thai Poultry Veterinary Association,,,,,
Achievements,94718,41338,Poultry Welfare Short Course,,07/04/2015,07/04/2015,07/04/2020,Thai Poultry Veterinary Association,,,,,
Achievements,94718,41341,First Aid Qualification,,15/12/2014,15/12/2014,15/12/2019,Bangkok Ratchasima Hospital,,,,,
Achievements,94718,41342,Level 3 Diploma in Work-based Agriculture or Equivalent,,17/03/2011,17/03/2011,,Khon Kean University,,,,,
Achievements,94718,,Pest Control and Pesticide Safety,,15/02/2016,15/02/2016,15/02/2021,Department of Pest Management,,,,,
Achievements,94718,,Hazard Analysis and Critical Control Point: HACCP,,21/11/2012,21/11/2012,21/11/2017,Quality Standard System Centre,,,,,
Achievements,94718,,Upgrading Training Course in ISO 9001:2008,,31/01/2012,31/01/2012,31/01/2017,Department of Skill Development,,,,,
Achievements,94718,,Compartment Management of Broiler Breeder Chicken Farm for Agriculturist,,26/03/2012,26/03/2012,26/03/2017,Department of Livestock Development,,,,,
Achievements,94718,,Safety Officer at Supervisor Level,,17/08/2012,17/08/2012,17/08/2017,CPF Training Centre,,,,,
Achievements,94720,41335,Health & Safety Short Course,,25/10/2016,25/10/2016,25/10/2021,Thai Poultry Veterinary Association,,,,,
Achievements,94720,41336,Hygiene & Biosecurity Short Course,,28/08/2015,28/08/2015,28/08/2020,Thai Poultry Veterinary Association,,,,,
Achievements,94720,41337,Manual Handling Short Course,,29/08/2015,29/08/2015,29/08/2020,Thai Poultry Veterinary Association,,,,,
Achievements,94720,41338,Poultry Welfare Short Course,,27/08/2015,27/08/2015,27/08/2020,Thai Poultry Veterinary Association,,,,,
Achievements,94720,41342,Level 3 Diploma in Work-based Agriculture or Equivalent,,07/06/2010,07/06/2010,,Nakhonphanom University,,,,,
Achievements,106334,41335,Health & Safety Short Course,,11/10/2018,11/10/2018,11/10/2023,Thai Poultry Veterinary Association,,,,,
Achievements,106334,41336,Hygiene & Biosecurity Short Course,,10/10/2018,10/10/2018,10/10/2023,Thai Poultry Veterinary Association,,,,,
Achievements,106334,41337,Manual Handling Short Course,,11/10/2018,11/10/2018,11/10/2023,Thai Poultry Veterinary Association,,,,,
Achievements,106334,41338,Poultry Welfare Short Course,,10/10/2018,10/10/2018,10/10/2023,Thai Poultry Veterinary Association,,,,,
Achievements,106334,41342,Level 3 Diploma in Work-based Agriculture or Equivalent,,17/05/2018,17/05/2018,,Chiangmai University,,,,,
Achievements,94722,41335,Health & Safety Short Course,,25/10/2016,25/10/2016,25/10/2021,Thai Poultry Veterinary Association,,,,,
Achievements,94722,41336,Hygiene & Biosecurity Short Course,,28/08/2015,28/08/2015,28/08/2020,Thai Poultry Veterinary Association,,,,,
Achievements,94722,41337,Manual Handling Short Course,,28/08/2015,28/08/2015,28/08/2020,Thai Poultry Veterinary Association,,,,,
Achievements,94722,41338,Poultry Welfare Short Course,,27/08/2015,27/08/2015,27/08/2020,Thai Poultry Veterinary Association,,,,,
Achievements,94722,41341,First Aid Qualification,,15/12/2014,15/12/2014,15/12/2019,Bangkok Ratchasima Hospital,,,,,
Achievements,94722,41342,Level 3 Diploma in Work-based Agriculture or Equivalent,,26/10/2011,26/10/2011,,Sukhothai Thammathirat Open University,,,,,
Achievements,94722,,Pest Control and Pesticide Safety,,17/05/2016,17/05/2016,17/05/2021,Department of Health,,,,,
Achievements,94722,,Compatment Management of Broiler Breeder Chicken Farm for Agriculturist,,24/01/2013,24/01/2013,24/01/2018,Department of Livestock Development,,,,,
Achievements,105618,41342,Level 3 Diploma in Work-based Agriculture or Equivalent,,26/12/2014,26/12/2014,,Maejo University,,,,,
Achievements,94724,,Internal Audit HACCP,,29/06/2006,29/06/2006,29/06/2011,CPF Training Center,,,,,
Achievements,94724,,Transition to ISO 9001 Version 2008,,14/09/2009,14/09/2009,14/09/2014,Quality Standard System Centre,,,,,
Achievements,94724,,ISO 9001:2008 Internal Auditor Training Course,,15/10/2009,15/10/2009,15/10/2014,Moody International,,,,,
Achievements,94724,,Compartment Management of Broiler Breeder Chicken Farm for Agriculturist,,14/05/2012,14/05/2012,14/05/2017,Department of Livestock Development,,,,,
Achievements,94724,,GAP of Broiler Breeder Chicken Farm for Agriculturist,,19/11/2003,19/11/2003,19/11/2008,Department of Livestock Development,,,,,
Achievements,94724,41336,Hygiene & Biosecurity Short Course,,08/07/2015,08/07/2015,08/07/2020,Thai Poultry Veterinary Association,,,,,
Achievements,94724,41337,Manual Handling Short Course,,08/07/2015,08/07/2015,08/07/2020,Thai Poultry Veterinary Association,,,,,
Achievements,94724,41338,Poultry Welfare Short Course,,07/04/2015,07/04/2015,07/04/2020,Animal Welfare Training,,,,,
Achievements,94724,41341,First Aid Qualification,,15/12/2014,15/12/2014,15/12/2017,Bangkok Ratchasima Hospital,,,,,
Achievements,94724,41342,Level 3 Diploma in Work-based Agriculture or Equivalent,,05/04/1994,05/04/1994,,Maejo University,,,,,
Achievements,94724,41335,Health & Safety Short Course,,29/09/2016,29/09/2016,29/09/2021,Thai Poultry Veterinary Association,,,,,
Achievements,94724,41336,Hygiene & Biosecurity Short Course,,08/07/2015,08/07/2015,08/07/2020,Thai Poultry Veterinary Association,,,,,
Achievements,94724,41337,Manual Handling Short Course,,08/07/2015,08/07/2015,08/07/2020,Thai Poultry Veterinary Association,,,,,
Achievements,94724,41338,Poultry Welfare Short Course,,07/07/2015,07/07/2015,07/07/2020,Thai Poultry Veterinary Association,,,,,
Achievements,94724,41341,First Aid Qualification,,15/12/2014,15/12/2014,15/12/2019,Bangkok Ratchasima Hospital,,,,,
Achievements,94724,41342,Level 3 Diploma in Work-based Agriculture or Equivalent,,05/04/1994,05/04/1994,,Maejo University,,,,,
Achievements,94728,41335,Health & Safety Short Course,,25/10/2016,25/10/2016,25/10/2021,Thai Poultry Veterinary Association,,,,,
Achievements,94728,41336,Hygiene & Biosecurity Short Course,,08/07/2015,08/07/2015,08/07/2020,Thai Poultry Veterinary Association,,,,,
Achievements,94728,41337,Manual Handling Short Course,,08/07/2015,08/07/2015,08/07/2020,Thai Poultry Veterinary Association,,,,,
Achievements,94728,41338,Poultry Welfare Short Course,,07/07/2015,07/07/2015,07/07/2020,Thai Poultry Veterinary Association,,,,,
Achievements,94728,41341,First Aid Qualification,,18/11/2016,18/11/2016,18/11/2021,Bangkok Ratchasima Hospital,,,,,
Achievements,94728,41342,Level 3 Diploma in Work-based Agriculture or Equivalent,,21/05/2012,21/05/2012,,Pibulsongkram Rajabhat University,,,,,
Achievements,105619,41335,Health & Safety Short Course,,11/10/2018,11/10/2018,11/10/2023,Thai Poultry Veterinary Association,,,,,
Achievements,105619,41336,Hygiene & Biosecurity Short Course,,10/10/2018,10/10/2018,10/10/2023,Thai Poultry Veterinary Association,,,,,
Achievements,105619,41337,Manual Handling Short Course,,11/10/2018,11/10/2018,11/10/2023,Thai Poultry Veterinary Association,,,,,
Achievements,105619,41338,Poultry Welfare Short Course,,10/10/2018,10/10/2018,10/10/2023,Thai Poultry Veterinary Association,,,,,
Achievements,105619,41342,Level 3 Diploma in Work-based Agriculture or Equivalent,,08/09/2016,08/09/2016,,Khon Kean University,,,,,
Achievements,94729,41335,Health & Safety Short Course,,29/09/2016,29/09/2016,29/09/2021,Thai Poultry Veterinary Association,,,,,
Achievements,94729,41336,Hygiene & Biosecurity Short Course,,29/04/2015,29/04/2015,29/04/2020,Thai Poultry Veterinary Association,,,,,
Achievements,94729,41337,Manual Handling Short Course,,29/04/2015,29/04/2015,29/04/2020,Thai Poultry Veterinary Association,,,,,
Achievements,94729,41338,Poultry Welfare Short Course,,28/04/2015,28/04/2015,28/04/2020,Thai Poultry Veterinary Association,,,,,
Achievements,94729,41341,First Aid Qualification,,15/12/2014,15/12/2014,15/12/2019,Bangkok Ratchasima Hospital,,,,,
Achievements,94729,41342,Level 3 Diploma in Work-based Agriculture or Equivalent,,18/03/1996,18/03/1996,,Nakornratchasima College of Agriculture and Technology,,,,,
Achievements,94729,,Pest Control and Pesticide Safety,,15/02/2016,15/02/2016,15/02/2021,Department of Pest Management,,,,,
Achievements,94729,,Good Manufacturing Practice and Hazard Analysis Critical Control Point,,04/07/2006,04/07/2006,04/07/2011,Charoen Pokphand Foods,,,,,
Achievements,94729,,GMP/HACCP Internal Audit,,06/02/2014,06/02/2014,06/02/2019,Intertek,,,,,
Achievements,94729,,Internal Audit ISO 9001,,26/11/2006,26/11/2006,26/11/2011,CPF Training Center,,,,,
Achievements,94729,,Internal Audit for CPF SHE Management System,,25/01/2010,25/01/2010,25/01/2015,CPF Limited,,,,,
Achievements,94729,,Transition to ISO 9001:2008,,07/04/2009,07/04/2009,07/04/2014,Quality Standard Centre,,,,,
Achievements,94729,,Safety Committee,,23/01/2009,23/01/2009,23/01/2014,Kongjitman Consultant Academic and Training,,,,,
Achievements,94729,,Compartment Management of Broiler Breeder Chicken Farm for Agriculturist,,26/03/2012,26/03/2012,26/03/2017,Department of Livestock Development,,,,,
Achievements,94729,,Standard Biosecurity Management the Broiler Chicken Farm and the Broiler Duck in Compartment,,27/02/2009,27/02/2009,27/02/2014,Department of Livestock Development,,,,,
Achievements,94729,,Safety Officer at the Level of Excutive,,16/01/2009,16/01/2009,16/01/2014,Kongjitman Consultant Academic and Training,,,,,
Achievements,94729,,Safety Officer at Supervisor Level,,21/11/2008,21/11/2008,21/11/2013,Kongjitman Consultant Academic and Training,,,,,
Achievements,94729,,Compartment Manager,,21/06/2012,21/06/2012,21/06/2017,Department of Livestock Development,,,,,
Achievements,94729,,GAP of Broiler Breeder Chicken Farm for Agriculturist,,19/10/2006,19/10/2006,19/10/2011,Department of Livestock Development,,,,,
Achievements,94729,,Pest Control,,16/01/2006,16/01/2006,16/01/2011,Bayer Environment Science,,,,,
Achievements,94731,41335,Health & Safety Short Course,,29/09/2016,29/09/2016,29/09/2021,Thai Poultry Veterinary Association,,,,,
Achievements,94731,41336,Hygiene & Biosecurity Short Course,,08/07/2015,08/07/2015,08/07/2020,Thai Poultry Veterinary Association,,,,,
Achievements,94731,41337,Manual Handling Short Course,,08/07/2015,08/07/2015,08/07/2020,Thai Poultry Veterinary Association,,,,,
Achievements,94731,41338,Poultry Welfare Short Course,,07/07/2015,07/07/2015,07/07/2020,Thai Poultry Veterinary Association,,,,,
Achievements,94731,41341,First Aid Qualification,,18/11/2016,18/11/2016,18/11/2021,Bangkok Ratchasima Hospital,,,,,
Achievements,94731,41342,Level 3 Diploma in Work-based Agriculture or Equivalent,,13/06/2014,13/06/2014,,Rajamangala University of Technology,,,,,
Achievements,105616,41335,Health & Safety Short Course,,11/10/2018,11/10/2018,11/10/2023,Thai Poultry Veterinary Association,,,,,
Achievements,105616,41336,Hygiene & Biosecurity Short Course,,10/10/2018,10/10/2018,10/10/2023,Thai Poultry Veterinary Association,,,,,
Achievements,105616,41337,Manual Handling Short Course,,11/10/2018,11/10/2018,11/10/2023,Thai Poultry Veterinary Association,,,,,
Achievements,105616,41338,Poultry Welfare Short Course,,10/10/2018,10/10/2018,10/10/2023,Thai Poultry Veterinary Association,,,,,
Achievements,105616,41342,Level 3 Diploma in Work-based Agriculture or Equivalent,,11/05/2016,11/05/2016,,Rajamangala University of Technology,,,,,
Achievements,94732,,HACCP & GMP Awareness and Interpretation,,14/03/2013,14/03/2013,14/03/2018,ISET (Thailand) Limited,,,,,
Achievements,94732,,Quality Management System,,14/01/2011,15/01/2011,15/01/2016,Department of Skill Development,,,,,
Achievements,94732,,Safety Committee,,16/11/2009,17/11/2009,17/11/2014,Kongjitman Consultant Academic and Training,,,,,
Achievements,94732,,Compartment Management of Broiler Breeder Chicken Farm for Agriculturist,,14/05/2012,14/05/2012,14/05/2017,Department of Livestock Development,,,,,
Achievements,94732,,Standard Biosecurity Management the Broiler Chicken Farm and the Broiler Duck in Compartment,,27/02/2009,27/02/2009,27/02/2014,Department of Livestock Development,,,,,
Achievements,94732,,Safety Officer at Supervisor Level,,26/11/2008,26/11/2008,26/11/2013,Kongjitman Consultant Academic and Training,,,,,
Achievements,94732,,GAP of hatchery for Agriculturist,,22/05/2008,22/05/2008,22/05/2013,Department of Livestock Development,,,,,
Achievements,94732,,GAP of Broiler Chicken Farm for Agriculturist,,22/05/2008,22/05/2008,22/05/2013,Department of Livestock Development,,,,,
Achievements,94732,,GAP of Broiler Breeder Chicken Farm for Agriculturist,,22/05/2008,22/05/2008,22/05/2013,Department of Livestock Development,,,,,
Achievements,94732,41335,Health & Safety Short Course,,29/09/2016,29/09/2016,29/09/2021,Thai Poultry Veterinary Association,,,,,
Achievements,94732,41336,Hygiene & Biosecurity Short Course,,29/04/2015,29/04/2015,29/04/2020,Thai Poultry Veterinary Association,,,,,
Achievements,94732,41337,Manual Handling Short Course,,29/04/2015,29/04/2015,29/04/2020,Thai Poultry Veterinary Association,,,,,
Achievements,94732,41338,Poultry Welfare Short Course,,07/01/2014,07/01/2014,07/01/2019,Animal Welfare Training,,,,,
Achievements,94732,41341,First Aid Qualification,,15/12/2014,15/12/2014,15/12/2019,Bangkok Ratchasima Hospital,,,,,
Achievements,94732,41342,Level 3 Diploma in Work-based Agriculture or Equivalent,,16/05/2008,16/05/2008,,Silpakorn University,,,,,
Achievements,94732,,Pest Control and Pesticide Safety,,15/02/2016,15/02/2016,15/02/2021,Department of Pest Management,,,,,
Achievements,94734,41335,Health & Safety Short Course,,25/10/2016,25/10/2016,25/10/2021,Thai Poultry Veterinary Association,,,,,
Achievements,94734,41336,Hygiene & Biosecurity Short Course,,28/08/2015,28/08/2015,28/08/2020,Thai Poultry Veterinary Association,,,,,
Achievements,94734,41337,Manual Handling Short Course,,28/08/2015,28/08/2015,28/08/2020,Thai Poultry Veterinary Association,,,,,
Achievements,94734,41338,Poultry Welfare Short Course,,27/08/2015,27/08/2015,27/08/2020,Thai Poultry Veterinary Association,,,,,
Achievements,94734,41341,First Aid Qualification,,18/11/2016,18/11/2016,18/11/2021,Bangkok Ratchasima Hospital,,,,,
Achievements,94734,41342,Level 3 Diploma in Work-based Agriculture or Equivalent,,02/04/2013,02/04/2013,,Rajamangala University of Technology,,,,,
Achievements,94735,41335,Health & Safety Short Course,,29/09/2016,29/09/2016,29/09/2021,Thai Poultry Veterinary Association,,,,,
Achievements,94735,41336,Hygiene & Biosecurity Short Course,,29/04/2015,29/04/2015,29/04/2020,Thai Poultry Veterinary Association,,,,,
Achievements,94735,41337,Manual Handling Short Course,,29/04/2015,29/04/2015,29/04/2020,Thai Poultry Veterinary Association,,,,,
Achievements,94735,41338,Poultry Welfare Short Course,,28/04/2015,28/04/2015,28/04/2020,Thai Poultry Veterinary Association,,,,,
Achievements,94735,41341,First Aid Qualification,,15/12/2014,15/12/2014,15/12/2019,Bangkok Ratchasima Hospital,,,,,
Achievements,94735,41342,Level 3 Diploma in Work-based Agriculture or Equivalent,,30/04/2007,30/04/2007,30/04/2012,Sukhothai Thammathirat Open University,,,,,
Achievements,94735,,Good Manufacturing Practice and Hazard Analysis Critical Control Point,,22/03/2005,22/03/2005,22/03/2010,Charoen Pokphand Foods,,,,,
Achievements,94735,,Safety Committee,,16/11/2009,16/11/2009,16/11/2014,Kongjitman Consultant Academic and Training,,,,,
Achievements,94735,,Compartment management of broiler breeder chicken farm for Agriculturist,,26/05/2012,26/05/2012,26/05/2017,Department of Livestock Development,,,,,
Achievements,94735,,Safety officer at supervisor level,,26/11/2008,26/11/2008,26/11/2013,Kongjitman Consultant Academic and Training,,,,,
Achievements,94735,,GAP of broiler breeder chicken farm for agriculturist,,25/02/2009,25/02/2009,25/02/2014,Department of Livestock Development,,,,,
Achievements,107520,41335,Health & Safety Short Course,,11/10/2018,11/10/2018,11/10/2023,Thai Poultry Veterinary Association,,,,,
Achievements,107520,41336,Hygiene & Biosecurity Short Course,,10/10/2018,10/10/2018,10/10/2023,Thai Poultry Veterinary Association,,,,,
Achievements,107520,41337,Manual Handling Short Course,,11/10/2018,11/10/2018,11/10/2023,Thai Poultry Veterinary Association,,,,,
Achievements,107520,41338,Poultry Welfare Short Course,,10/10/2018,10/10/2018,10/10/2023,Thai Poultry Veterinary Association,,,,,
Achievements,107520,41342,Level 3 Diploma in Work-based Agriculture or Equivalent,,15/05/2017,15/05/2017,,Naresuan University,,,,,
Achievements,106333,41335,Health & Safety Short Course,,17/10/2018,17/10/2018,17/10/2023,Thai Poultry Veterinary Association,,,,,
Achievements,106333,41336,Hygiene & Biosecurity Short Course,,17/10/2018,17/10/2018,17/10/2023,Thai Poultry Veterinary Association,,,,,
Achievements,106333,41337,Manual Handling Short Course,,18/10/2018,18/10/2018,18/10/2023,Thai Poultry Veterinary Association,,,,,
Achievements,106333,41338,Poultry Welfare Short Course,,18/10/2018,18/10/2018,18/10/2023,Thai Poultry Veterinary Association,,,,,
Achievements,106333,41342,Level 3 Diploma in Work-based Agriculture or Equivalent,,15/06/2017,15/06/2017,,Khon Kaen University,,,,,
Achievements,94739,41336,Hygiene & Biosecurity Short Course,,24/03/2015,24/03/2015,24/03/2020,Thai Poultry Veterinary Association,,,,,
Achievements,94739,41337,Manual Handling Short Course,,24/03/2015,24/03/2015,24/03/2020,Thai Poultry Veterinary Association,,,,,
Achievements,94739,41338,Poultry Welfare Short Course,,24/03/2015,24/03/2015,24/03/2020,Thai Poultry Veterinary Association,,,,,
Achievements,94739,41342,Level 3 Diploma in Work-based Agriculture or Equivalent,,10/03/2002,10/03/2002,,Rajamangala University of Technology,,,,,
Achievements,106332,41335,Health & Safety Short Course,,11/10/2018,11/10/2018,11/10/2023,Thai Poultry Veterinary Association,,,,,
Achievements,106332,41336,Hygiene & Biosecurity Short Course,,23/11/2017,23/11/2017,23/11/2022,Thai Poultry Veterinary Association,,,,,
Achievements,106332,41337,Manual Handling Short Course,,24/11/2017,24/11/2017,24/11/2022,Thai Poultry Veterinary Association,,,,,
Achievements,106332,41338,Poultry Welfare Short Course,,23/11/2017,23/11/2017,23/11/2022,Thai Poultry Veterinary Association,,,,,
Achievements,106332,41342,Level 3 Diploma in Work-based Agriculture or Equivalent,,07/07/2017,07/07/2017,,Rajamangala University of Technology,,,,,
Achievements,110211,41335,Health & Safety Short Course,,11/10/2018,11/10/2018,11/10/2023,Thai Poultry Veterinary Association,,,,,
Achievements,110211,41336,Hygiene & Biosecurity Short Course,,10/10/2018,10/10/2018,10/10/2023,Thai Poultry Veterinary Association,,,,,
Achievements,110211,41337,Manual Handling Short Course,,11/10/2018,11/10/2018,11/10/2023,Thai Poultry Veterinary Association,,,,,
Achievements,110211,41338,Poultry Welfare Short Course,,10/10/2018,10/10/2018,10/10/2023,Thai Poultry Veterinary Association,,,,,
Achievements,110211,41342,Level 3 Diploma in Work-based Agriculture or Equivalent,,11/05/2018,11/05/2018,,Prince of Songkla University,,,,,
Achievements,94743,41336,Hygiene & Biosecurity Short Course,,07/04/2015,07/04/2015,07/04/2020,Thai Poultry Veterinary Association,,,,,
Achievements,94743,41337,Manual Handling Short Course,,07/04/2015,07/04/2015,07/04/2020,Thai Poultry Veterinary Association,,,,,
Achievements,94743,41338,Poultry Welfare Short Course,,07/04/2015,07/04/2015,07/04/2020,Thai Poultry Veterinary Association,,,,,
Achievements,94744,,Safety Officer at the Level of Supervisor,,18/05/2012,18/05/2012,18/05/2017,CPF Training Center,,,,,
Achievements,94744,,Entry Leader,,15/07/2012,15/07/2012,15/07/2017,CPF Training Center,,,,,
Achievements,94744,41336,Hygiene & Biosecurity Short Course,,07/04/2015,07/04/2015,07/04/2020,Thai Poultry Veterinary Association,,,,,
Achievements,94744,41337,Manual Handling Short Course,,07/04/2015,07/04/2015,07/04/2020,Thai Poultry Veterinary Association,,,,,
Achievements,94744,41338,Poultry Welfare Short Course,,07/04/2015,07/04/2015,07/04/2020,Thai Poultry Veterinary Association,,,,,
Achievements,94744,41342,Level 3 Diploma in Work-based Agriculture or Equivalent,,31/03/2011,31/03/2011,,King Mongkut's Institute of Technology ,,,,,
Achievements,94751,,Product Sustanabillity Awareness,,06/08/2013,06/08/2013,06/08/2018,Global Standard System Center,,,,,
Achievements,94751,,HACCP Verification,,02/09/2009,02/09/2009,02/09/2014,Global Standard System Center,,,,,
Achievements,94751,,Safety Officer,,02/03/2011,03/03/2011,03/03/2016,CPF Training Center,,,,,
Achievements,94751,,Safety Officer at the Level of Executive,,07/08/2012,08/08/2012,08/08/2017,Benja Safety Service Center Co Ltd,,,,,
Achievements,94751,,Compartment Management Poultry for Agriculturist,,26/07/2013,26/07/2013,26/07/2018,Department of Livestock Development,,,,,
Achievements,94751,,Compartment Management the Hatchery of Poultry for Agriculturist,,26/07/2013,26/07/2013,26/07/2018,Department of Livestock Development,,,,,
Achievements,94751,,GAP of Broiler Breeder Chicken Farm for Agriculturist,,30/07/2013,30/07/2013,30/07/2018,Department of Livestock Development,,,,,
Achievements,94751,,Safety Work in Confined Space Area,,08/10/2012,10/10/2012,10/10/2017,Thai Safety and Training Co Ltd,,,,,
Achievements,94751,41336,Hygiene & Biosecurity Short Course,,28/04/2015,28/04/2015,28/04/2020,Thai Poultry Veterinary Association,,,,,
Achievements,94751,41337,Manual Handling Short Course,,28/04/2015,28/04/2015,28/04/2020,Thai Poultry Veterinary Association,,,,,
Achievements,94751,41338,Poultry Welfare Short Course,,28/04/2015,28/04/2015,28/04/2020,Thai Poultry Veterinary Association,,,,,
Achievements,94753,,Safety Officer at Supervisor Level,,16/07/2013,16/07/2013,16/07/2018,CPF Training Center,,,,,
Achievements,94753,,GMP/HACCP Requirement,,21/02/2014,21/02/2014,21/02/2019,Intertek,,,,,
Achievements,94753,,ISO 9001:2008 Requirement,,20/02/2014,20/02/2014,20/02/2019,Intertek,,,,,
Achievements,94753,41336,Hygiene & Biosecurity Short Course,,09/06/2015,09/06/2015,09/06/2020,Thai Poultry Veterinary Association,,,,,
Achievements,94753,41337,Manual Handling Short Course,,09/06/2015,09/06/2015,09/06/2020,Thai Poultry Veterinary Association,,,,,
Achievements,94753,41338,Poultry Welfare Short Course,,10/06/2015,10/06/2015,10/06/2020,Thai Poultry Veterinary Association,,,,,
Achievements,94753,41342,Level 3 Diploma in Work-based Agriculture or Equivalent,,18/03/2013,18/03/2013,,Kasetsart University,,,,,
Achievements,94764,41336,Hygiene & Biosecurity Short Course,,10/06/2015,10/06/2015,10/06/2020,Thai Poultry Veterinary Association,,,,,
Achievements,94764,41337,Manual Handling Short Course,,10/06/2015,10/06/2015,10/06/2020,Thai Poultry Veterinary Association,,,,,
Achievements,94764,41338,Poultry Welfare Short Course,,10/06/2015,10/06/2015,10/06/2020,Thai Poultry Veterinary Association,,,,,
Achievements,94764,41342,Level 3 Diploma in Work-based Agriculture or Equivalent,,11/03/2013,11/03/2013,,Rajamangala University of Technology Tawan-OK,,,,,
Achievements,94767,41336,Hygiene & Biosecurity Short Course,,10/06/2015,10/06/2015,10/06/2020,Thai Poultry Veterinary Association,,,,,
Achievements,94767,41337,Manual Handling Short Course,,10/06/2015,10/06/2015,10/06/2020,Thai Poultry Veterinary Association,,,,,
Achievements,94767,41338,Poultry Welfare Short Course,,10/06/2015,10/06/2015,10/06/2020,Thai Poultry Veterinary Association,,,,,
Achievements,94767,41341,First Aid Qualification,,19/01/2015,19/01/2015,19/01/2020,Saint Mary's Hospital,,,,,
Achievements,94767,41342,Level 3 Diploma in Work-based Agriculture or Equivalent,,18/03/2013,18/03/2013,,Kasart University,,,,,
Achievements,94768,41335,Health & Safety Short Course,,29/09/2016,29/09/2016,29/09/2021,Thai Poultry Veterinary Association,,,,,
Achievements,94768,41336,Hygiene & Biosecurity Short Course,,25/03/2015,25/03/2015,25/03/2020,Thai Poultry Veterinary Association,,,,,
Achievements,94768,41337,Manual Handling Short Course,,25/03/2015,25/03/2015,25/03/2020,Thai Poultry Veterinary Association,,,,,
Achievements,94768,41338,Poultry Welfare Short Course,,24/03/2015,24/03/2015,24/03/2020,Thai Poultry Veterinary Association,,,,,
Achievements,94768,41341,First Aid Qualification,,15/12/2014,15/12/2014,15/12/2019,Bangkok Ratchasima Hospital,,,,,
Achievements,94768,41342,Level 3 Diploma in Work-based Agriculture or Equivalent,,07/04/2004,07/04/2004,,Maejo University,,,,,
Achievements,94768,,Pest Control and Pesticide Safety,,15/02/2016,15/02/2016,15/02/2021,Department of Pest Management,,,,,
Achievements,94766,41335,Health & Safety Short Course,,25/10/2016,25/10/2016,25/10/2021,Thai Poultry Veterinary Association,,,,,
Achievements,94766,41336,Hygiene & Biosecurity Short Course,,28/08/2015,28/08/2015,28/08/2020,Thai Poultry Veterinary Association,,,,,
Achievements,94766,41337,Manual Handling Short Course,,28/08/2015,28/08/2015,28/08/2020,Thai Poultry Veterinary Association,,,,,
Achievements,94766,41338,Poultry Welfare Short Course,,27/08/2015,27/08/2015,27/08/2020,Thai Poultry Veterinary Association,,,,,
Achievements,94766,41341,First Aid Qualification,,18/11/2016,18/11/2016,18/11/2021,Bangkok Ratchasima Hospital,,,,,
Achievements,94766,41342,Level 3 Diploma in Work-based Agriculture or Equivalent,,12/03/2006,12/03/2006,,Rajamangala University of Technology,,,,,
Achievements,94766,,Integrated Pest Management in Livestock,,07/04/2016,07/04/2016,07/04/2021,Department of Health,,,,,
Achievements,94766,,Compartment Management of Breeder Farm for Agriculturist,,29/03/2016,29/03/2016,29/03/2021,Department of Livestock Development,,,,,
Achievements,94770,,GAP of Hatchery for Agriculturist,,01/02/2009,01/02/2009,01/02/2014,Department of Livestock Development,,,,,
Achievements,94770,,Compartment Management of Hatchery for Agriculturist,,17/05/2012,17/05/2012,17/05/2017,Department of Livestock Development,,,,,
Achievements,94770,,Safety Officer at Executive Level,,11/11/2009,11/11/2009,11/11/2014,Kongjitman Consultant Academic and Training Co Ltd,,,,,
Achievements,94770,41335,Health & Safety Short Course,,29/09/2016,29/09/2016,29/09/2021,Thai Poultry Veterinary Association,,,,,
Achievements,94770,41336,Hygiene & Biosecurity Short Course,,29/04/2015,29/04/2015,29/04/2020,Thai Poultry Veterinary Association,,,,,
Achievements,94770,41337,Manual Handling Short Course,,29/04/2015,29/04/2015,29/04/2020,Thai Poultry Veterinary Association,,,,,
Achievements,94770,41338,Poultry Welfare Short Course,,28/04/2015,28/04/2015,28/04/2020,Thai Poultry Veterinary Association,,,,,
Achievements,94770,41341,First Aid Qualification,,15/01/2015,15/01/2015,15/01/2020,Bangkok Ratchasima Hospital,,,,,
Achievements,94770,41342,Level 3 Diploma in Work-based Agriculture or Equivalent,,11/03/2001,11/03/2001,,Silpakorn University,,,,,
Achievements,94771,41341,First Aid Qualification,,19/01/2015,19/01/2015,19/01/2020,Saint Mary's Hospital,,,,,
Achievements,94771,41342,Level 3 Diploma in Work-based Agriculture or Equivalent,,31/03/2008,31/03/2008,,Mongkut's Institute of Technology,,,,,
Achievements,94772,,GAP of Hatchery for Agriculturist,,21/01/2013,21/01/2013,21/01/2018,Department of Livestock Development,,,,,
Achievements,94772,,Compartment Management of Hatchery for Agriculturist,,17/05/2012,17/05/2012,17/05/2017,Department of Livestock Development,,,,,
Achievements,94772,,Safety Officer at Supervisor Level,,17/08/2012,17/08/2012,17/08/2017,CPF Training Center,,,,,
Achievements,94772,,ISO 9001:2008 Audit,,31/01/2012,31/01/2012,31/01/2017,Department of Skill Development,,,,,
Achievements,94772,,GMP/HACCP Internal Audit,,06/02/2014,06/02/2014,06/02/2019,Intertek,,,,,
Achievements,94772,,ISO 9001:2008 Internal Audit,,05/02/2014,05/02/2014,05/02/2019,Intertek,,,,,
Achievements,94772,,Pest Control,,20/11/2013,20/11/2013,20/11/2018,Advance Group Asia Co Ltd,,,,,
Achievements,94772,41342,Level 3 Diploma in Work-based Agriculture or Equivalent,,18/03/2010,18/03/2010,,Khon Kaen University,,,,,
Achievements,94772,41335,Health & Safety Short Course,,29/09/2016,29/09/2016,29/09/2021,Thai Poultry Veterinary Association,,,,,
Achievements,94772,41336,Hygiene & Biosecurity Short Course,,13/11/2015,13/11/2015,13/11/2020,Thai Poultry Veterinary Association,,,,,
Achievements,94772,41337,Manual Handling Short Course,,13/11/2015,13/11/2015,13/11/2020,Thai Poultry Veterinary Association,,,,,
Achievements,94772,41338,Poultry Welfare Short Course,,12/11/2015,12/11/2015,12/11/2020,Thai Poultry Veterinary Association,,,,,
Achievements,94772,41341,First Aid Qualification,,24/04/2015,24/04/2015,24/04/2020,Chokchai Hospital,,,,,
Achievements,94772,41342,Level 3 Diploma in Work-based Agriculture or Equivalent,,18/03/2010,18/03/2010,,Khon Kaen University,,,,,
Achievements,94774,41335,Health & Safety Short Course,,25/10/2016,25/10/2016,25/10/2021,Thai Poultry Veterinary Association,,,,,
Achievements,94774,41336,Hygiene & Biosecurity Short Course,,18/09/2015,18/09/2015,18/09/2020,Thai Poultry Veterinary Association,,,,,
Achievements,94774,41337,Manual Handling Short Course,,18/09/2015,18/09/2015,18/09/2020,Thai Poultry Veterinary Association,,,,,
Achievements,94774,41338,Poultry Welfare Short Course,,17/09/2015,17/09/2015,17/09/2020,Thai Poultry Veterinary Association,,,,,
Achievements,94774,41342,Level 3 Diploma in Work-based Agriculture or Equivalent,,19/05/2015,19/05/2015,,Maejo University,,,,,
Achievements,94774,,Compartment Management of Breeder Farm for Agriculturist,,29/03/2016,29/03/2016,29/03/2021,Department of Livestock Development,,,,,
Achievements,94777,41335,Health & Safety Short Course,,29/09/2016,29/09/2016,29/09/2021,Thai Poultry Veterinary Association,,,,,
Achievements,94777,41336,Hygiene & Biosecurity Short Course,,09/06/2015,09/06/2015,09/06/2020,Thai Poultry Veterinary Association,,,,,
Achievements,94777,41337,Manual Handling Short Course,,09/06/2015,09/06/2015,09/06/2020,Thai Poultry Veterinary Association,,,,,
Achievements,94777,41338,Poultry Welfare Short Course,,10/06/2015,10/06/2015,10/06/2020,Thai Poultry Veterinary Association,,,,,
Achievements,94777,41341,First Aid Qualification,,19/01/2015,19/01/2015,19/01/2020,Bangkok Ratchasima Hospital,,,,,
Achievements,94777,41342,Level 3 Diploma in Work-based Agriculture or Equivalent,,12/03/2006,12/03/2006,,Rajamangala University of Technology,,,,,
Achievements,94779,41335,Health & Safety Short Course,,25/10/2016,25/10/2016,25/10/2021,Thai Poultry Veterinary Association,,,,,
Achievements,94779,41336,Hygiene & Biosecurity Short Course,,18/09/2015,18/09/2015,18/09/2020,Thai Poultry Veterinary Association,,,,,
Achievements,94779,41337,Manual Handling Short Course,,18/09/2015,18/09/2015,18/09/2020,Thai Poultry Veterinary Association,,,,,
Achievements,94779,41338,Poultry Welfare Short Course,,17/09/2015,17/09/2015,17/09/2020,Thai Poultry Veterinary Association,,,,,
Achievements,94779,41341,First Aid Qualification,,19/01/2015,19/01/2015,19/01/2020,Bangkok Ratchasima Hospital,,,,,
Achievements,94779,41342,Level 3 Diploma in Work-based Agriculture or Equivalent,,19/05/2014,19/05/2014,,Rajamangala University of Technology,,,,,
Achievements,94784,41336,Hygiene & Biosecurity Short Course,,29/04/2015,29/04/2015,29/04/2020,Thai Poultry Veterinary Association,,,,,
Achievements,94784,41337,Manual Handling Short Course,,29/04/2015,29/04/2015,29/04/2020,Thai Poultry Veterinary Association,,,,,
Achievements,94784,41338,Poultry Welfare Short Course,,07/04/2015,07/04/2015,07/04/2020,Animal Welfare Training,,,,,
Achievements,94784,41341,First Aid Qualification,,19/01/2015,19/01/2015,19/01/2020,Bangkok Ratchasima Hospital,,,,,
Achievements,94784,41342,Level 3 Diploma in Work-based Agriculture or Equivalent,,22/05/2002,22/05/2002,,Buriram Rajabhat Univeristy,,,,,
Achievements,94784,,GAP of Breeder Farm for Agriculturist,,22/05/2008,22/05/2008,22/05/2013,Department of Livestock Development,,,,,
Achievements,94784,,Compartment Management of Breeder Farm for Agriculturist,,26/03/2012,26/03/2012,26/03/2017,Department of Livestock Development,,,,,
Achievements,94784,,Safety Officer at Executive Level,,08/04/2011,08/04/2011,08/04/2016,CPF Training Center,,,,,
Achievements,94785,41335,Health & Safety Short Course,,29/09/2016,29/09/2016,29/09/2021,Thai Poultry Veterinary Association,,,,,
Achievements,94785,41336,Hygiene & Biosecurity Short Course,,28/04/2015,28/04/2015,28/04/2020,Thai Poultry Veterinary Association,,,,,
Achievements,94785,41337,Manual Handling Short Course,,28/04/2015,28/04/2015,28/04/2020,Thai Poultry Veterinary Association,,,,,
Achievements,94785,41338,Poultry Welfare Short Course,,28/04/2015,28/04/2015,28/04/2020,Thai Poultry Veterinary Association,,,,,
Achievements,94785,41341,First Aid Qualification,,15/01/2015,15/01/2015,15/01/2020,Bangkok Ratchasima Hospital,,,,,
Achievements,94785,41342,Level 3 Diploma in Work-based Agriculture or Equivalent,,31/01/2007,31/01/2007,,Suranaree University of Technology,,,,,
Achievements,94785,,Poultry Welfare Office Farm Course,,07/04/2015,07/04/2015,07/04/2020,Animal Welfare Training,,,,,
Achievements,94785,,GAP of Breeder Farm for Agriculturist,,23/01/2013,23/01/2013,23/01/2018,Department of Livestock Development,,,,,
Achievements,94785,,Compartment Management of Farm for Agriculturist,,24/01/2013,24/01/2013,24/01/2018,Department of Livestock Development,,,,,
Achievements,94785,,Pest Control,,10/07/2015,10/07/2015,10/07/2020,Department of Health,,,,,
Achievements,94789,,Gap of Hatchery for Agriculturist,,01/03/2012,01/03/2012,,Department of Livestock Development,,,,,
Achievements,94789,,Compartment Management of Hatchery for Agriculturist,,17/05/2012,17/05/2012,17/05/2017,Department of Livestock Development,,,,,
Achievements,94789,,Safety Officer at Supervisor Level,,17/08/2012,17/08/2012,17/08/2017,CPF Training Center,,,,,
Achievements,94789,,GMP/HACCP Internal Audit,,06/02/2014,06/02/2014,06/02/2019,Intertek,,,,,
Achievements,94789,,ISO9001:2008 Internal Audit,,05/02/2014,05/02/2014,05/02/2019,Intertek,,,,,
Achievements,94789,,Pest Control,,20/11/2013,20/11/2013,20/11/2018,Advance Group Asia Co Ltd,,,,,
Achievements,94789,,Safety for Using Chlorine Technical,,02/06/2012,02/06/2012,02/06/2017,Fire and Rescue Department,,,,,
Achievements,94789,,Management Poultry and Pig Farm,,06/03/2011,06/03/2011,06/03/2016,Silpakorn University,,,,,
Achievements,94789,41335,Health & Safety Short Course,,29/09/2016,29/09/2016,29/09/2021,Thai Poultry Veterinary Association,,,,,
Achievements,94789,41336,Hygiene & Biosecurity Short Course,,09/06/2015,09/06/2015,09/06/2020,Thai Poultry Veterinary Association,,,,,
Achievements,94789,41337,Manual Handling Short Course,,09/06/2015,09/06/2015,09/06/2020,Thai Poultry Veterinary Association,,,,,
Achievements,94789,41338,Poultry Welfare Short Course,,10/06/2015,10/06/2015,10/06/2020,Thai Poultry Veterinary Association,,,,,
Achievements,94789,41341,First Aid Qualification,,19/01/2015,19/01/2015,19/01/2020,Bangkok Ratchasima Hospital,,,,,
Achievements,94789,41342,Level 3 Diploma in Work-based Agriculture or Equivalent,,07/04/2011,07/04/2011,,Silpakorn University,,,,,
Achievements,94794,41335,Health & Safety Short Course,,25/10/2016,25/10/2016,25/10/2021,Thai Poultry Veterinary Association,,,,,
Achievements,94794,41336,Hygiene & Biosecurity Short Course,,28/08/2015,28/08/2015,28/08/2020,Thai Poultry Veterinary Association,,,,,
Achievements,94794,41337,Manual Handling Short Course,,28/08/2015,28/08/2015,28/08/2020,Thai Poultry Veterinary Association,,,,,
Achievements,94794,41338,Poultry Welfare Short Course,,27/08/2015,27/08/2015,27/08/2020,Thai Poultry Veterinary Association,,,,,
Achievements,94794,41341,First Aid Qualification,,19/01/2015,19/01/2015,19/01/2020,Bangkok Ratchasima Hospital,,,,,
Achievements,94794,41342,Level 3 Diploma in Work-based Agriculture or Equivalent,,29/10/2012,29/10/2012,,Sukhothai Thammathirat Open Univeristy,,,,,
Achievements,94794,,Compartment Management of Breeder Farm for Agriculturist,,26/03/2012,26/03/2012,26/03/2017,Department of Livestock Development,,,,,
Achievements,94794,,Safety Committee,,25/08/2009,25/08/2009,25/08/2014,Kongjitman Consultant Academic and Training,,,,,
Achievements,94794,,Integrated Pest Management in Livestock,,08/02/2013,08/02/2013,08/02/2018,Department of Health,,,,,
Achievements,94794,,Safety Officer at Supervisory Level,,19/07/2007,19/07/2007,19/07/2012,Kongjitman Consultant Academic and Training,,,,,
Achievements,101493,41335,Health & Safety Short Course,,29/09/2016,29/09/2016,29/09/2021,Thai Poultry Veterinary Association,,,,,
Achievements,101493,41336,Hygiene & Biosecurity Short Course,,31/03/2016,31/03/2016,31/03/2021,Thai Poultry Veterinary Association,,,,,
Achievements,101493,41337,Manual Handling Short Course,,30/03/2016,30/03/2016,30/03/2021,Thai Poultry Veterinary Association,,,,,
Achievements,101493,41338,Poultry Welfare Short Course,,30/03/2016,30/03/2016,30/03/2021,Thai Poultry Veterinary Association,,,,,
Achievements,101493,41341,First Aid Qualification,,18/11/2016,18/11/2016,18/11/2021,Bangkok Ratchasima Hospital,,,,,
Achievements,101493,41342,Level 3 Diploma in Work-based Agriculture or Equivalent,,13/06/2014,13/06/2014,,Rajamangala University of Technology,,,,,
Achievements,101493,,Compartment Management of Farm for Agriculturist,,28/03/2016,28/03/2016,28/03/2021,Department of Livestock Development,,,,,
Achievements,101493,,Pest Control,,07/04/2016,07/04/2016,07/04/2021,Department of Health,,,,,
Achievements,94796,41335,Health & Safety Short Course,,29/09/2016,29/09/2016,29/09/2021,Thai Poultry Veterinary Association,,,,,
Achievements,94796,41336,Hygiene & Biosecurity Short Course,,08/07/2015,08/07/2015,08/07/2020,Thai Poultry Veterinary Association,,,,,
Achievements,94796,41337,Manual Handling Short Course,,08/07/2015,08/07/2015,08/07/2020,Thai Poultry Veterinary Association,,,,,
Achievements,94796,41338,Poultry Welfare Short Course,,07/07/2015,07/07/2015,07/07/2020,Thai Poultry Veterinary Association,,,,,
Achievements,94796,41341,First Aid Qualification,,15/12/2014,15/12/2014,15/12/2019,Bangkok Ratchasima Hospital,,,,,
Achievements,94796,41342,Level 3 Diploma in Work-based Agriculture or Equivalent,,08/03/2007,08/03/2007,,Rajamangala University of Technology,,,,,
Achievements,94796,,Pest Control and Pesticide Safety,,15/02/2016,15/02/2016,15/02/2021,Department of Pest Management,,,,,
Achievements,94796,,Upgrading Training Course in ISO 9001:2008,,05/03/2012,05/03/2012,05/03/2017,Department of Skill Development,,,,,
Achievements,94796,,ISO 9001:2008 Requirement,,15/06/2009,15/06/2009,15/06/2014,CPF Training Centre,,,,,
Achievements,94796,,Internal Aduit for CPF SHE Management System,,01/08/2012,01/08/2012,01/08/2017,Charoen Pokphand Foods Public Company Limited,,,,,
Achievements,94796,,Compartment Management of Broiler Breeder Chicken Farm for Agriculturist,,26/03/2012,26/03/2012,26/03/2017,Department of Livestock Development,,,,,
Achievements,94796,,Safety Officer at a Level of Excutive,,08/04/2011,08/04/2011,08/04/2016,CPF Training Center,,,,,
Achievements,94796,,Safety Officer at Supervisor Level,,31/03/2000,31/03/2000,31/03/2005,Phetchabun Provincial Office,,,,,
Achievements,94796,,GAP of Hatchery for Agriculturist,,21/01/2013,21/01/2013,21/01/2018,Department of Livestock Development,,,,,
Achievements,94796,,GAP of Broiler Breeder Chicken Farm for Agriculturist,,01/03/2012,01/03/2012,01/03/2017,Department of Livestock Development,,,,,
Achievements,94797,,GAP of Broiler Breeder Chicken Farm for Agriculturist,,23/01/2013,23/01/2013,23/01/2018,Department of Livestock Development,,,,,
Achievements,94797,,Compartment Management of Broiler Breeder Chicken Farm for Agriculturist,,14/05/2012,14/05/2012,14/05/2017,Department of Livestock Development,,,,,
Achievements,94797,,Safety Officer at Supervisor Level,,19/07/2007,19/07/2007,19/07/2012,Kongjitman Consultant Academic and Training Co Ltd,,,,,
Achievements,94797,,The Safety Officer at Technical Level,,20/12/2008,20/12/2008,20/12/2013,Kongjitman Consultant Academic and Training,,,,,
Achievements,94797,,Safety Committee,,24/08/2009,25/08/2009,25/08/2014,Kongjitman Consultant Academic and Training Co Ltd,,,,,
Achievements,94797,,Pest Control,,26/08/2012,26/08/2012,26/08/2017,Rentokil Initial,,,,,
Achievements,94797,,Advanced Technical Fire Fighting of Fire in a Building,,21/11/2009,22/11/2009,22/11/2014,Fire and Rescue Department,,,,,
Achievements,94797,41342,Level 3 Diploma in Work-based Agriculture or Equivalent,,12/12/2011,12/12/2011,,Sukhothai Thammathirat University,,,,,
Achievements,94798,,GAP of Farm for Agriculturist,,28/10/2003,28/10/2003,28/10/2008,Department of Livestock Development,,,,,
Achievements,94798,,GAP of Hatchery for Agriculturist,,28/10/2003,28/10/2003,28/10/2008,Department of Livestock Development,,,,,
Achievements,94798,,Safety Officer at Supervisor Level,,21/05/2008,21/05/2008,21/05/2013,CPF Training Center,,,,,
Achievements,94798,,Safety Committee,,16/10/2008,16/10/2008,16/10/2013,Kongjitman Consultant Academic and Training Co Ltd,,,,,
Achievements,94798,,GMP/HACCP,,18/03/2003,19/03/2003,19/03/2018,CPF Training Center,,,,,
Achievements,94798,,ISO9001:2000,,15/07/2003,15/07/2003,15/07/2018,CPF Training Center,,,,,
Achievements,94798,,Verify and Audit HACCP Version 3,,25/08/2003,25/08/2003,25/08/2008,CPF Training Center,,,,,
Achievements,94798,41336,Hygiene & Biosecurity Short Course,,29/04/2015,29/04/2015,29/04/2020,Thai Poultry Veterinary Assocation,,,,,
Achievements,94798,41337,Manual Handling Short Course,,29/04/2015,29/04/2015,29/04/2020,Thai Poultry Veterinary Assocation,,,,,
Achievements,94798,41338,Poultry Welfare Short Course,,28/04/2015,28/04/2015,28/04/2020,Thai Poultry Veterinary Assocation,,,,,
Achievements,94798,41342,Level 3 Diploma in Work-based Agriculture or Equivalent,,21/05/1997,21/05/1997,,Maejo University,,,,,
Achievements,94801,41335,Health & Safety Short Course,,25/10/2016,25/10/2016,25/10/2021,Thai Poultry Veterinary Association,,,,,
Achievements,94801,41336,Hygiene & Biosecurity Short Course,,09/06/2015,09/06/2015,09/06/2020,Thai Poultry Veterinary Association,,,,,
Achievements,94801,41337,Manual Handling Short Course,,09/06/2015,09/06/2015,09/06/2020,Thai Poultry Veterinary Association,,,,,
Achievements,94801,41338,Poultry Welfare Short Course,,10/06/2015,10/06/2015,10/06/2020,Thai Poultry Veterinary Association,,,,,
Achievements,94801,41341,First Aid Qualification,,19/01/2015,19/01/2015,19/01/2020,Bangkok Ratchasima Hospital,,,,,
Achievements,94801,41342,Level 3 Diploma in Work-based Agriculture or Equivalent,,25/03/2009,25/03/2009,,Maejo Unversity,,,,,
Achievements,94801,,GAP of Poultry Farm for Agriculturist,,01/03/2012,01/03/2012,01/03/2017,Department of Livestock Development,,,,,
Achievements,94801,,Compartment Mangement of Poultry Farm for Agriculturist,,14/05/2012,14/05/2012,14/05/2017,Department of Livestock Development,,,,,
Achievements,94804,41335,Health & Safety Short Course,,29/09/2016,29/09/2016,29/09/2021,Thai Poultry Veterinary Association,,,,,
Achievements,94804,41336,Hygiene & Biosecurity Short Course,,09/06/2015,09/06/2015,09/06/2020,Thai Poultry Veterinary Association,,,,,
Achievements,94804,41337,Manual Handling Short Course,,09/06/2015,09/06/2015,09/06/2020,Thai Poultry Veterinary Association,,,,,
Achievements,94804,41338,Poultry Welfare Short Course,,10/06/2015,10/06/2015,10/06/2020,Thai Poultry Veterinary Association,,,,,
Achievements,94804,41341,First Aid Qualification,,15/12/2014,15/12/2014,15/12/2019,Bangkok Ratchasima Hospital,,,,,
Achievements,94804,41342,Level 3 Diploma in Work-based Agriculture or Equivalent,,25/03/2009,25/03/2009,,Khon Kean University,,,,,
Achievements,94804,,Pest Control and Pesticide Safety,,15/02/2016,15/02/2016,15/02/2021,Department of Pest Management,,,,,
Achievements,94804,,GMP/HACCP Internal Audit,,06/02/2014,06/02/2014,06/02/2019,Intertek,,,,,
Achievements,94298,41336,Hygiene & Biosecurity Short Course,,13/04/2016,13/04/2016,13/04/2021,WFT Academy,,,,,
Achievements,94298,41338,Poultry Welfare Short Course,,13/04/2016,13/04/2016,13/04/2021,WFT Academy,,,,,
Achievements,94299,41336,Hygiene & Biosecurity Short Course,,13/04/2016,13/04/2016,13/04/2021,WFT Academy,,,,,
Achievements,94299,41338,Poultry Welfare Short Course,,13/04/2016,13/04/2016,13/04/2021,WFT Academy,,,,,
Achievements,94373,41335,Health & Safety Short Course,,29/09/2016,29/09/2016,29/09/2021,Thai Poultry Veterinary Association,,,,,
Achievements,94373,41336,Hygiene & Biosecurity Short Course,,09/06/2015,09/06/2015,09/06/2020,Thai Poultry Veterinary Association,,,,,
Achievements,94373,41337,Manual Handling Short Course,,09/06/2015,09/06/2015,09/06/2020,Thai Poultry Veterinary Association,,,,,
Achievements,94373,41338,Poultry Welfare Short Course,,10/06/2015,10/06/2015,10/06/2020,Thai Poultry Veterinary Association,,,,,
Achievements,94374,41335,Health & Safety Short Course,,29/09/2016,29/09/2016,29/09/2021,Thai Poultry Veterinary Association,,,,,
Achievements,94374,41336,Hygiene & Biosecurity Short Course,,25/03/2015,25/03/2015,25/03/2020,Thai Poultry Veterinary Association,,,,,
Achievements,94374,41337,Manual Handling Short Course,,25/03/2015,25/03/2015,25/03/2020,Thai Poultry Veterinary Association,,,,,
Achievements,94374,41338,Poultry Welfare Short Course,,24/03/2015,24/03/2015,24/03/2020,Thai Poultry Veterinary Association,,,,,
Achievements,94376,41335,Health & Safety Short Course,,29/09/2016,29/09/2016,29/09/2021,Thai Poultry Veterinary Association,,,,,
Achievements,94376,41336,Hygiene & Biosecurity Short Course,,25/03/2015,25/03/2015,25/03/2020,Thai Poultry Veterinary Association,,,,,
Achievements,94376,41337,Manual Handling Short Course,,25/03/2015,25/03/2015,25/03/2020,Thai Poultry Veterinary Association,,,,,
Achievements,94376,41338,Poultry Welfare Short Course,,24/03/2015,24/03/2015,24/03/2020,Thai Poultry Veterinary Association,,,,,
Achievements,94377,41335,Health & Safety Short Course,,29/09/2016,29/09/2016,29/09/2021,Thai Poultry Veterinary Association,,,,,
Achievements,94377,41336,Hygiene & Biosecurity Short Course,,08/04/2015,08/04/2015,08/04/2020,Thai Poultry Veterinary Association,,,,,
Achievements,94377,41337,Manual Handling Short Course,,07/04/2015,07/04/2015,07/04/2020,Thai Poultry Veterinary Association,,,,,
Achievements,94377,41338,Poultry Welfare Short Course,,07/04/2015,07/04/2015,07/04/2020,Thai Poultry Veterinary Association,,,,,
Achievements,94397,41336,Hygiene & Biosecurity Short Course,,17/06/2016,17/06/2016,17/06/2021,Thai Poultry Veterinary Association,,,,,
Achievements,94397,41337,Manual Handling Short Course,,17/06/2016,17/06/2016,17/06/2021,Thai Poultry Veterinary Association,,,,,
Achievements,94397,41338,Poultry Welfare Short Course,,16/06/2016,16/06/2016,16/06/2021,Thai Poultry Veterinary Association,,,,,
Achievements,94399,,Hygiene and Biosecurity,,18/09/2015,18/09/2015,18/09/2020,Thai Poultry Veterinary Association,,,,,
Achievements,94399,,Manual Handling,,18/09/2015,18/09/2015,18/09/2020,Thai Poultry Veterinary Association,,,,,
Achievements,94399,,Poultry Welfare Course,,17/09/2015,17/09/2015,17/09/2020,Thai Poultry Veterinary Association,,,,,
Achievements,94410,41335,Health & Safety Short Course,,25/10/2016,25/10/2016,25/10/2021,Thai Poultry Veterinary Association,,,,,
Achievements,94422,41335,Health & Safety Short Course,,25/10/2016,25/10/2016,25/10/2021,Thai Poultry Veterinary Association,,,,,
Achievements,94423,41335,Health & Safety Short Course,,25/10/2016,25/10/2016,25/10/2021,Thai Poultry Veterinary Association,,,,,
Achievements,94425,41335,Health & Safety Short Course,,25/10/2016,25/10/2016,25/10/2021,Thai Poultry Veterinary Association,,,,,
Achievements,94425,41336,Hygiene & Biosecurity Short Course,,08/04/2015,08/04/2015,08/04/2020,Thai Poultry Veterinary Association,,,,,
Achievements,94425,41337,Manual Handling Short Course,,07/04/2015,07/04/2015,07/04/2020,Thai Poultry Veterinary Association,,,,,
Achievements,94425,41338,Poultry Welfare Short Course,,07/04/2015,07/04/2015,07/04/2020,Thai Poultry Veterinary Association,,,,,
Achievements,94425,41341,First Aid Qualification,,29/06/2015,29/06/2015,29/06/2020,Thai Red Cross Society,,,,,
Achievements,94506,41335,Health & Safety Short Course,,27/07/2017,27/07/2017,27/07/2022,Thai Poultry Veterinary Association,,,,,
Achievements,94506,41336,Hygiene & Biosecurity Short Course,,13/11/2016,13/11/2016,13/11/2021,Thai Poultry Veterinary Association,,,,,
Achievements,94506,41337,Manual Handling Short Course,,13/11/2016,13/11/2016,13/11/2021,Thai Poultry Veterinary Association,,,,,
Achievements,94506,41338,Poultry Welfare Short Course,,12/11/2016,12/11/2016,12/11/2021,Thai Poultry Veterinary Association,,,,,
Achievements,94506,41341,First Aid Qualification,,28/05/2015,28/05/2015,28/05/2020,Thai Red Cross,,,,,
Achievements,94509,41335,Health & Safety Short Course,,25/10/2016,25/10/2016,25/10/2021,Thai Poultry Veterinary Association,,,,,
Achievements,94509,41336,Hygiene & Biosecurity Short Course,,17/06/2016,17/06/2016,17/06/2021,Thai Poultry Veterinary Association,,,,,
Achievements,94509,41337,Manual Handling Short Course,,17/06/2016,17/06/2016,17/06/2021,Thai Poultry Veterinary Association,,,,,
Achievements,94509,41338,Poultry Welfare Short Course,,16/06/2016,16/06/2016,16/06/2021,Thai Poultry Veterinary Association,,,,,
Achievements,94509,41341,First Aid Qualification,,07/09/2016,07/09/2016,07/09/2021,Thai Red Cross Society,,,,,
Achievements,94517,,Leg Weakness & Gait Score,,14/03/2005,14/03/2005,14/03/2010,Animal Welfare Training,,,,,
Achievements,94517,,Safety Officer at Manager Level,,18/09/2008,18/09/2008,18/09/2013,Jith Munkong Co Ltd,,,,,
Achievements,94517,,Safety Offier at Supervisor Level,,04/07/2008,04/07/2008,04/07/2013,Jith Minkong Co Ltd,,,,,
Achievements,94517,,Pest Control,,14/02/2007,14/02/2007,14/02/2012,Department of Health,,,,,
Achievements,94517,,Compartment Management of Poultry for Agriculturist,,09/01/2007,09/01/2007,09/01/2012,Department of Livestock Development,,,,,
Achievements,94517,,Insect Control,,13/03/2012,13/03/2012,13/03/2017,Rentokil Initial Co Ltd,,,,,
Achievements,94517,41336,Hygiene & Biosecurity Short Course,,08/07/2015,08/07/2015,08/07/2020,Thai Poultry Veterinary Association,,,,,
Achievements,94517,41337,Manual Handling Short Course,,08/07/2015,08/07/2015,08/07/2020,Thai Poultry Veterinary Association,,,,,
Achievements,94517,41338,Poultry Welfare Short Course,,07/07/2015,07/07/2015,07/07/2020,Thai Poultry Veterinary Association,,,,,
Achievements,94518,41335,Health & Safety Short Course,,25/10/2016,25/10/2016,25/10/2021,Thai Poultry Veterinary Association,,,,,
Achievements,94518,41336,Hygiene & Biosecurity Short Course,,18/09/2015,18/09/2015,18/09/2020,Thai Poultry Veterinary Association,,,,,
Achievements,94518,41337,Manual Handling Short Course,,18/09/2015,18/09/2015,18/09/2020,Thai Poultry Veterinary Association,,,,,
Achievements,94518,41338,Poultry Welfare Short Course,,17/09/2015,17/09/2015,17/09/2020,Thai Poultry Veterinary Association,,,,,
Achievements,94518,41341,First Aid Qualification,,17/08/2016,17/08/2016,17/08/2021,Srimahaphot Hospital,,,,,
Achievements,94518,41342,Level 3 Diploma in Work-based Agriculture or Equivalent,,10/03/2014,10/03/2014,,Rajamangala University of Technology,,,,,
Achievements,94524,,Safety Officer at Supervisor Level,,12/05/2010,12/05/2010,12/05/2015,Pinthong Group Co Ltd.,,,,,
Achievements,94524,,GAP of Poultry for Agriculturist,,28/07/2004,28/07/2004,28/07/2009,Department of Livestock Development,,,,,
Achievements,94524,,Compartmentalisation of Poultry,,27/02/2009,27/02/2009,27/02/2014,Department of Livestock Development,,,,,
Achievements,94524,,Integrated Pest Management Control Training,,23/07/2009,24/07/2009,24/07/2014,Novartis Animal Health,,,,,
Achievements,94524,41336,Hygiene & Biosecurity Short Course,,13/11/2015,13/11/2015,13/11/2020,Thai Poultry Veterinary Association,,,,,
Achievements,94524,41337,Manual Handling Short Course,,13/11/2015,13/11/2015,13/11/2020,Thai Poultry  Veterinary Association,,,,,
Achievements,94524,41338,Poultry Welfare Short Course,,12/11/2015,12/11/2015,12/11/2020,Thai Poultry Veterinary Association,,,,,
Achievements,94524,41341,First Aid Qualification,,06/09/2016,06/09/2016,06/09/2021,Srimahaphot Hospital,,,,,
Achievements,94532,,Compartment Management of Poultry for Agriculturist,,11/05/2012,11/05/2012,11/05/2017,Department of Livestock Development,,,,,
Achievements,94532,,GAP of Poultry for Agriculturist,,11/05/2012,11/05/2012,11/05/2017,Department of Livestock Development,,,,,
Achievements,94532,,Safety Officer at Supervisor Level,,17/05/2013,17/05/2013,17/05/2018,CPF Training Center,,,,,
Achievements,94532,41336,Hygiene & Biosecurity Short Course,,28/08/2015,28/08/2015,28/08/2020,Thai Poultry Veterinary Assocation,,,,,
Achievements,94532,41337,Manual Handling Short Course,,28/08/2015,28/08/2015,28/08/2020,Thai Poultry Veterinary Assocation,,,,,
Achievements,94532,41338,Poultry Welfare Short Course,,27/08/2015,27/08/2015,27/08/2020,Thai Poultry Veterinary Assocation,,,,,
Achievements,94532,41342,Level 3 Diploma in Work-based Agriculture or Equivalent,,04/05/2011,04/05/2011,,Maejo University,,,,,
Achievements,94535,,GAP of Poultry for Agriculturist,,24/01/2006,24/01/2006,24/01/2011,Department of Livestock Development,,,,,
Achievements,94535,,Pest Control,,29/03/2007,29/03/2007,29/03/2012,Department of Livestock Development,,,,,
Achievements,94535,,Safety Officer at Supervisor Level,,04/07/2008,04/07/2008,04/07/2012,Jith Munkong Co Ltd,,,,,
Achievements,94535,41342,Level 3 Diploma in Work-based Agriculture or Equivalent,,15/05/2005,15/05/2005,,Rajamangala University of Technology Tawan,,,,,
Achievements,94536,,GAP of Poultry for Agriculturist,,11/05/2012,11/05/2012,11/05/2017,Department of Livestock Development,,,,,
Achievements,94536,,Compartment Management of Poultry for Agriculturist,,11/05/2012,11/05/2012,11/05/2017,Department of Livestock Development,,,,,
Achievements,94536,,Safety Officer at Supervisor Level,,11/08/2011,11/08/2011,11/08/2016,Pinthong Group,,,,,
Achievements,94536,41336,Hygiene & Biosecurity Short Course,,18/09/2015,18/09/2015,18/09/2020,Thai Poultry Veterinary Assocation,,,,,
Achievements,94536,41337,Manual Handling Short Course,,18/09/2015,18/09/2015,18/09/2020,Thai Poultry Veterinary Assocation,,,,,
Achievements,94536,41338,Poultry Welfare Short Course,,17/09/2015,17/09/2015,14/09/2020,Thai Poultry Veterinary Assocation,,,,,
Achievements,94536,41342,Level 3 Diploma in Work-based Agriculture or Equivalent,,01/04/2010,01/04/2010,,Khon Kaen University,,,,,
Achievements,94538,41335,Health & Safety Short Course,,25/10/2016,25/10/2016,25/10/2021,Thai Poultry Veterinary Association,,,,,
Achievements,94538,41336,Hygiene & Biosecurity Short Course,,28/08/2015,28/08/2015,28/08/2020,Thai Poultry Veterinary Association,,,,,
Achievements,94538,41337,Manual Handling Short Course,,28/08/2015,28/08/2015,28/08/2020,Thai Poultry Veterinary Association,,,,,
Achievements,94538,41338,Poultry Welfare Short Course,,27/08/2015,27/08/2015,27/08/2020,Thai Poultry Veterinary Association,,,,,
Achievements,94538,41341,First Aid Qualification,,06/09/2016,06/09/2016,06/09/2021,Srimahaphot Hospital,,,,,
Achievements,94538,41342,Level 3 Diploma in Work-based Agriculture or Equivalent,,21/05/1997,21/05/1997,,Maejo University,,,,,
Achievements,94538,,Safety Officer at Supervisor Level,,18/09/2008,18/09/2008,18/09/2013,Jith Munkong Co Ltd,,,,,
Achievements,94538,,Compartment Management of Poultry for Agriculturist,,30/11/2006,30/11/2006,30/11/2011,Department of Livestock Development,,,,,
Achievements,94538,,GAP of Poultry for Agriculturist,,25/11/2003,25/11/2003,25/11/2008,Department of Livestock Development,,,,,
Achievements,94540,41336,Hygiene & Biosecurity Short Course,,18/09/2015,18/09/2015,18/09/2020,Thai Poultry Veterinary Association,,,,,
Achievements,94540,41337,Manual Handling Short Course,,18/09/2015,18/09/2015,18/09/2020,Thai Poultry Veterinary Association,,,,,
Achievements,94540,41338,Poultry Welfare Short Course,,17/09/2015,17/09/2015,17/09/2020,Thai Poultry Veterinary Association,,,,,
Achievements,94540,41341,First Aid Qualification,,06/09/2016,06/09/2016,06/09/2021,Srimahaphot Hospital,,,,,
Achievements,94540,41342,Level 3 Diploma in Work-based Agriculture or Equivalent,,22/04/2013,22/04/2013,,Maejo University,,,,,
Achievements,94566,,Compartmentalisation in Poultry,,25/04/2012,25/04/2012,25/04/2017,Department of Livestock Development,,,,,
Achievements,94566,,Safety Officer at Supervisor Level,,20/12/2005,20/12/2005,20/12/2010,CPF Training Center,,,,,
Achievements,94566,41342,Level 3 Diploma in Work-based Agriculture or Equivalent,,23/03/1988,23/03/1988,,Khon Kaen University,,,,,
Achievements,94584,,"Safety, Health and Environment",,11/12/2008,11/12/2008,11/12/2013,Education and Training Advisor,,,,,
Achievements,94584,,Safety Officer at Executive Level,,09/05/2003,09/05/2003,09/05/2008,CPF SHE,,,,,
Achievements,94584,,Compartmentalisation in Poultry,,06/03/2007,06/03/2007,06/03/2012,Department of Livestock Development,,,,,
Achievements,94584,41342,Level 3 Diploma in Work-based Agriculture or Equivalent,,10/03/1986,10/03/1986,,Record Institute of Technology and Vocational Education,,,,,
Achievements,94592,,Compartmentalisation in Poultry,,28/02/2008,28/02/2008,28/02/2013,Department of Livestock Development,,,,,
Achievements,94592,,Safety Officer at Technical Level,,20/12/2008,20/12/2008,20/12/2013,Education and Training Advisor,,,,,
Achievements,94592,41336,Hygiene & Biosecurity Short Course,,28/08/2015,28/08/2015,28/08/2020,Thai Poultry Veterinary Association,,,,,
Achievements,94592,41337,Manual Handling Short Course,,28/08/2015,28/08/2015,28/08/2020,Thai Poultry Veterinary Association,,,,,
Achievements,94592,41338,Poultry Welfare Short Course,,27/08/2015,27/08/2015,27/08/2020,Thai Poultry Veterinary Association,,,,,
Achievements,94592,41342,Level 3 Diploma in Work-based Agriculture or Equivalent,,21/10/2002,21/10/2002,,Ubon Ratchathani University,,,,,
Achievements,94600,,Safety Officer at Supervisor Level,,20/12/2005,20/12/2005,20/12/2010,CPF Training Center,,,,,
Achievements,94600,41342,Level 3 Diploma in Work-based Agriculture or Equivalent,,29/03/2004,29/03/2004,,Rajamangala Institute of Technology,,,,,
Achievements,94706,41336,Hygiene & Biosecurity Short Course,,26/06/2014,26/06/2014,26/06/2019,WFT Academy,,,,,
Achievements,94706,41338,Poultry Welfare Short Course,,06/09/2013,06/09/2013,06/09/2018,WFT Academy,,,,,
Achievements,94736,41335,Health & Safety Short Course,,29/09/2016,29/09/2016,29/09/2021,Thai Poultry Veterinary Association,,,,,
Achievements,94736,41336,Hygiene & Biosecurity Short Course,,25/03/2015,25/03/2015,25/03/2020,Thai Poultry Veterinary Association,,,,,
Achievements,94736,41337,Manual Handling Short Course,,25/03/2015,25/03/2015,25/03/2020,Thai Poultry Veterinary Association,,,,,
Achievements,94736,41338,Poultry Welfare Short Course,,07/04/2015,07/04/2015,07/04/2020,Animal Welfare Training,,,,,
Achievements,94736,41341,First Aid Qualification,,15/12/2014,15/12/2014,15/12/2019,Bangkok Ratchasima Hospital,,,,,
Achievements,94736,41342,Level 3 Diploma in Work-based Agriculture or Equivalent,,28/03/1992,28/03/1992,,Chaingrai College of Agriculture and Technology,,,,,
Achievements,94736,,Pest Control and Pesticide Safety,,15/02/2016,15/02/2016,15/02/2021,Department of Pest Management,,,,,
Achievements,94736,,ISO 9001:2008 Requirement,,15/06/2009,15/06/2009,25/06/2014,CPF Training Center,,,,,
Achievements,94736,,Compartment management of broiler breeder chicken farm for Agriculturist,,26/03/2012,26/03/2012,26/03/2017,Department of Livestock Development,,,,,
Achievements,94736,,Safety Officer at the Level of Excutive,,11/11/2009,11/11/2009,11/11/2014,Kongjitman Consultant Academic and Training,,,,,
Achievements,94736,,Safety officer at supervisor level,,26/11/2008,26/11/2008,26/11/2013,Kongjitman Consultant Academic and Training,,,,,
Achievements,94736,,GAP of broiler breeder chicken farm for agriculturist,,19/10/2006,19/10/2006,19/10/2011,Department of Livestock Development,,,,,
Achievements,94747,,Compartment Management of the Hatchery of Poultry for Agriculturist,,11/10/2010,11/10/2010,11/10/2015,Department of Livestock Development,,,,,
Achievements,94747,,GAP of Broiler Breeder Chicken Farm for Agriculturist,,11/10/2010,11/10/2010,11/10/2015,Department of Livestock Development,,,,,
Achievements,94747,,Safety Officer at Supervisor Level,,20/01/2012,20/01/2012,20/01/2017,Benja Safety Service Center Co Ltd,,,,,
Achievements,94747,41341,First Aid Qualification,,25/08/2011,25/08/2011,25/08/2014,"Hospital Kabinburi, Prachinburi",,,,,
Achievements,94748,,Safety Officer at the Level of Executive,,22/01/2012,22/01/2012,22/01/2017,Pinthong Group Management and Consultants Co Ltd,,,,,
Achievements,94748,,Safety Officer at the Level of Supervisor,,10/09/2003,10/09/2003,10/09/2008,CPF Training Center,,,,,
Achievements,94748,,Pest Control,,29/03/2007,29/03/2007,29/03/2012,Department of Livestock Development,,,,,
Achievements,94748,,GAP of Broiler Breeder Chicken Farm for Agriculturist,,08/06/2006,08/06/2006,08/06/2011,Department of Livestock Development,,,,,
Achievements,94748,,Internal Quality Audit,,10/08/2003,10/08/2003,10/08/2008,Charoen Pokphand Group,,,,,
Achievements,94748,,HACCP,,03/04/2006,03/04/2006,03/04/2011,CPF Training Center,,,,,
Achievements,94748,,GMP,,13/03/2006,13/03/2006,13/03/2011,CPF Training Center,,,,,
Achievements,94748,,GAP of Meat-Type Duck Farm for Agriculturist,,13/10/2006,13/10/2006,13/10/2011,Department of Livestock Development,,,,,
Achievements,94748,,GAP of Hatchery for Agriculturist,,13/10/2006,13/10/2006,13/10/2011,Department of Livestock Development,,,,,
Achievements,94748,,GAP of Layer Chicken Farm for Agriculturist,,08/06/2006,08/06/2006,08/06/2011,Department of Livestock Development,,,,,
Achievements,94748,,Safety Course to Operate in Confined Spaces,,13/09/2012,15/09/2012,15/09/2017,Thai Safety and Training Co Ltd,,,,,
Achievements,94748,,Practice in Necropsy and Diagnostic Pathology of Poultry,,16/03/2007,16/03/2007,16/03/2012,CPF Training Center,,,,,
Achievements,94748,41342,Level 3 Diploma in Work-based Agriculture or Equivalent,,03/04/2002,03/04/2002,,Khon Kaen University,,,,,
Achievements,94748,41336,Hygiene & Biosecurity Short Course,,28/04/2015,28/04/2015,28/04/2020,Thai Poultry Veterinary Association,,,,,
Achievements,94748,41337,Manual Handling Short Course,,28/04/2015,28/04/2015,28/04/2020,Thai Poultry Veterinary Association,,,,,
Achievements,94748,41338,Poultry Welfare Short Course,,28/04/2015,28/04/2015,28/04/2020,Thai Poultry Veterinary Association,,,,,
Achievements,94752,,Safety Officer at the Level of Executive,,18/10/2011,18/10/2011,18/10/2016,CPF Training Center,,,,,
Achievements,94752,,Safety Course to Operate in Confined Spaces,,13/09/2012,15/09/2012,15/09/2017,Thai Safety and Training Co Ltd,,,,,
Achievements,94752,,The Operation of the Hatchery Poultry,,10/11/2011,10/11/2011,10/11/2016,Department of Livestock Development,,,,,
Achievements,94752,,Compartment Management of the Poultry Thailand,,26/06/2013,26/06/2013,26/06/2018,Department of Livestock Development,,,,,
Achievements,94752,,Poultry Welfare Officer Farm,,07/01/2014,07/01/2014,07/01/2019,Animal Welfare Training LTD,,,,,
Achievements,94752,,GMP/HACCP Internal Audit,,21/02/2014,21/02/2014,21/02/2019,Intertek,,,,,
Achievements,94752,,ISO9001:2008 Internal Audit,,20/02/2014,20/02/2014,20/02/2019,Intertek,,,,,
Achievements,94752,41335,Health & Safety Short Course,,29/09/2016,29/09/2016,29/09/2021,Thai Poultry Veterinary Association,,,,,
Achievements,94752,41341,First Aid Qualification,,25/08/2011,25/08/2011,25/08/2016,"Hospital Kabinburi, Prachinburi",,,,,
Achievements,94752,41342,Level 3 Diploma in Work-based Agriculture or Equivalent,,07/03/2004,07/03/2004,,Rajamangala Institute of Technology,,,,,
Achievements,94758,41336,Hygiene & Biosecurity Short Course,,27/08/2015,27/08/2015,27/08/2020,Thai Poultry Veterinary Association,,,,,
Achievements,94758,41337,Manual Handling Short Course,,27/08/2015,27/08/2015,27/08/2020,Thai Poultry Veterinary Association,,,,,
Achievements,94758,41338,Poultry Welfare Short Course,,27/08/2015,27/08/2015,27/08/2020,Thai Poultry Veterinary Association,,,,,
Achievements,94759,41336,Hygiene & Biosecurity Short Course,,28/04/2015,28/04/2015,28/04/2020,Thai Poultry Veterinary Association,,,,,
Achievements,94759,41337,Manual Handling Short Course,,28/04/2015,28/04/2015,28/04/2020,Thai Poultry Veterinary Association,,,,,
Achievements,94759,41338,Poultry Welfare Short Course,,28/04/2015,28/04/2015,28/04/2020,Thai Poultry Veterinary Association,,,,,
Achievements,94765,41336,Hygiene & Biosecurity Short Course,,27/08/2015,27/08/2015,27/08/2020,Thai Poultry Veterinary Association,,,,,
Achievements,94765,41337,Manual Handling Short Course,,27/08/2015,27/08/2015,27/08/2020,Thai Poultry Veterinary Association,,,,,
Achievements,94765,41338,Poultry Welfare Short Course,,27/08/2015,27/08/2015,27/08/2020,Thai Poultry Veterinary Association,,,,,
Achievements,94765,41341,First Aid Qualification,,19/01/2015,19/01/2015,19/01/2020,Saint Mary's Hospital,,,,,
Achievements,94765,41342,Level 3 Diploma in Work-based Agriculture or Equivalent,,10/04/2013,10/04/2013,,Mahasarakham University,,,,,
Achievements,94773,41335,Health & Safety Short Course,,29/09/2016,29/09/2016,29/09/2021,Thai Poultry Veterinary Association,,,,,
Achievements,94773,41336,Hygiene & Biosecurity Short Course,,28/08/2015,28/08/2015,28/08/2020,Thai Poultry Veterinary Association,,,,,
Achievements,94773,41337,Manual Handling Short Course,,28/08/2015,28/08/2015,28/08/2020,Thai Poultry Veterinary Association,,,,,
Achievements,94773,41338,Poultry Welfare Short Course,,27/08/2015,27/08/2015,27/08/2020,Thai Poultry Veterinary Association,,,,,
Achievements,94773,41341,First Aid Qualification,,24/04/2015,24/04/2015,24/04/2020,Chokchai Hospital,,,,,
Achievements,94773,41342,Level 3 Diploma in Work-based Agriculture or Equivalent,,21/05/2013,21/05/2013,,Maejo University,,,,,
Achievements,94773,,Compartment Management of Breeder Farm for Agriculturist,,28/03/2016,28/03/2016,28/03/2021,Department of Livestock Development,,,,,
Achievements,95204,41335,Health & Safety Short Course,,25/11/2016,25/11/2016,25/11/2021,Thai Poultry Veterinary Association,,,,,
Achievements,95204,41336,Hygiene & Biosecurity Short Course,,17/06/2016,17/06/2016,17/06/2021,Thai Poultry Veterinary Association,,,,,
Achievements,95204,41337,Manual Handling Short Course,,17/06/2016,17/06/2016,17/06/2021,Thai Poultry Veterinary Association,,,,,
Achievements,95204,41338,Poultry Welfare Short Course,,16/06/2016,16/06/2016,16/06/2021,Thai Poultry Veterinary Association,,,,,
Achievements,95207,41336,Hygiene & Biosecurity Short Course,,17/06/2016,17/06/2016,17/06/2021,Thai Poultry Veterinary Association,,,,,
Achievements,95207,41337,Manual Handling Short Course,,17/06/2016,17/06/2016,17/06/2021,Thai Poultry Veterinary Association,,,,,
Achievements,95207,41338,Poultry Welfare Short Course,,16/06/2016,16/06/2016,16/06/2021,Thai Poultry Veterinary Association,,,,,
Achievements,95210,41335,Health & Safety Short Course,,24/11/2016,24/11/2016,24/11/2021,Thai Poultry Veterinary Association,,,,,
Achievements,95224,41335,Health & Safety Short Course,,29/09/2016,29/09/2016,29/09/2021,Thai Poultry Veterinary Association,,,,,
Achievements,95224,41336,Hygiene & Biosecurity Short Course,,25/03/2015,25/03/2015,25/03/2020,Thai Poultry Veterinary Association,,,,,
Achievements,95224,41337,Manual Handling Short Course,,25/03/2015,25/03/2015,25/03/2020,Thai Poultry Veterinary Association,,,,,
Achievements,95224,41338,Poultry Welfare Short Course,,24/03/2015,24/03/2015,24/03/2020,Thai Poultry Veterinary Association,,,,,
Achievements,95224,41341,First Aid Qualification,,10/06/2013,10/06/2013,10/06/2018,Thai Red Cross Society,,,,,
Achievements,95237,,GMP/HACCP Internal Audit,,06/02/2014,06/02/2014,06/02/2019,Intertek,,,,,
Achievements,95237,,Industrial Gas Leak Control & Management,,11/07/2013,11/07/2013,11/07/2018,Crisis & Emergency Response Training School,,,,,
Achievements,95237,,GAP of Broiler Breeder Chicken Farm for Agriculturist,,23/01/2013,23/01/2013,23/01/2018,Department of Livestock Development,,,,,
Achievements,95237,,Compartment Management of Broiler Breeder Chicken Farm for Agriculturist,,14/05/2012,14/05/2012,14/05/2017,Department of Livestock Development,,,,,
Achievements,95237,,Internal Audit for ISO 9001:2008,,21/09/2011,21/09/2011,21/09/2016,Intertek,,,,,
Achievements,95237,,Safety Officer Supervisor Level,,03/03/2011,03/03/2011,03/03/2016,CPF Training Center,,,,,
Achievements,95237,,ISO 9001 Version 2008,,28/02/2011,28/02/2011,28/02/2016,Quality Standard System Center,,,,,
Achievements,95237,,GAP of Broiler Breeder Chicken Farm for Agriculturist,,23/01/2013,23/01/2013,23/01/2018,Department of Livestock Development,,,,,
Achievements,95237,,Internal Audit for CPF SHE Management System,,05/01/2010,06/01/2010,06/01/2015,Charoen Pokphand Foods Public Company Limited,,,,,
Achievements,95237,,GAP of Broiler Chicken Farm for Agriculturist,,30/10/2008,30/10/2008,30/10/2013,Department of Livestock Development,,,,,
Achievements,95237,,GAP of Layer Chicken Farm for Agriculturist,,30/10/2008,30/10/2008,30/10/2013,Department of Livestock Development,,,,,
Achievements,95237,41336,Hygiene & Biosecurity Short Course,,13/11/2015,13/11/2015,13/11/2020,Thai Poultry Veterinary Association,,,,,
Achievements,95237,41337,Manual Handling Short Course,,13/11/2015,13/11/2015,13/11/2020,Thai Poultry Veterinary Association,,,,,
Achievements,95237,41338,Poultry Welfare Short Course,,12/11/2015,12/11/2015,12/11/2020,Thai Poultry Veterinary Association,,,,,
Achievements,95237,41341,First Aid Qualification,,09/02/2015,09/02/2015,09/02/2020,Thai Heart Foundation,,,,,
Achievements,95237,41342,Level 3 Diploma in Work-based Agriculture or Equivalent,,29/04/2009,29/04/2009,,Maejo University,,,,,
Achievements,95239,,GAP of Broiler Breeder Chicken Farm for Agriculturist,,26/12/2014,26/12/2014,26/12/2019,Department of Livestock Development,,,,,
Achievements,95239,,GMP/HACCP Internal Audit,,24/07/2014,24/07/2014,24/07/2019,Intertek,,,,,
Achievements,95239,,GMP/HACCP Requirement,,23/07/2014,23/07/2014,23/07/2019,Intertek,,,,,
Achievements,95239,,GAP of Hatchery of Poultry for Agriculturist,,21/01/2013,21/01/2013,21/01/2018,Department of Livestock Development,,,,,
Achievements,95239,,Safety Committee,,08/03/2013,08/03/2013,08/03/2018,CPF Training Center,,,,,
Achievements,95239,,Internal Audit for ISO 9001:2008 Training Course,,21/09/2011,21/09/2011,21/09/2016,Intertek,,,,,
Achievements,95239,41336,Hygiene & Biosecurity Short Course,,08/04/2015,08/04/2015,08/04/2020,Thai Poultry Veterinary Association,,,,,
Achievements,95239,41337,Manual Handling Short Course,,07/04/2015,07/04/2015,07/04/2020,Thai Poultry Veterinary Association,,,,,
Achievements,95239,41338,Poultry Welfare Short Course,,07/04/2015,07/04/2015,07/04/2020,Thai Poultry Veterinary Association,,,,,
Achievements,95239,41341,First Aid Qualification,,21/07/2015,21/07/2015,21/07/2020,Thai Heart Foundation,,,,,
Achievements,95239,41342,Level 3 Diploma in Work-based Agriculture or Equivalent,,18/03/2011,18/03/2011,,Kasetsart University,,,,,
Achievements,95268,41335,Health & Safety Short Course,,25/11/2016,25/11/2016,25/11/2021,Thai Poultry Veterinary Association,,,,,
Achievements,95269,41335,Health & Safety Short Course,,25/11/2016,25/11/2016,25/11/2021,Thai Poultry Veterinary Association,,,,,
Achievements,95271,41335,Health & Safety Short Course,,27/07/2017,27/07/2017,27/07/2022,Thai Poultry Veterinary Association,,,,,
Achievements,95271,41336,Hygiene & Biosecurity Short Course,,26/07/2017,26/07/2017,26/07/2022,Thai Poultry Veterinary Association,,,,,
Achievements,95271,41337,Manual Handling Short Course,,26/07/2017,26/07/2017,25/07/2022,Thai Poultry Veterinary Association,,,,,
Achievements,95271,41338,Poultry Welfare Short Course,,27/07/2017,27/07/2017,27/07/2022,Thai Poultry Veterinary Association,,,,,
Achievements,95279,41335,Health & Safety Short Course,,28/09/2016,29/09/2016,29/09/2021,Thai Poultry Veterinary Association,,,,,
Achievements,95279,41336,Hygiene & Biosecurity Short Course,,28/08/2015,28/08/2015,28/08/2020,Thai Poultry Veterinary Association,,,,,
Achievements,95279,41337,Manual Handling Short Course,,28/08/2015,28/08/2015,28/08/2020,Thai Poultry Veterinary Association,,,,,
Achievements,95279,41338,Poultry Welfare Short Course,,27/08/2015,27/08/2015,27/08/2020,Thai Poultry Veterinary Association,,,,,
Achievements,95318,,Compartment Management of Broiler Poultry Farm for Agriculturist,,06/03/2012,06/03/2012,06/03/2017,Department of Livestock Development,,,,,
Achievements,95318,,Safety Officer at Executive Level,,16/01/2009,16/01/2009,16/01/2014,Kongjitman Consultant Academic and Training Co Ltd,,,,,
Achievements,95318,,Transition to ISO 9001 Version 2008,,14/09/2009,14/09/2009,14/09/2014,CPF Training Center,,,,,
Achievements,95318,,GMP/HACCP,,14/04/2001,14/04/2001,14/04/2006,CPF Training Center,,,,,
Achievements,95318,41336,Hygiene & Biosecurity Short Course,,29/04/2015,29/04/2015,29/04/2020,Thai Poultry Veterinary Association,,,,,
Achievements,95318,41337,Manual Handling Short Course,,29/04/2015,29/04/2015,29/04/2020,Thai Poultry Veterinary Association,,,,,
Achievements,95318,41338,Poultry Welfare Short Course,,28/04/2015,28/04/2015,28/04/2020,Thai Poultry Veterinary Association,,,,,
Achievements,95318,41341,First Aid Qualification,,09/02/2015,09/02/2015,09/02/2020,Thai Heart Foundation,,,,,
Achievements,95318,41342,Level 3 Diploma in Work-based Agriculture or Equivalent,,08/03/1991,08/03/1991,,Rajamangala Institute of Technology,,,,,
Achievements,95321,,Safety Officer at Supervisor Level,,16/07/2013,16/07/2013,16/07/2018,CPF Training Center,,,,,
Achievements,95321,,ISO 9001:2008 Requirement,,19/07/2013,19/07/2013,19/07/2018,Intertek,,,,,
Achievements,95321,,ISO 9001:2008 Internal Audit,,05/02/2014,05/02/2014,05/02/2019,Intertek,,,,,
Achievements,95321,,GMP/HACCP Requirement,,24/07/2013,24/07/2013,24/07/2018,Intertek,,,,,
Achievements,95321,,GMP/HACCP Internal Audit,,06/02/2014,06/02/2014,06/02/2019,Intertek,,,,,
Achievements,95321,41336,Hygiene & Biosecurity Short Course,,08/04/2015,08/04/2015,08/04/2020,Thai Poultry Veterinary Association,,,,,
Achievements,95321,41337,Manual Handling Short Course,,07/04/2015,07/04/2015,07/04/2020,Thai Poultry Veterinary Association,,,,,
Achievements,95321,41338,Poultry Welfare Short Course,,07/04/2015,07/04/2015,07/04/2020,Thai Poultry Veterinary Association,,,,,
Achievements,95321,41341,First Aid Qualification,,09/02/2015,09/02/2015,09/02/2020,Thai Heart Foundation,,,,,
Achievements,95321,41342,Level 3 Diploma in Work-based Agriculture or Equivalent,,18/03/2013,18/03/2013,,Kasetsart University,,,,,
Achievements,95321,41335,Health & Safety Short Course,,25/10/2016,25/10/2016,25/10/2021,Thai Poultry Veterinary Association,,,,,
Achievements,95321,41336,Hygiene & Biosecurity Short Course,,08/04/2015,08/04/2015,08/04/2020,Thai Poultry Veterinary Association,,,,,
Achievements,95321,41337,Manual Handling Short Course,,07/04/2015,07/04/2015,07/04/2020,Thai Poultry Veterinary Association,,,,,
Achievements,95321,41338,Poultry Welfare Short Course,,07/04/2015,07/04/2015,07/04/2020,Thai Poultry Veterinary Association,,,,,
Achievements,95321,41341,First Aid Qualification,,09/02/2015,09/02/2015,09/02/2020,Thai Heart Foundation,,,,,
Achievements,95321,41342,Level 3 Diploma in Work-based Agriculture or Equivalent,,18/03/2013,18/03/2013,,Kasetsart University,,,,,
Achievements,95331,41335,Health & Safety Short Course,,29/09/2016,29/09/2016,29/09/2021,Thai Poultry Veterinary Association,,,,,
Achievements,95331,41336,Hygiene & Biosecurity Short Course,,28/08/2015,28/08/2015,28/08/2020,Thai Poultry Veterinary Association,,,,,
Achievements,95331,41337,Manual Handling Short Course,,28/08/2015,28/08/2015,28/08/2020,Thai Poultry Veterinary Association,,,,,
Achievements,95331,41338,Poultry Welfare Short Course,,27/08/2015,27/08/2015,27/08/2020,Thai Poultry Veterinary Association,,,,,
Achievements,95331,41341,First Aid Qualification,,09/02/2015,09/02/2015,09/02/2020,Thai Heart Foundation,,,,,
Achievements,95331,41342,Level 3 Diploma in Work-based Agriculture or Equivalent,,02/03/2014,02/03/2014,,Silapakorn University,,,,,
Achievements,95331,,Safety Officer at Supervisor Level,,17/07/2014,17/07/2014,17/07/2019,CPF Training Center,,,,,
Achievements,95331,,ISO 9001:2008 Requirement,,21/07/2014,21/07/2014,21/07/2019,Intertek,,,,,
Achievements,95331,,ISO 9001:2008 Internal Audit,,22/07/2014,22/07/2014,22/07/2019,Intertek,,,,,
Achievements,95331,,GMP/HACCP Requirement,,23/07/2014,23/07/2014,23/07/2019,Intertek,,,,,
Achievements,95331,,GMP/HACCP Internal Audit,,24/07/2014,24/07/2014,24/07/2019,Intertek,,,,,
Achievements,95332,,GMP/HACCP Internal Audit,,06/02/2014,06/02/2014,06/02/2019,Intertek,,,,,
Achievements,95332,,GMP/HACCP Requirement,,23/07/2014,23/07/2014,23/07/2019,Intertek,,,,,
Achievements,95332,,Safety Committee,,08/03/2013,08/03/2013,08/03/2018,CPF Training Center,,,,,
Achievements,95332,,Safety Officer Supervisor Level,,16/07/2013,16/07/2013,16/07/2018,CPF Training Center,,,,,
Achievements,95332,,GAP of Broiler Breeder Chicken Farm for Agriculturist,,23/01/2013,23/01/2013,23/01/2018,Department of Livestock Development,,,,,
Achievements,95332,,Compartment Management of Broiler Breeder Chicken Farm for Agriculturist,,14/05/2012,14/05/2012,14/05/2017,Department of Livestock Development,,,,,
Achievements,95332,,Internal Audit for CPF SHE Management System,,21/01/2011,21/01/2011,21/01/2016,Charoen Pokphand Foods Public Company Limited,,,,,
Achievements,95332,,ISO 9001 Version 2008,,28/02/2011,28/02/2011,28/02/2016,Quality Standard System Center,,,,,
Achievements,95332,41336,Hygiene & Biosecurity Short Course,,29/04/2015,29/04/2015,29/04/2020,Thai Poultry Veterinary Association,,,,,
Achievements,95332,41337,Manual Handling Short Course,,29/04/2015,29/04/2015,29/04/2020,Thai Poultry Veterinary Association,,,,,
Achievements,95332,41338,Poultry Welfare Short Course,,28/04/2015,28/04/2015,28/04/2020,Thai Poultry Veterinary Association,,,,,
Achievements,95332,41341,First Aid Qualification,,09/02/2015,09/02/2015,09/02/2020,Thai Heart Foundation,,,,,
Achievements,95332,41342,Level 3 Diploma in Work-based Agriculture or Equivalent,,26/02/2010,26/02/2010,,Rajamanala University of Technology Tawan-ok,,,,,
Achievements,95333,,GMP/HACCP Requirement,,23/07/2014,23/07/2014,23/07/2019,Intertek,,,,,
Achievements,95333,,GMP/HACCP Internal Audit,,06/02/2014,06/02/2014,06/02/2019,Intertek,,,,,
Achievements,95333,,GAP of Broiler Breeder Chicken Farm for Agriculturist,,23/01/2013,23/01/2013,23/01/2018,Department of Livestock Development,,,,,
Achievements,95333,,Compartment Management of Broiler Breeder Chicken Farm for Agriculturist,,14/05/2012,14/05/2012,14/05/2017,Department of Livestock Development,,,,,
Achievements,95333,,Internal Audit for ISO 9001:2008 Training Course,,21/09/2011,21/09/2011,21/09/2016,Intertek,,,,,
Achievements,95333,,Safety Officer Supervisor Level,,03/03/2011,03/03/2011,03/03/2016,CPF Training Center,,,,,
Achievements,95333,,ISO 9001 Version 2008,,28/02/2011,28/02/2011,28/02/2016,Quality Standard System Center,,,,,
Achievements,95333,,Internal Audit for CPF SHE Management System,,21/01/2011,21/01/2011,21/01/2016,Charoen Pokphand Foods Public Company Limited,,,,,
Achievements,95333,41336,Hygiene & Biosecurity Short Course,,08/04/2015,08/04/2015,08/04/2020,Thai Poultry Veterinary Association,,,,,
Achievements,95333,41337,Manual Handling Short Course,,07/04/2015,07/04/2015,07/04/2020,Thai Poultry Veterinary Association,,,,,
Achievements,95333,41338,Poultry Welfare Short Course,,07/04/2015,07/04/2015,07/04/2020,Thai Poultry Veterinary Association,,,,,
Achievements,95333,41341,First Aid Qualification,,21/07/2015,21/07/2015,21/07/2020,Thai Heart Foundation,,,,,
Achievements,95333,41342,Level 3 Diploma in Work-based Agriculture or Equivalent,,25/03/2009,25/03/2009,,Khon Kaen University,,,,,
Achievements,95336,,ISO 9001:2008 Requirement,,21/07/2014,21/07/2014,21/07/2019,Intertek,,,,,
Achievements,95336,,GMP/HACCP Requirement,,23/07/2014,23/07/2014,23/07/2019,Intertek,,,,,
Achievements,95336,,ISO 9001:2008 Internal Audit,,22/07/2014,22/07/2014,22/07/2019,Intertek,,,,,
Achievements,95336,,GMP/HACCP Internal Audit,,24/07/2014,24/07/2014,24/07/2019,Intertek,,,,,
Achievements,95336,,Safety Officer Supervisor Level,,17/07/2014,17/07/2014,17/07/2019,CPF Training Center,,,,,
Achievements,95336,,Compartment Management the Hatchery of Poultry for Agriculturist,,26/12/2014,26/12/2014,23/12/2019,Department of Livestock Development,,,,,
Achievements,95336,41336,Hygiene & Biosecurity Short Course,,13/11/2015,13/11/2015,13/11/2020,Thai Poultry Veterinary Association,,,,,
Achievements,95336,41337,Manual Handling Short Course,,13/11/2015,13/11/2015,13/11/2020,Thai Poultry Veterinary Association,,,,,
Achievements,95336,41338,Poultry Welfare Short Course,,12/11/2015,12/11/2015,12/11/2020,Thai Poultry Veterinary Association,,,,,
Achievements,95336,41341,First Aid Qualification,,21/07/2015,21/07/2015,21/07/2020,Thai Heart Foundation,,,,,
Achievements,95336,41342,Level 3 Diploma in Work-based Agriculture or Equivalent,,11/04/2014,11/04/2014,,Suranaree University of Technology,,,,,
Achievements,95336,41335,Health & Safety Short Course,,25/10/2016,25/10/2016,25/10/2021,Thai Poultry Veterinary Association,,,,,
Achievements,95336,41336,Hygiene & Biosecurity Short Course,,13/11/2015,13/11/2015,13/11/2020,Thai Poultry Veterinary Association,,,,,
Achievements,95336,41337,Manual Handling Short Course,,13/11/2015,13/11/2015,13/11/2020,Thai Poultry Veterinary Association,,,,,
Achievements,95336,41338,Poultry Welfare Short Course,,12/11/2015,12/11/2015,12/11/2020,Thai Poultry Veterinary Association,,,,,
Achievements,95336,41341,First Aid Qualification,,21/07/2015,21/07/2015,21/07/2020,The Heart Association of Thailand,,,,,
Achievements,95336,41342,Level 3 Diploma in Work-based Agriculture or Equivalent,,17/02/2014,17/02/2014,,Suranaree University of Technology,,,,,
Achievements,95347,41335,Health & Safety Short Course,,24/11/2016,24/11/2016,24/11/2021,Thai Poultry Veterinary Association,,,,,
Achievements,95347,41336,Hygiene & Biosecurity Short Course,,17/06/2016,17/06/2016,17/06/2021,Thai Poultry Veterinary Association,,,,,
Achievements,95347,41337,Manual Handling Short Course,,17/06/2016,17/06/2016,17/06/2021,Thai Poultry Veterinary Association,,,,,
Achievements,95347,41338,Poultry Welfare Short Course,,16/06/2016,16/06/2016,16/06/2021,Thai Poultry Veterinary Association,,,,,
Achievements,95348,41335,Health & Safety Short Course,,29/09/2016,29/09/2016,29/09/2021,Thai Poultry Veterinary Association,,,,,
Achievements,95372,41335,Health & Safety Short Course,,25/10/2016,25/10/2016,25/10/2021,Thai Poultry Veterinary Association,,,,,
Achievements,95429,41335,Health & Safety Short Course,,24/11/2016,24/11/2016,24/11/2021,Thai Poultry Veterinary Association,,,,,
Achievements,95429,41336,Hygiene & Biosecurity Short Course,,17/06/2016,17/06/2016,17/06/2021,Thai Poultry Veterinary Association,,,,,
Achievements,95429,41337,Manual Handling Short Course,,17/06/2016,17/06/2016,17/06/2021,Thai Poultry Veterinary Association,,,,,
Achievements,95429,41338,Poultry Welfare Short Course,,16/06/2016,16/06/2016,16/06/2021,Thai Poultry Veterinary Association,,,,,
Achievements,95432,41336,Hygiene & Biosecurity Short Course,,09/06/2015,09/06/2015,09/06/2020,Thai Poultry Veterinary Association,,,,,
Achievements,95432,41337,Manual Handling Short Course,,09/06/2015,09/06/2015,09/06/2020,Thai Poultry Veterinary Association,,,,,
Achievements,95432,41338,Poultry Welfare Short Course,,10/06/2015,10/06/2015,10/06/2020,Thai Poultry Veterinary Association,,,,,
Achievements,95432,41341,First Aid Qualification,,21/09/2017,21/09/2017,21/09/2022,Thai Red Cross,,,,,
Achievements,95433,41336,Hygiene & Biosecurity Short Course,,09/06/2015,09/06/2015,09/06/2020,Thai Poultry Veterinary Association,,,,,
Achievements,95433,41337,Manual Handling Short Course,,09/06/2015,09/06/2015,09/06/2020,Thai Poultry Veterinary Association,,,,,
Achievements,95433,41338,Poultry Welfare Short Course,,10/06/2015,10/06/2015,10/06/2020,Thai Poultry Veterinary Association,,,,,
Achievements,95434,41336,Hygiene & Biosecurity Short Course,,28/08/2015,28/08/2015,28/08/2020,Thai Poultry Veterinary Association,,,,,
Achievements,95434,41337,Manual Handling Short Course,,28/08/2015,28/08/2015,28/08/2020,Thai Poultry Veterinary Association,,,,,
Achievements,95434,41338,Poultry Welfare Short Course,,27/08/2015,27/08/2015,27/08/2020,Thai Poultry Veterinary Association,,,,,
Achievements,95434,41341,First Aid Qualification,,20/09/2017,20/09/2017,20/09/2022,Thai Red Cross,,,,,
Achievements,95435,41336,Hygiene & Biosecurity Short Course,,28/08/2015,28/08/2015,28/08/2020,Thai Poultry Veterinary Association,,,,,
Achievements,95435,41337,Manual Handling Short Course,,28/08/2015,28/08/2015,28/08/2020,Thai Poultry Veterinary Association,,,,,
Achievements,95435,41338,Poultry Welfare Short Course,,27/08/2015,27/08/2015,27/08/2020,Thai Poultry Veterinary Association,,,,,
Achievements,95435,41341,First Aid Qualification,,20/09/2017,20/09/2017,20/09/2022,Thai Red Cross,,,,,
Achievements,95437,41336,Hygiene & Biosecurity Short Course,,28/08/2015,28/08/2015,28/08/2020,Thai Poultry Veterinary Association,,,,,
Achievements,95437,41337,Manual Handling Short Course,,28/08/2015,28/08/2015,28/08/2020,Thai Poultry Veterinary Association,,,,,
Achievements,95437,41338,Poultry Welfare Short Course,,27/08/2015,27/08/2015,27/08/2020,Thai Poultry Veterinary Association,,,,,
Achievements,95437,41341,First Aid Qualification,,21/09/2017,21/09/2017,21/09/2022,Thai Red Cross,,,,,
Achievements,95438,41336,Hygiene & Biosecurity Short Course,,29/04/2015,29/04/2015,29/04/2020,Thai Poultry Veterinary Association,,,,,
Achievements,95438,41337,Manual Handling Short Course,,29/04/2015,29/04/2015,29/04/2020,Thai Poultry Veterinary Association,,,,,
Achievements,95438,41338,Poultry Welfare Short Course,,28/04/2015,28/04/2015,28/04/2020,Thai Poultry Veterinary Association,,,,,
Achievements,95439,41336,Hygiene & Biosecurity Short Course,,13/11/2015,13/11/2015,13/11/2020,Thai Poultry Veterinary Association,,,,,
Achievements,95439,41337,Manual Handling Short Course,,13/11/2015,13/11/2015,13/11/2020,Thai Poultry Veterinary Association,,,,,
Achievements,95439,41338,Poultry Welfare Short Course,,12/11/2015,12/11/2015,12/11/2020,Thai Poultry Veterinary Association,,,,,
Achievements,95441,41336,Hygiene & Biosecurity Short Course,,28/08/2015,28/08/2015,28/08/2020,Thai Poultry Veterinary Association,,,,,
Achievements,95441,41337,Manual Handling Short Course,,28/08/2015,28/08/2015,28/08/2020,Thai Poultry Veterinary Association,,,,,
Achievements,95441,41338,Poultry Welfare Short Course,,27/08/2015,27/08/2015,27/08/2020,Thai Poultry Veterinary Association,,,,,
Achievements,95441,41341,First Aid Qualification,,21/09/2017,21/09/2017,21/09/2022,Thai Red Cross,,,,,
Achievements,95442,41336,Hygiene & Biosecurity Short Course,,09/06/2015,09/06/2015,09/06/2020,Thai Poultry Veterinary Association,,,,,
Achievements,95442,41337,Manual Handling Short Course,,09/06/2015,09/06/2015,09/06/2020,Thai Poultry Veterinary Association,,,,,
Achievements,95442,41338,Poultry Welfare Short Course,,10/06/2015,10/06/2015,10/06/2020,Thai Poultry Veterinary Association,,,,,
Achievements,95442,41341,First Aid Qualification,,21/09/2017,21/09/2017,21/09/2022,Thai Red Cross,,,,,
Achievements,95443,41336,Hygiene & Biosecurity Short Course,,09/06/2015,09/06/2015,09/06/2020,Thai Poultry Veterinary Association,,,,,
Achievements,95443,41337,Manual Handling Short Course,,09/06/2015,09/06/2015,09/06/2020,Thai Poultry Veterinary Association,,,,,
Achievements,95443,41338,Poultry Welfare Short Course,,10/06/2015,10/06/2015,10/06/2020,Thai Poultry Veterinary Association,,,,,
Achievements,95443,41341,First Aid Qualification,,21/09/2017,21/09/2017,21/09/2022,Thai Red Cross,,,,,
Achievements,95450,41336,Hygiene & Biosecurity Short Course,,09/06/2015,09/06/2015,09/06/2020,Thai Poultry Veterinary Association,,,,,
Achievements,95450,41337,Manual Handling Short Course,,09/06/2015,09/06/2015,09/06/2020,Thai Poultry Veterinary Association,,,,,
Achievements,95450,41338,Poultry Welfare Short Course,,10/06/2015,10/06/2015,10/06/2020,Thai Poultry Veterinary Association,,,,,
Achievements,95553,41336,Hygiene & Biosecurity Short Course,,17/06/2016,17/06/2016,17/06/2021,Thai Poultry Veterinary Association,,,,,
Achievements,95553,41337,Manual Handling Short Course,,17/06/2016,17/06/2016,17/06/2021,Thai Poultry Veterinary Association,,,,,
Achievements,95553,41338,Poultry Welfare Short Course,,16/06/2016,16/06/2016,16/06/2021,Thai Poultry Veterinary Association,,,,,
Achievements,95557,41336,Hygiene & Biosecurity Short Course,,13/11/2015,13/11/2015,13/11/2020,Thai Poultry Veterinary Association,,,,,
Achievements,95557,41337,Manual Handling Short Course,,13/11/2015,13/11/2015,13/11/2020,Thai Poultry Veterinary Association,,,,,
Achievements,95557,41338,Poultry Welfare Short Course,,12/11/2015,12/11/2015,12/11/2020,Thai Poultry Veterinary Association,,,,,
Achievements,95560,41336,Hygiene & Biosecurity Short Course,,28/08/2015,28/08/2015,28/08/2020,Thai Poultry Veterinary Association,,,,,
Achievements,95560,41337,Manual Handling Short Course,,28/08/2015,28/08/2015,28/08/2020,Thai Poultry Veterinary Association,,,,,
Achievements,95560,41338,Poultry Welfare Short Course,,27/08/2015,27/08/2015,27/08/2020,Thai Poultry Veterinary Association,,,,,
Achievements,95562,41336,Hygiene & Biosecurity Short Course,,13/11/2015,13/11/2015,13/11/2020,Thai Poultry Veterinary Association,,,,,
Achievements,95562,41337,Manual Handling Short Course,,13/11/2015,13/11/2015,13/11/2020,Thai Poultry Veterinary Association,,,,,
Achievements,95562,41338,Poultry Welfare Short Course,,12/11/2015,12/11/2015,12/11/2020,Thai Poultry Veterinary Association,,,,,
Achievements,95564,41336,Hygiene & Biosecurity Short Course,,28/08/2015,28/08/2015,28/08/2020,Thai Poultry Veterinary Association,,,,,
Achievements,95564,41337,Manual Handling Short Course,,28/08/2015,28/08/2015,28/08/2020,Thai Poultry Veterinary Association,,,,,
Achievements,95564,41338,Poultry Welfare Short Course,,27/08/2015,27/08/2015,27/08/2020,Thai Poultry Veterinary Association,,,,,
Achievements,95565,41336,Hygiene & Biosecurity Short Course,,13/11/2015,13/11/2015,13/11/2020,Thai Poultry Veterinary Association,,,,,
Achievements,95565,41337,Manual Handling Short Course,,13/11/2015,13/11/2015,13/11/2020,Thai Poultry Veterinary Association,,,,,
Achievements,95565,41338,Poultry Welfare Short Course,,12/11/2015,12/11/2015,12/11/2020,Thai Poultry Veterinary Association,,,,,
Achievements,95633,41335,Health & Safety Short Course,,29/09/2016,29/09/2016,29/09/2021,Thai Poultry Veterinary Association,,,,,
Achievements,95633,41336,Hygiene & Biosecurity Short Course,,25/03/2015,25/03/2015,25/03/2020,Thai Poultry Veterinary Association,,,,,
Achievements,95633,41337,Manual Handling Short Course,,25/03/2015,25/03/2015,25/03/2020,Thai Poultry Veterinary Association,,,,,
Achievements,95633,41338,Poultry Welfare Short Course,,24/03/2015,24/03/2015,24/03/2020,Thai Poultry Veterinary Association,,,,,
Achievements,95651,41335,Health & Safety Short Course,,29/09/2016,29/09/2016,29/09/2021,Thai Poultry Veterinary Association,,,,,
Achievements,95651,41336,Hygiene & Biosecurity Short Course,,28/08/2015,28/08/2015,28/08/2020,Thai Poultry Veterinary Association,,,,,
Achievements,95651,41337,Manual Handling Short Course,,28/08/2015,28/08/2015,27/08/2020,Thai Poultry Veterinary Association,,,,,
Achievements,95651,41338,Poultry Welfare Short Course,,27/08/2015,27/08/2015,27/08/2020,Thai Poultry Veterinary Association,,,,,
Achievements,95666,41336,Hygiene & Biosecurity Short Course,,30/07/2015,30/07/2015,30/07/2020,WFT Academy,,,,,
Achievements,95666,41338,Poultry Welfare Short Course,,30/07/2015,30/07/2015,30/07/2020,WFT Academy,,,,,
Achievements,95667,41336,Hygiene & Biosecurity Short Course,,30/07/2015,30/07/2015,30/07/2020,WFT Academy,,,,,
Achievements,95667,41338,Poultry Welfare Short Course,,30/07/2015,30/07/2015,30/07/2020,WFT Academy,,,,,
Achievements,95671,41336,Hygiene & Biosecurity Short Course,,17/09/2015,17/09/2015,17/09/2020,Thai Poultry Veterinary Association,,,,,
Achievements,95671,41337,Manual Handling Short Course,,17/09/2015,17/09/2015,17/09/2020,Thai Poultry Veterinary Association,,,,,
Achievements,95671,41338,Poultry Welfare Short Course,,17/09/2015,17/09/2015,17/09/2020,Thai Poultry Veterinary Association,,,,,
Achievements,95676,41335,Health & Safety Short Course,,24/11/2016,24/11/2016,24/11/2021,Thai Poultry Veterinary Association,,,,,
Achievements,95683,,Preparation & Critical Points During the Flock Placement,,29/09/2015,29/09/2015,29/09/2020,DanHatch Poland,,,,,
Achievements,95683,,Management Requirements for Males and Females During Rear,,29/09/2015,29/09/2015,29/09/2020,DanHatch Poland,,,,,
Achievements,95683,,Vaccinations Methods,,29/09/2015,29/09/2015,29/09/2020,DanHatch Poland,,,,,
Achievements,95683,,"Water, Feed, Ventilation, Temperature and Humidity Management",,29/09/2015,29/09/2015,29/09/2020,DanHatch Poland,,,,,
Achievements,95683,,Bio-security on Farm,,29/09/2015,29/09/2015,29/09/2020,DanHatch Poland,,,,,
Achievements,95683,,Rearing Flock Documentation and Analysis,,30/09/2015,30/09/2015,30/09/2020,DanHatch Poland,,,,,
Achievements,95683,,Bacterial Infections - Bio-security as a Part of Prevention,,30/09/2015,30/09/2015,30/09/2020,DanHatch Poland,,,,,
Achievements,95683,,E.Coli - Latest Research on Strains and Vaccinations Effectiveness,,30/09/2015,30/09/2015,30/09/2020,DanHatch Poland,,,,,
Achievements,95683,,Health and Safety Certificate,,28/09/2015,28/09/2015,28/09/2020,DanHatch Poland,,,,,
Achievements,95683,,Poultry Welfare Certificate,,07/03/2016,07/03/2016,07/03/2021,DanHatch Poland,,,,,
Achievements,95684,,Health and Safety Certificate,,11/12/2014,11/12/2014,11/12/2019,DanHatch Poland,,,,,
Achievements,95684,,Poultry Welfare Course,,07/03/2016,07/03/2016,07/03/2021,DanHatch Poland,,,,,
Achievements,95703,41336,Hygiene & Biosecurity Short Course,,22/02/2016,22/02/2016,22/02/2021,WFT Academy,,,,,
Achievements,95703,41338,Poultry Welfare Short Course,,22/02/2016,22/02/2016,22/02/2021,WFT Academy,,,,,
Achievements,95704,41336,Hygiene & Biosecurity Short Course,,22/02/2016,22/02/2016,22/02/2021,WFT Academy,,,,,
Achievements,95704,41338,Poultry Welfare Short Course,,22/02/2016,22/02/2016,22/02/2021,WFT Academy,,,,,
Achievements,95709,41336,Hygiene & Biosecurity Short Course,,23/02/2016,23/02/2016,23/02/2021,WFT Academy,,,,,
Achievements,95709,41338,Poultry Welfare Short Course,,23/02/2016,23/02/2016,23/02/2021,WFT Academy,,,,,
Achievements,95710,41336,Hygiene & Biosecurity Short Course,,23/02/2016,23/02/2016,23/02/2021,WFT Academy,,,,,
Achievements,95710,41338,Poultry Welfare Short Course,,23/02/2016,23/02/2016,23/02/2021,WFT Academy,,,,,
Achievements,95718,41336,Hygiene & Biosecurity Short Course,,24/02/2016,24/02/2016,24/02/2021,WFT Academy,,,,,
Achievements,95718,41338,Poultry Welfare Short Course,,24/02/2016,24/02/2016,24/02/2021,WFT Academy,,,,,
Achievements,95720,41336,Hygiene & Biosecurity Short Course,,24/02/2016,24/02/2016,24/02/2021,WFT Academy,,,,,
Achievements,95720,41338,Poultry Welfare Short Course,,24/02/2016,24/02/2016,24/02/2021,WFT Academy,,,,,
Achievements,95722,41336,Hygiene & Biosecurity Short Course,,01/04/2016,01/04/2016,01/04/2021,WFT Academy,,,,,
Achievements,95722,41338,Poultry Welfare Short Course,,01/04/2016,01/04/2016,01/04/2021,WFT Academy,,,,,
Achievements,95723,41336,Hygiene & Biosecurity Short Course,,01/04/2016,01/04/2016,01/04/2021,WFT Academy,,,,,
Achievements,95723,41338,Poultry Welfare Short Course,,01/04/2016,01/04/2016,01/04/2021,WFT Academy,,,,,
Achievements,95724,41336,Hygiene & Biosecurity Short Course,,01/04/2016,01/04/2016,01/04/2021,WFT Academy,,,,,
Achievements,95724,41338,Poultry Welfare Short Course,,01/04/2016,01/04/2016,01/04/2021,WFT Academy,,,,,
Achievements,95725,41336,Hygiene & Biosecurity Short Course,,01/04/2016,01/04/2016,01/04/2021,WFT Academy,,,,,
Achievements,95725,41338,Poultry Welfare Short Course,,01/04/2016,01/04/2016,01/04/2021,WFT Academy,,,,,
Achievements,95731,41336,Hygiene & Biosecurity Short Course,,01/04/2016,01/04/2016,01/04/2021,WFT Academy,,,,,
Achievements,95731,41338,Poultry Welfare Short Course,,01/04/2016,01/04/2016,01/04/2021,WFT Academy,,,,,
Achievements,95753,41335,Health & Safety Short Course,,25/11/2016,25/11/2016,25/11/2021,Thai Poultry Veterinary Association,,,,,
Achievements,95754,41335,Health & Safety Short Course,,25/11/2016,25/11/2016,25/11/2021,Thai Poultry Veterinary Association,,,,,
Achievements,95758,41335,Health & Safety Short Course,,25/11/2016,25/11/2016,25/11/2021,Thai Poultry Veterinary Association,,,,,
Achievements,95768,41335,Health & Safety Short Course,,24/11/2016,24/11/2016,24/11/2021,Thai Poultry Veterinary Association,,,,,
Achievements,95768,41336,Hygiene & Biosecurity Short Course,,31/03/2016,31/03/2016,31/03/2021,Thai Poultry Veterinary Association,,,,,
Achievements,95768,41337,Manual Handling Short Course,,31/03/2016,31/03/2016,31/03/2021,Thai Poultry Veterinary Assocation,,,,,
Achievements,95768,41338,Poultry Welfare Short Course,,30/03/2016,30/03/2016,30/03/2021,Thai Poultry Veterinary Association,,,,,
Achievements,95768,41341,First Aid Qualification,,23/06/2016,23/06/2016,23/06/2021,Keangkoi Hospital,,,,,
Achievements,95768,41342,Level 3 Diploma in Work-based Agriculture or Equivalent,,10/03/2013,10/03/2013,,Rajamangala University of Technology,,,,,
Achievements,95777,41335,Health & Safety Short Course,,24/11/2016,24/11/2016,24/11/2021,Thai Poultry Veterinary Association,,,,,
Achievements,95779,41335,Health & Safety Short Course,,25/10/2016,25/10/2016,25/10/2021,Thai Poultry Veterinary Association,,,,,
Achievements,95783,41335,Health & Safety Short Course,,25/10/2016,25/10/2016,25/10/2021,Thai Poultry Veterinary Association,,,,,
Achievements,95784,41335,Health & Safety Short Course,,25/10/2016,25/10/2016,25/10/2021,Thai Poultry Veterinary Association,,,,,
Achievements,95786,41335,Health & Safety Short Course,,25/10/2016,25/10/2016,25/10/2021,Thai Poultry Veterinary Association,,,,,
Achievements,96081,41335,Health & Safety Short Course,,24/11/2016,24/11/2016,24/11/2021,Thai Poultry Veterinary Association,,,,,
Achievements,96085,41335,Health & Safety Short Course,,29/09/2016,29/09/2016,29/09/2021,Thai Poultry Veterinary Association,,,,,
Achievements,96089,41335,Health & Safety Short Course,,24/11/2016,24/11/2016,24/11/2021,Thai Poultry Veterinary Association,,,,,
Achievements,96091,41335,Health & Safety Short Course,,24/11/2016,24/11/2016,24/11/2021,Thai Poultry Veterinary Association,,,,,
Achievements,96091,41336,Hygiene & Biosecurity Short Course,,17/06/2016,17/06/2016,17/06/2021,Thai Poultry Veterinary Association,,,,,
Achievements,96091,41337,Manual Handling Short Course,,17/06/2016,17/06/2016,17/06/2021,Thai Poultry Veterinary Association,,,,,
Achievements,96091,41338,Poultry Welfare Short Course,,16/06/2016,16/06/2016,16/06/2021,Thai Poultry Veterinary Association,,,,,
Achievements,96139,41336,Hygiene & Biosecurity Short Course,,08/07/2015,08/07/2015,08/07/2020,Thai Poultry Veterinary Association,,,,,
Achievements,96139,41337,Manual Handling Short Course,,08/07/2015,08/07/2015,08/07/2020,Thai Poultry Veterinary Association,,,,,
Achievements,96139,41338,Poultry Welfare Short Course,,07/07/2015,07/07/2015,07/07/2020,Thai Poultry Veterinary Association,,,,,
Achievements,96145,41335,Health & Safety Short Course,,29/09/2016,29/09/2016,29/09/2021,Thai Poultry Veterinary Association,,,,,
Achievements,96145,41336,Hygiene & Biosecurity Short Course,,08/07/2015,08/07/2015,08/07/2020,Thai Poultry Veterinary Association,,,,,
Achievements,96145,41337,Manual Handling Short Course,,08/07/2015,08/07/2015,08/07/2020,Thai Poultry Veterinary Association,,,,,
Achievements,96145,41338,Poultry Welfare Short Course,,07/07/2015,07/07/2015,07/07/2020,Thai Poultry Veterinary Association,,,,,
Achievements,96145,41341,First Aid Qualification,,15/12/2014,15/12/2014,15/12/2019,Bangkok Ratchasima Hospital,,,,,
Achievements,96145,41342,Level 3 Diploma in Work-based Agriculture or Equivalent,,10/03/2002,10/03/2002,10/03/2007,Rajamangala University of Technology,,,,,
Achievements,96145,,Pest Control and Pesticide Safety,,15/02/2016,15/02/2016,15/02/2021,Department of Pest Management,,,,,
Achievements,96145,,Good Manufacturing Practice and Hazard Analysis Critical Control Point Management,,21/06/2004,21/06/2004,21/06/2009,Charoen Pokphand Foods,,,,,
Achievements,96145,,ISO 9001:2008,,16/01/2012,16/01/2012,16/01/2017,Department of Skill Development,,,,,
Achievements,96145,,Compartment management of broiler breeder chicken farm for Agriculturist,,14/05/2012,14/05/2012,14/05/2017,Department of Livestock Development,,,,,
Achievements,96145,,Safety officer at supervisor level,,17/09/2012,17/09/2012,17/09/2017,CPF Training Center,,,,,
Achievements,96145,,GAP of broiler chicken farm for agriculturist,,22/05/2008,22/05/2008,22/05/2013,Department of Livestock Development,,,,,
Achievements,96145,,GAP of broiler breeder chicken farm for agriculturist,,19/10/2006,19/10/2006,19/10/2011,Department of Livestock Development,,,,,
Achievements,96180,,Hygiene and Biosecurity,,29/04/2015,29/04/2015,29/04/2020,Thai Poultry Veterinary Association,,,,,
Achievements,96180,,Manual Handling,,29/04/2015,29/04/2015,29/04/2020,Thai Poultry Veterinary Association,,,,,
Achievements,96180,,Poultry Welfare Course,,28/04/2015,28/04/2015,28/04/2020,Thai Poultry Veterinary Association,,,,,
Achievements,96180,,Pest Control Program,,27/11/2015,27/11/2015,27/11/2020,Elanco,,,,,
Achievements,96180,,Batchelor of Science - Animal Husbandry,,04/06/2001,04/06/2001,,Kasetsart University,,,,,
Achievements,96180,,Basic First Aid Course,,19/10/2016,19/10/2016,19/10/2021,Thai Red Cross,,,,,
Achievements,96180,,Safety Officer at Supervisory Level,,19/05/2015,19/05/2015,19/05/2020,Safety and Health at Work Promotion Association,,,,,
Achievements,96189,,Pest Control Program,,27/11/2015,27/11/2015,27/11/2020,Elanco,,,,,
Achievements,96189,41335,Health & Safety Short Course,,29/09/2016,29/09/2016,29/09/2021,Thai Poultry Veterinary Association,,,,,
Achievements,96189,41336,Hygiene & Biosecurity Short Course,,29/04/2015,29/04/2015,29/04/2020,Thai Poultry Veterinary Association,,,,,
Achievements,96189,41337,Manual Handling Short Course,,29/04/2015,29/04/2015,29/04/2020,Thai Poultry Veterinary Association,,,,,
Achievements,96189,41338,Poultry Welfare Short Course,,28/04/2015,28/04/2015,28/04/2020,Thai Poultry Veterinary Association,,,,,
Achievements,96189,41341,First Aid Qualification,,19/10/2016,19/10/2016,19/10/2021,Thai Red Cross,,,,,
Achievements,96189,41342,Level 3 Diploma in Work-based Agriculture or Equivalent,,06/05/2005,06/05/2005,,Maejoa University,,,,,
Achievements,96189,,Safety Officer at Technical Level,,10/12/2015,10/12/2015,10/12/2020,Safety and Health at Work Promotion Association,,,,,
Achievements,96192,,Pest Control Program,,27/11/2015,27/11/2015,27/11/2020,Elanco,,,,,
Achievements,96192,41335,Health & Safety Short Course,,25/11/2016,25/11/2016,25/11/2021,Thai Poultry Veterinary Association,,,,,
Achievements,96192,41336,Hygiene & Biosecurity Short Course,,29/04/2015,29/04/2015,29/04/2020,Thai Poultry Veterinary Association,,,,,
Achievements,96192,41337,Manual Handling Short Course,,29/04/2015,29/04/2015,29/04/2020,Thai Poultry Veterinary Association,,,,,
Achievements,96192,41338,Poultry Welfare Short Course,,28/04/2015,28/04/2015,28/04/2020,Thai Poultry Veterinary Association,,,,,
Achievements,96192,41341,First Aid Qualification,,19/10/2016,19/10/2016,19/10/2021,Thai Red Cross,,,,,
Achievements,96192,41342,Level 3 Diploma in Work-based Agriculture or Equivalent,,01/06/2000,01/06/2000,,Maejo University,,,,,
Achievements,96192,,Safety Officer at Technical Level,,18/05/2016,18/05/2016,18/05/2021,Safety and Health at Work Promotion Association,,,,,
Achievements,96194,,HACCP in Hatchery and Poultry Breeder Farms,,05/11/2012,05/11/2012,05/11/2017,MSD Animal Health,,,,,
Achievements,96194,,Internal Auditor on Poultry Production for Export,,07/05/2015,07/05/2015,07/05/2020,Kasetsart University,,,,,
Achievements,96194,,Pest Control Program,,27/11/2015,27/11/2015,27/11/2020,Elanco,,,,,
Achievements,96194,,"Occupational Safety, Health and Environment",,15/05/2015,15/05/2015,15/05/2020,Safety and Health at Work Promotion Association,,,,,
Achievements,96194,,Doctor of Veterinary Medicine,,12/03/2003,12/03/2003,,Chulalongkorn University,,,,,
Achievements,96194,41335,Health & Safety Short Course,,25/11/2016,25/11/2016,25/11/2021,Thai Poultry Veterinary Association,,,,,
Achievements,96194,41336,Hygiene & Biosecurity Short Course,,08/04/2015,08/04/2015,08/04/2020,Thai Poultry Veterinary Association,,,,,
Achievements,96194,41337,Manual Handling Short Course,,07/04/2015,07/04/2015,07/04/2020,Thai Poultry Veterinary Association,,,,,
Achievements,96194,41338,Poultry Welfare Short Course,,07/04/2015,07/04/2015,07/04/2020,Thai Poultry Veterinary Association,,,,,
Achievements,96194,41341,First Aid Qualification,,19/10/2016,19/10/2016,19/10/2021,Thai Red Cross,,,,,
Achievements,96194,,"Occupational Safety, Health and Environment Committee",,15/05/2015,15/05/2015,15/05/2020,Safety and Health at Work Promotion Association,,,,,
Achievements,96194,,Chicken Exporting Standard,,28/04/2017,28/04/2017,28/04/2022,Khon Kaen University,,,,,
Achievements,96194,,Safety Officer at Supervisory Level,,26/05/2017,26/05/2017,26/05/2022,Safety and Health at Work Promotion Association,,,,,
Achievements,96200,41335,Health & Safety Short Course,,25/10/2016,25/10/2016,25/10/2021,Thai Poultry Veterinary Association,,,,,
Achievements,96203,,Hygiene and Biosecurity,,29/04/2015,29/04/2015,29/04/2020,Thai Poultry Veterinary Association,,,,,
Achievements,96203,,Manual Handling,,29/04/2015,29/04/2015,29/04/2020,Thai Poultry Veterinary Association,,,,,
Achievements,96203,,Poultry Welfare Course,,28/04/2015,28/04/2015,28/04/2020,Thai Poultry Veterinary Association,,,,,
Achievements,96206,41335,Health & Safety Short Course,,24/11/2016,24/11/2016,24/11/2021,Thai Poultry Veterinary Association,,,,,
Achievements,96206,41336,Hygiene & Biosecurity Short Course,,29/04/2015,29/04/2015,29/04/2020,Thai Poultry Veterinary Association,,,,,
Achievements,96206,41337,Manual Handling Short Course,,29/04/2015,29/04/2015,29/04/2020,Thai Poultry Veterinary Association,,,,,
Achievements,96206,41338,Poultry Welfare Short Course,,28/04/2015,28/04/2015,28/04/2020,Thai Poultry Veterinary Association,,,,,
Achievements,96206,41341,First Aid Qualification,,20/10/2016,20/10/2016,20/10/2021,Thai Poultry Veterinary Association,,,,,
Achievements,96208,,Hygiene and Biosecurity,,29/04/2015,29/04/2015,29/04/2020,Thai Poultry Veterinary Association,,,,,
Achievements,96208,,Manual Handling,,29/04/2015,29/04/2015,29/04/2020,Thai Poultry Veterinary Association,,,,,
Achievements,96208,,Poultry Welfare Course,,28/04/2015,28/04/2015,28/04/2020,Thai Poultry Veterinary Association,,,,,
Achievements,96208,,Basic First Aid Course,,19/10/2016,19/10/2016,19/10/2021,First Aid and Health Care Training Centre Thai Red Cross Society,,,,,
Achievements,96208,,Health & Safety,,25/10/2016,25/10/2016,25/10/2021,Thai Poultry Veterinary Association,,,,,
Achievements,96215,41335,Health & Safety Short Course,,25/10/2016,25/10/2016,25/10/2021,Thai Poultry Veterinary Association,,,,,
Achievements,96215,41336,Hygiene & Biosecurity Short Course,,29/04/2015,29/04/2015,29/04/2020,Thai Poultry Veterinary Association,,,,,
Achievements,96215,41337,Manual Handling Short Course,,29/04/2015,29/04/2015,29/04/2020,Thai Poultry Veterinary Association,,,,,
Achievements,96215,41338,Poultry Welfare Short Course,,28/04/2015,28/04/2015,28/04/2020,Thai Poultry Veterinary Association,,,,,
Achievements,96215,41341,First Aid Qualification,,19/10/2016,19/10/2016,19/10/2021,First Aid and Health Care Training Centre Thai Red Cross Society,,,,,
Achievements,96292,41335,Health & Safety Short Course,,25/10/2016,25/10/2016,25/10/2021,Thai Poultry Veterinary Association,,,,,
Achievements,96295,41336,Hygiene & Biosecurity Short Course,,09/06/2015,09/06/2015,09/06/2020,Thai Poultry Veterinary Association,,,,,
Achievements,96295,41337,Manual Handling Short Course,,09/06/2015,09/06/2015,09/06/2020,Thai Poultry Veterinary Association,,,,,
Achievements,96295,41338,Poultry Welfare Short Course,,10/06/2015,10/06/2015,10/06/2020,Thai Poultry Veterinary Association,,,,,
Achievements,96296,41336,Hygiene & Biosecurity Short Course,,13/11/2015,13/11/2015,13/11/2020,Thai Poultry Veterinary Association,,,,,
Achievements,96296,41337,Manual Handling Short Course,,13/11/2015,13/11/2015,13/11/2020,Thai Poultry Veterinary Association,,,,,
Achievements,96296,41338,Poultry Welfare Short Course,,12/11/2015,12/11/2015,12/11/2020,Thai Poultry Veterinary Association,,,,,
Achievements,96296,41341,First Aid Qualification,,21/09/2017,21/09/2017,21/09/2022,Thai Red Cross,,,,,
Achievements,96297,41336,Hygiene & Biosecurity Short Course,,09/06/2015,09/06/2015,09/06/2020,Thai Poultry Veterinary Association,,,,,
Achievements,96297,41337,Manual Handling Short Course,,09/06/2015,09/06/2015,09/06/2020,Thai Poultry Veterinary Association,,,,,
Achievements,96297,41338,Poultry Welfare Short Course,,10/06/2015,10/06/2015,10/06/2020,Thai Poultry Veterinary Association,,,,,
Achievements,96297,41341,First Aid Qualification,,20/09/2017,20/09/2017,20/09/2022,Thai Red Cross,,,,,
Achievements,96299,41336,Hygiene & Biosecurity Short Course,,28/08/2015,28/08/2015,28/08/2020,Thai Poultry Veterinary Association,,,,,
Achievements,96299,41337,Manual Handling Short Course,,28/08/2015,28/08/2015,28/08/2020,Thai Poultry Veterinary Association,,,,,
Achievements,96299,41338,Poultry Welfare Short Course,,27/08/2015,27/08/2015,27/08/2020,Thai Poultry Veterinary Association,,,,,
Achievements,96334,41336,Hygiene & Biosecurity Short Course,,28/08/2015,28/08/2015,28/08/2020,Thai Poultry Veterinary Association,,,,,
Achievements,96334,41337,Manual Handling Short Course,,28/08/2015,28/08/2015,28/08/2020,Thai Poultry Veterinary Association,,,,,
Achievements,96334,41338,Poultry Welfare Short Course,,27/08/2015,27/08/2015,27/08/2020,Thai Poultry Veterinary Association,,,,,
Achievements,96337,41336,Hygiene & Biosecurity Short Course,,28/08/2015,28/08/2015,28/08/2020,Thai Poultry Veterinary Association,,,,,
Achievements,96337,41337,Manual Handling Short Course,,28/08/2015,28/08/2015,28/08/2020,Thai Poultry Veterinary Association,,,,,
Achievements,96337,41338,Poultry Welfare Short Course,,27/08/2015,27/08/2015,27/08/2020,Thai Poultry Veterinary Association,,,,,
Achievements,96338,41336,Hygiene & Biosecurity Short Course,,09/06/2015,09/06/2015,09/06/2020,Thai Poultry Veterinary Association,,,,,
Achievements,96338,41337,Manual Handling Short Course,,09/06/2015,09/06/2015,09/06/2020,Thai Poultry Veterinary Association,,,,,
Achievements,96338,41338,Poultry Welfare Short Course,,10/06/2015,10/06/2015,10/06/2020,Thai Poultry Veterinary Association,,,,,
Achievements,96339,41336,Hygiene & Biosecurity Short Course,,28/08/2015,28/08/2015,28/08/2020,Thai Poultry Veterinary Association,,,,,
Achievements,96339,41337,Manual Handling Short Course,,28/08/2015,28/08/2015,28/08/2020,Thai Poultry Veterinary Association,,,,,
Achievements,96339,41338,Poultry Welfare Short Course,,27/08/2015,27/08/2015,27/08/2020,Thai Poultry Veterinary Association,,,,,
Achievements,96340,41336,Hygiene & Biosecurity Short Course,,28/08/2015,28/08/2015,28/08/2020,Thai Poultry Veterinary Association,,,,,
Achievements,96340,41337,Manual Handling Short Course,,28/08/2015,28/08/2015,28/08/2020,Thai Poultry Veterinary Association,,,,,
Achievements,96340,41338,Poultry Welfare Short Course,,27/08/2015,27/08/2015,27/08/2020,Thai Poultry Veterinary Association,,,,,
Achievements,96341,41336,Hygiene & Biosecurity Short Course,,28/08/2015,28/08/2015,28/08/2020,Thai Poultry Veterinary Association,,,,,
Achievements,96341,41337,Manual Handling Short Course,,28/08/2015,28/08/2015,28/08/2020,Thai Poultry Veterinary Association,,,,,
Achievements,96341,41338,Poultry Welfare Short Course,,27/08/2015,27/08/2015,27/08/2020,Thai Poultry Veterinary Association,,,,,
Achievements,96342,41336,Hygiene & Biosecurity Short Course,,13/11/2015,13/11/2015,13/11/2020,Thai Poultry Veterinary Association,,,,,
Achievements,96342,41337,Manual Handling Short Course,,13/11/2015,13/11/2015,13/11/2020,Thai Poultry Veterinary Association,,,,,
Achievements,96342,41338,Poultry Welfare Short Course,,12/11/2015,12/11/2015,12/11/2020,Thai Poultry Veterinary Association,,,,,
Achievements,96344,41336,Hygiene & Biosecurity Short Course,,09/06/2015,09/06/2015,09/06/2020,Thai Poultry Veterinary Association,,,,,
Achievements,96344,41337,Manual Handling Short Course,,09/06/2015,09/06/2015,09/06/2020,Thai Poultry Veterinary Association,,,,,
Achievements,96344,41338,Poultry Welfare Short Course,,10/06/2015,10/06/2015,10/06/2020,Thai Poultry Veterinary Association,,,,,
Achievements,96346,41336,Hygiene & Biosecurity Short Course,,28/08/2015,28/08/2015,28/08/2020,Thai Poultry Veterinary Association,,,,,
Achievements,96346,41337,Manual Handling Short Course,,28/08/2015,28/08/2015,28/08/2020,Thai Poultry Veterinary Association,,,,,
Achievements,96346,41338,Poultry Welfare Short Course,,27/08/2015,27/08/2015,27/08/2020,Thai Poultry Veterinary Association,,,,,
Achievements,99711,41336,Hygiene & Biosecurity Short Course,,07/07/2016,07/07/2016,07/07/2021,WFT Academy,,,,,
Achievements,99711,41338,Poultry Welfare Short Course,,07/07/2016,07/07/2016,07/07/2021,WFT Academy,,,,,
Achievements,99712,41336,Hygiene & Biosecurity Short Course,,07/07/2016,07/07/2016,07/07/2021,WFT Academy,,,,,
Achievements,99712,41338,Poultry Welfare Short Course,,07/07/2016,07/07/2016,07/07/2021,WFT Academy,,,,,
Achievements,99713,41336,Hygiene & Biosecurity Short Course,,05/07/2016,05/07/2016,05/07/2021,WFT Academy,,,,,
Achievements,99713,41338,Poultry Welfare Short Course,,05/07/2016,05/07/2016,05/07/2021,WFT Academy,,,,,
Achievements,99993,41336,Hygiene & Biosecurity Short Course,,09/06/2015,09/06/2015,09/06/2020,Thai Poultry Veterinary Association,,,,,
Achievements,99993,41337,Manual Handling Short Course,,09/06/2015,09/06/2015,09/06/2020,Thai Poultry Veterinary Association,,,,,
Achievements,99993,41338,Poultry Welfare Short Course,,10/06/2015,10/06/2015,10/06/2020,Thai Poultry Veterinary Association,,,,,
Achievements,100001,41336,Hygiene & Biosecurity Short Course,,17/06/2016,17/06/2016,17/06/2021,Thai Poultry Veterinary Association,,,,,
Achievements,100001,41337,Manual Handling Short Course,,17/06/2016,17/06/2016,17/06/2021,Thai Poultry Veterinary Association,,,,,
Achievements,100001,41338,Poultry Welfare Short Course,,16/06/2016,16/06/2016,16/06/2021,Thai Poultry Veterinary Association,,,,,
Achievements,100048,41336,Hygiene & Biosecurity Short Course,,07/07/2016,07/07/2016,07/07/2021,WFT Academy,,,,,
Achievements,100048,41338,Poultry Welfare Short Course,,07/07/2016,07/07/2016,07/07/2021,WFT Academy,,,,,
Achievements,100182,41336,Hygiene & Biosecurity Short Course,,30/06/2016,30/06/2016,30/06/2021,WFT Academy,,,,,
Achievements,100182,41338,Poultry Welfare Short Course,,30/06/2016,30/06/2016,30/06/2021,WFT Academy,,,,,
Achievements,100183,41336,Hygiene & Biosecurity Short Course,,30/06/2016,30/06/2016,30/06/2021,WFT Academy,,,,,
Achievements,100183,41338,Poultry Welfare Short Course,,30/06/2016,30/06/2016,30/06/2021,WFT Academy,,,,,
Achievements,100184,41336,Hygiene & Biosecurity Short Course,,30/06/2016,30/06/2016,30/06/2021,WFT Academy,,,,,
Achievements,100184,41338,Poultry Welfare Short Course,,30/06/2016,30/06/2016,30/06/2021,WFT Academy,,,,,
Achievements,100185,41336,Hygiene & Biosecurity Short Course,,30/06/2016,30/06/2016,30/06/2021,WFT Academy,,,,,
Achievements,100185,41338,Poultry Welfare Short Course,,30/06/2016,30/06/2016,30/06/2021,WFT Academy,,,,,
Achievements,100190,41336,Hygiene & Biosecurity Short Course,,27/06/2016,27/06/2016,27/06/2021,WFT Academy,,,,,
Achievements,100190,41338,Poultry Welfare Short Course,,27/06/2016,27/06/2016,27/06/2021,WFT Academy,,,,,
Achievements,100191,41336,Hygiene & Biosecurity Short Course,,27/06/2016,27/06/2016,27/06/2021,WFT Academy,,,,,
Achievements,100191,41338,Poultry Welfare Short Course,,27/06/2016,27/06/2016,27/06/2021,WFT Academy,,,,,
Achievements,100192,41336,Hygiene & Biosecurity Short Course,,27/06/2016,27/06/2016,27/06/2021,WFT Academy,,,,,
Achievements,100192,41338,Poultry Welfare Short Course,,27/06/2016,27/06/2016,27/06/2021,WFT Academy,,,,,
Achievements,100194,41336,Hygiene & Biosecurity Short Course,,27/06/2016,27/06/2016,27/06/2021,WFT Academy,,,,,
Achievements,100194,41338,Poultry Welfare Short Course,,27/06/2016,27/06/2016,27/06/2021,WFT Academy,,,,,
Achievements,100195,41336,Hygiene & Biosecurity Short Course,,27/06/2016,27/06/2016,27/06/2021,WFT Academy,,,,,
Achievements,100195,41338,Poultry Welfare Short Course,,27/06/2016,27/06/2016,27/06/2021,WFT Academy,,,,,
Achievements,100196,41336,Hygiene & Biosecurity Short Course,,27/06/2016,27/06/2016,27/06/2021,WFT Academy,,,,,
Achievements,100196,41338,Poultry Welfare Short Course,,27/06/2016,27/06/2016,27/06/2021,WFT Academy,,,,,
Achievements,100197,41336,Hygiene & Biosecurity Short Course,,27/06/2016,27/06/2016,27/06/2021,WFT Academy,,,,,
Achievements,100197,41338,Poultry Welfare Short Course,,27/06/2016,27/06/2016,27/06/2021,WFT Academy,,,,,
Achievements,100198,41336,Hygiene & Biosecurity Short Course,,27/06/2016,27/06/2016,27/06/2021,WFT Academy,,,,,
Achievements,100198,41338,Poultry Welfare Short Course,,27/06/2016,27/06/2016,27/06/2021,WFT Academy,,,,,
Achievements,100200,41336,Hygiene & Biosecurity Short Course,,30/06/2016,30/06/2016,30/06/2021,WFT Academy,,,,,
Achievements,100200,41338,Poultry Welfare Short Course,,30/06/2016,30/06/2016,30/06/2021,WFT Academy,,,,,
Achievements,100207,41336,Hygiene & Biosecurity Short Course,,30/06/2016,30/06/2016,30/06/2021,WFT Academy,,,,,
Achievements,100207,41338,Poultry Welfare Short Course,,30/06/2016,30/06/2016,30/06/2021,WFT Academy,,,,,
Achievements,100212,41336,Hygiene & Biosecurity Short Course,,28/06/2016,28/06/2016,28/06/2021,WFT Academy,,,,,
Achievements,100212,41338,Poultry Welfare Short Course,,28/06/2016,28/06/2016,28/06/2021,WFT Academy,,,,,
Achievements,100213,41336,Hygiene & Biosecurity Short Course,,28/06/2016,28/06/2016,28/06/2021,WFT Academy,,,,,
Achievements,100213,41338,Poultry Welfare Short Course,,28/06/2016,28/06/2016,28/06/2021,WFT Academy,,,,,
Achievements,100219,41336,Hygiene & Biosecurity Short Course,,28/06/2016,28/06/2016,28/06/2021,WFT Academy,,,,,
Achievements,100219,41338,Poultry Welfare Short Course,,28/06/2016,28/06/2016,28/06/2021,WFT Academy,,,,,
Achievements,100221,41336,Hygiene & Biosecurity Short Course,,28/06/2016,28/06/2016,28/06/2021,WFT Academy,,,,,
Achievements,100221,41338,Poultry Welfare Short Course,,28/06/2016,28/06/2016,28/06/2021,WFT Academy,,,,,
Achievements,100223,41336,Hygiene & Biosecurity Short Course,,28/06/2016,28/06/2016,28/06/2021,WFT Academy,,,,,
Achievements,100223,41338,Poultry Welfare Short Course,,28/06/2016,28/06/2016,28/06/2021,WFT Academy,,,,,
Achievements,100225,41336,Hygiene & Biosecurity Short Course,,29/06/2016,29/06/2016,29/06/2021,WFT Academy,,,,,
Achievements,100225,41338,Poultry Welfare Short Course,,29/06/2016,29/06/2016,29/06/2021,WFT Academy,,,,,
Achievements,100323,41335,Health & Safety Short Course,,29/09/2016,29/09/2016,29/09/2021,Thai Poultry Veterinary Association,,,,,
Achievements,100323,41336,Hygiene & Biosecurity Short Course,,17/06/2016,17/06/2016,17/06/2021,Thai Poultry Veterinary Association,,,,,
Achievements,100323,41337,Manual Handling Short Course,,17/06/2016,17/06/2016,17/06/2021,Thai Poultry Veterinary Association,,,,,
Achievements,100323,41338,Poultry Welfare Short Course,,15/06/2016,16/06/2016,16/06/2020,Thai Poultry Veterinary Association,,,,,
Achievements,100323,41341,First Aid Qualification,,20/05/2017,20/05/2017,20/05/2022,Thai Red Cross,,,,,
Achievements,101100,41341,First Aid Qualification,,20/11/2009,20/11/2009,20/11/2014,DanHatch Denmark,,,,,
Achievements,101158,41341,First Aid Qualification,,12/12/2006,12/12/2006,12/12/2011,DanHatch Denmark,,,,,
Achievements,101206,,Basic First Aid Course,,20/09/2017,20/09/2017,20/09/2022,Thai Red Cross,,,,,
Achievements,101220,41341,First Aid Qualification,,20/09/2017,20/09/2017,20/09/2022,Thai Red Cross,,,,,
Achievements,101403,41336,Hygiene & Biosecurity Short Course,,19/09/2016,19/09/2016,19/09/2021,WFT Academy,,,,,
Achievements,101403,41338,Poultry Welfare Short Course,,19/09/2016,19/09/2016,19/09/2021,WFT Academy,,,,,
Achievements,101487,41336,Hygiene & Biosecurity Short Course,,31/03/2016,31/03/2016,31/03/2021,Thai Poultry Veterinary Association,,,,,
Achievements,101487,41337,Manual Handling Short Course,,31/03/2016,31/03/2016,31/03/2021,Thai Poultry Veterinary Association,,,,,
Achievements,101487,41338,Poultry Welfare Short Course,,30/03/2016,30/03/2016,30/03/2021,Thai Poultry Veterinary Association,,,,,
Achievements,101487,41341,First Aid Qualification,,18/11/2016,18/11/2016,18/11/2021,Bangkok Ratchasima Hospital,,,,,
Achievements,101487,41342,Level 3 Diploma in Work-based Agriculture or Equivalent,,16/08/2013,16/08/2013,,Maejo University,,,,,
Achievements,101487,,GAP of Breeder Farm for Agriculturist,,28/12/2015,28/12/2015,28/12/2020,Department of Livestock Development,,,,,
Achievements,101487,,Integrated Pest Management in Livestock,,07/04/2016,07/04/2016,07/04/2021,Department of Health,,,,,
Achievements,101487,,HACCP & GMP Awareness and Interpretation,,28/01/2016,28/01/2016,28/01/2021,ISET (Thailand) Limited,,,,,
Achievements,101495,41335,Health & Safety Short Course,,29/09/2016,29/09/2016,29/09/2021,Thai Poultry Veterinary Association,,,,,
Achievements,101495,41336,Hygiene & Biosecurity Short Course,,26/07/2017,26/07/2017,26/07/2022,Thai Poultry Veterinary Association,,,,,
Achievements,101495,41337,Manual Handling Short Course,,26/07/2017,26/07/2017,26/07/2022,Thai Poultry Veterinary Association,,,,,
Achievements,101495,41338,Poultry Welfare Short Course,,27/07/2017,27/07/2017,27/07/2022,Thai Poultry Veterinary Association,,,,,
Achievements,101495,41342,Level 3 Diploma in Work-based Agriculture or Equivalent,,20/05/2011,20/05/2011,,King Mongkut's Institute of Technology,,,,,
Achievements,101524,41335,Health & Safety Short Course,,29/09/2016,29/09/2016,29/09/2021,Thai Poultry Veterinary Association,,,,,
Achievements,101524,41336,Hygiene & Biosecurity Short Course,,31/03/2016,31/03/2016,31/03/2021,Thai Poultry Veterinary Association,,,,,
Achievements,101524,41337,Manual Handling Short Course,,31/03/2016,31/03/2016,31/03/2021,Thai Poultry Veterinary Association,,,,,
Achievements,101524,41338,Poultry Welfare Short Course,,30/03/2016,30/03/2016,30/03/2021,Thai Poultry Veterinary Association,,,,,
Achievements,101524,41342,Level 3 Diploma in Work-based Agriculture or Equivalent,,18/05/2003,18/05/2003,,Rajamangala University of Technology,,,,,
Achievements,101597,41336,Hygiene & Biosecurity Short Course,,07/10/2016,07/10/2016,07/10/2021,WFT Academy,,,,,
Achievements,101597,41338,Poultry Welfare Short Course,,07/10/2016,07/10/2016,07/10/2021,WFT Academy,,,,,
Achievements,101744,41335,Health & Safety Short Course,,15/11/2016,15/11/2016,15/11/2021,Poultec Training,,,,,
Achievements,101753,41335,Health & Safety Short Course,,15/11/2016,15/11/2016,15/11/2021,Poultec Training,,,,,
Achievements,101753,41336,Hygiene & Biosecurity Short Course,,08/12/2016,08/12/2016,08/12/2021,Poultec Training,,,,,
Achievements,101753,41338,Poultry Welfare Short Course,,07/12/2016,07/12/2016,07/12/2021,Poultec Training,,,,,
Achievements,101755,41335,Health & Safety Short Course,,15/11/2016,15/11/2016,15/11/2021,Poultec Training,,,,,
Achievements,101755,41336,Hygiene & Biosecurity Short Course,,08/12/2016,08/12/2016,08/12/2021,Poultec Training,,,,,
Achievements,101755,41338,Poultry Welfare Short Course,,07/12/2016,07/12/2016,07/12/2021,Poultec Training,,,,,
Achievements,101756,41336,Hygiene & Biosecurity Short Course,,08/12/2016,08/12/2016,08/12/2021,Poultec Training,,,,,
Achievements,101756,41338,Poultry Welfare Short Course,,07/12/2016,07/12/2016,07/12/2021,Poultec Training,,,,,
Achievements,101758,41335,Health & Safety Short Course,,15/11/2016,15/11/2016,15/11/2021,Poultec Training,,,,,
Achievements,101758,41336,Hygiene & Biosecurity Short Course,,08/12/2016,08/12/2016,08/12/2021,Poultec Training,,,,,
Achievements,101763,41335,Health & Safety Short Course,,15/11/2016,15/11/2016,15/11/2021,Poultec Training,,,,,
Achievements,101763,41336,Hygiene & Biosecurity Short Course,,08/12/2016,08/12/2016,08/12/2021,Poultec Training,,,,,
Achievements,101763,41338,Poultry Welfare Short Course,,07/12/2016,07/12/2016,07/12/2021,Poultec Training,,,,,
Achievements,101764,41335,Health & Safety Short Course,,14/11/2016,14/11/2016,14/11/2021,Poultec Training,,,,,
Achievements,101764,41336,Hygiene & Biosecurity Short Course,,08/12/2016,08/12/2016,08/12/2021,Poultec Training,,,,,
Achievements,101764,41338,Poultry Welfare Short Course,,07/12/2016,07/12/2016,07/12/2021,Poultec Training,,,,,
Achievements,101765,41335,Health & Safety Short Course,,15/11/2016,15/11/2016,15/11/2021,Poultec Training,,,,,
Achievements,101767,41335,Health & Safety Short Course,,15/11/2016,15/11/2016,15/11/2021,Poultec Training,,,,,
Achievements,101767,41336,Hygiene & Biosecurity Short Course,,08/12/2016,08/12/2016,08/12/2021,Poultec Training,,,,,
Achievements,101767,41338,Poultry Welfare Short Course,,07/12/2016,07/12/2016,07/12/2021,Poultec Training,,,,,
Achievements,101768,41335,Health & Safety Short Course,,15/11/2016,15/11/2016,15/11/2021,Poultec Training,,,,,
Achievements,101768,41336,Hygiene & Biosecurity Short Course,,08/12/2016,08/12/2016,08/12/2021,Poultec Training,,,,,
Achievements,101768,41338,Poultry Welfare Short Course,,07/12/2016,07/12/2016,07/12/2021,Poultec Training,,,,,
Achievements,101769,41335,Health & Safety Short Course,,15/11/2016,15/11/2016,15/11/2021,Poultec Training,,,,,
Achievements,101903,41336,Hygiene & Biosecurity Short Course,,04/11/2016,04/11/2016,04/11/2021,WFT Academy,,,,,
Achievements,101903,41338,Poultry Welfare Short Course,,04/11/2016,04/11/2016,04/11/2021,WFT Academy,,,,,
Achievements,102191,41335,Health & Safety Short Course,,24/11/2016,24/11/2016,24/11/2021,Thai Poultry Veterinary Association,,,,,
Achievements,102192,41335,Health & Safety Short Course,,24/11/2016,24/11/2016,24/11/2021,Thai Poultry Veterinary Association,,,,,
Achievements,102497,41338,Poultry Welfare Short Course,,22/05/2015,22/05/2015,22/05/2020,Animal Welfare Training,,,,,
Achievements,102497,,Poultry Welfare Officer Processing,,18/05/2015,18/05/2015,18/05/2020,Animal Welfare Training,,,,,
Achievements,102497,,Train the Trainer,,23/09/2016,23/09/2016,23/09/2021,Heijs Food Products,,,,,
Achievements,102497,,HACCP Training,,09/10/2014,09/10/2014,09/10/2019,CareNet,,,,,
Achievements,102498,41338,Poultry Welfare Short Course,,21/05/2015,21/05/2015,21/05/2020,Animal Welfare Training,,,,,
Achievements,102498,,Poultry Welfare Officer Processing,,18/05/2015,18/05/2015,18/05/2020,Animal Welfare Training,,,,,
Achievements,102498,,Train the Trainer,,23/09/2016,23/09/2016,23/09/2021,Heijs Food Products BV,,,,,
Achievements,102498,,HACCP Training,,10/09/2015,10/09/2015,10/09/2020,Pluimveeverwerking Gebr,,,,,
Achievements,102498,,Level 3 Award in HACCP for Food Manufacturing,,25/04/2013,25/04/2013,25/04/2018,RSPH,,,,,
Achievements,102803,41338,Poultry Welfare Short Course,,30/03/2016,30/03/2016,30/03/2021,Thai Poultry Veterinary Association,,,,,
Achievements,102804,41336,Hygiene & Biosecurity Short Course,,31/03/2016,31/03/2016,31/03/2021,Thai Poultry Veterinary Association,,,,,
Achievements,102804,41337,Manual Handling Short Course,,31/03/2016,31/03/2016,31/03/2021,Thai Poultry Veterinary Association,,,,,
Achievements,102804,41338,Poultry Welfare Short Course,,30/03/2016,30/03/2016,30/03/2021,Thai Poultry Veterinary Association,,,,,
Achievements,104210,41335,Health & Safety Short Course,,25/11/2016,25/11/2016,25/11/2021,Thai Poultry Veterinary Association,,,,,
Achievements,104218,41335,Health & Safety Short Course,,25/11/2016,25/11/2016,25/11/2021,Thai Poultry Veterinary Association,,,,,
Achievements,104220,41335,Health & Safety Short Course,,25/11/2016,25/11/2016,25/11/2021,Thai Poultry Veterinary Association,,,,,
Achievements,104223,41336,Hygiene & Biosecurity Short Course,,17/06/2016,17/06/2016,17/06/2021,Thai Poultry Veterinary Association,,,,,
Achievements,104223,41337,Manual Handling Short Course,,17/06/2016,17/06/2016,17/06/2021,Thai Poultry Veterinary Association,,,,,
Achievements,104223,41338,Poultry Welfare Short Course,,16/06/2016,16/06/2016,16/06/2021,Thai Poultry Veterinary Association,,,,,
Achievements,104233,41336,Hygiene & Biosecurity Short Course,,17/06/2016,17/06/2016,17/06/2021,Thai Poultry Veterinary Association,,,,,
Achievements,104233,41337,Manual Handling Short Course,,17/06/2016,17/06/2016,17/06/2021,Thai Poultry Veterinary Association,,,,,
Achievements,104706,41335,Health & Safety Short Course,,25/10/2016,25/10/2016,25/10/2021,Thai Poultry Veterinary Association,,,,,
Achievements,104706,41336,Hygiene & Biosecurity Short Course,,31/03/2016,31/03/2016,31/03/2021,Thai Poultry Veterinary Association,,,,,
Achievements,104706,41337,Manual Handling Short Course,,31/03/2016,31/03/2016,31/03/2021,Thai Poultry Veterinary Association,,,,,
Achievements,104706,41338,Poultry Welfare Short Course,,30/03/2016,30/03/2016,30/03/2021,Thai Poultry Veterinary Association,,,,,
Achievements,104706,41342,Level 3 Diploma in Work-based Agriculture or Equivalent,,18/12/2015,18/12/2015,,Silpakorn University,,,,,
Achievements,104723,41335,Health & Safety Short Course,,24/11/2016,24/11/2016,24/11/2021,Thai Poultry Veterinary Association,,,,,
Achievements,104723,41336,Hygiene & Biosecurity Short Course,,26/07/2017,26/07/2017,26/07/2022,Thai Poultry Veterinary Association,,,,,
Achievements,104723,41337,Manual Handling Short Course,,26/07/2017,26/07/2017,26/07/2022,Thai Poultry Veterinary Association,,,,,
Achievements,104723,41338,Poultry Welfare Short Course,,27/07/2017,27/07/2017,27/07/2022,Thai Poultry Veterinary Association,,,,,
Achievements,104723,41342,Level 3 Diploma in Work-based Agriculture or Equivalent,,21/04/2014,21/04/2014,,Maejo University,,,,,
Achievements,104724,41335,Health & Safety Short Course,,24/11/2016,24/11/2016,24/11/2021,Thai Poultry Veterinary Association,,,,,
Achievements,104724,41336,Hygiene & Biosecurity Short Course,,26/07/2017,26/07/2017,26/07/2022,Thai Poultry Veterinary Association,,,,,
Achievements,104724,41337,Manual Handling Short Course,,26/07/2017,26/07/2017,26/07/2022,Thai Poultry Veterinary Association,,,,,
Achievements,104724,41338,Poultry Welfare Short Course,,27/07/2017,27/07/2017,27/07/2022,Thai Poultry Veterinary Association,,,,,
Achievements,104974,41335,Health & Safety Short Course,,27/07/2017,27/07/2017,27/07/2022,Thai Poultry Veterinary Association,,,,,
Achievements,104974,41336,Hygiene & Biosecurity Short Course,,26/07/2017,26/07/2017,26/07/2022,Thai Poultry Veterinary Association,,,,,
Achievements,104974,41337,Manual Handling Short Course,,26/07/2017,26/07/2017,26/07/2022,Thai Poultry Veterinary Association,,,,,
Achievements,104974,41338,Poultry Welfare Short Course,,27/07/2017,27/07/2017,27/07/2022,Thai Poultry Veterinary Association,,,,,
Achievements,104974,41341,First Aid Qualification,,07/07/2016,07/07/2016,07/07/2021,Thai Red Cross Society,,,,,
Achievements,104977,41335,Health & Safety Short Course,,27/07/2017,27/07/2017,27/07/2022,Thai Poultry Veterinary Association,,,,,
Achievements,104977,41336,Hygiene & Biosecurity Short Course,,17/06/2016,17/06/2016,17/06/2021,Thai Poultry Veterinary Association,,,,,
Achievements,104977,41337,Manual Handling Short Course,,17/06/2016,17/06/2016,17/06/2021,Thai Poultry Veterinary Association,,,,,
Achievements,104977,41338,Poultry Welfare Short Course,,16/06/2016,16/06/2016,16/06/2021,Thai Poultry Veterinary Association,,,,,
Achievements,104977,41341,First Aid Qualification,,23/01/2018,23/01/2018,23/01/2023,Thai Red Cross,,,,,
Achievements,105611,41335,Health & Safety Short Course,,27/07/2017,27/07/2017,27/07/2022,Thai Poultry Veterinary Association,,,,,
Achievements,105611,41336,Hygiene & Biosecurity Short Course,,26/07/2017,26/07/2017,26/07/2022,Thai Poultry Veterinary Association,,,,,
Achievements,105611,41337,Manual Handling Short Course,,26/07/2017,26/07/2017,26/07/2022,Thai Poultry Veterinary Association,,,,,
Achievements,105611,41338,Poultry Welfare Short Course,,27/07/2017,27/07/2017,27/07/2022,Thai Poultry Veterinary Association,,,,,
Achievements,105611,41342,Level 3 Diploma in Work-based Agriculture or Equivalent,,03/08/2014,03/08/2014,,Rajamangala University of Technology,,,,,
Achievements,105622,41335,Health & Safety Short Course,,27/07/2017,27/07/2017,27/07/2022,Thai Poultry Veterinary Association,,,,,
Achievements,105622,41336,Hygiene & Biosecurity Short Course,,26/07/2017,26/07/2017,26/07/2022,Thai Poultry Veterinary Association,,,,,
Achievements,105622,41337,Manual Handling Short Course,,26/07/2017,26/07/2017,26/07/2022,Thai Poultry Veterinary Association,,,,,
Achievements,105622,41338,Poultry Welfare Short Course,,27/07/2017,27/07/2017,27/07/2022,Thai Poultry Veterinary Association,,,,,
Achievements,105622,41342,Level 3 Diploma in Work-based Agriculture or Equivalent,,19/05/2015,19/05/2015,,Rajamangala University of Technology,,,,,
Achievements,106197,41335,Health & Safety Short Course,,29/09/2016,29/09/2016,29/09/2021,Thai Poultry Veterinary Association,,,,,
Achievements,106197,41336,Hygiene & Biosecurity Short Course,,17/06/2016,17/06/2016,17/06/2021,Thai Poultry Veterinary Association,,,,,
Achievements,106197,41337,Manual Handling Short Course,,17/06/2016,17/06/2016,17/06/2021,Thai Poultry Veterinary Association,,,,,
Achievements,106197,41338,Poultry Welfare Short Course,,16/06/2016,16/06/2016,16/06/2021,Thai Poultry Veterinary Association,,,,,
Achievements,106494,41335,Health & Safety Short Course,,24/11/2017,24/11/2017,24/11/2022,Thai Poultry Veterinary Association,,,,,
Achievements,106494,41336,Hygiene & Biosecurity Short Course,,23/11/2017,23/11/2017,23/11/2022,Thai Poultry Veterinary Association,,,,,
Achievements,106494,41337,Manual Handling Short Course,,24/10/2017,24/11/2017,24/11/2022,Thai Poultry Veterinary Association,,,,,
Achievements,106494,41338,Poultry Welfare Short Course,,23/11/2017,23/11/2017,23/11/2022,Thai Poultry Veterinary Association,,,,,
Achievements,106495,41335,Health & Safety Short Course,,24/11/2017,24/11/2017,24/11/2022,Thai Poultry Veterinary Association,,,,,
Achievements,106495,41336,Hygiene & Biosecurity Short Course,,23/11/2017,23/11/2017,23/11/2022,Thai Poultry Veterinary Association,,,,,
Achievements,106495,41337,Manual Handling Short Course,,24/11/2017,24/11/2017,24/11/2022,Thai Poultry Veterinary Association,,,,,
Achievements,106495,41338,Poultry Welfare Short Course,,23/11/2017,23/11/2017,23/10/2021,Thai Poultry Veterinary Association,,,,,
Achievements,94821,41336,Hygiene & Biosecurity Short Course,,25/03/2015,25/03/2015,25/03/2020,Thai Poultry Veterinary Association,,,,,
Achievements,94821,41337,Manual Handling Short Course,,25/03/2015,25/03/2015,25/03/2020,Thai Poultry Veterinary Association,,,,,
Achievements,94821,41338,Poultry Welfare Short Course,,24/03/2015,24/03/2015,24/03/2020,Thai Poultry Veterinary Association,,,,,
Achievements,94821,41342,Level 3 Diploma in Work-based Agriculture or Equivalent,,06/06/1995,06/06/1995,,Kasetsart University,,,,,
Achievements,94822,41335,Health & Safety Short Course,,29/09/2016,29/09/2016,29/09/2021,Thai Poultry Veterinary Association,,,,,
Achievements,94822,41336,Hygiene & Biosecurity Short Course,,09/06/2015,09/06/2015,09/06/2020,Thai Poultry Veterinary Association,,,,,
Achievements,94822,41337,Manual Handling Short Course,,08/06/2015,08/06/2015,08/06/2020,Thai Poultry Veterinary Association,,,,,
Achievements,94822,41338,Poultry Welfare Short Course,,10/06/2015,10/06/2015,10/06/2020,Thai Poultry Veterinary Association,,,,,
Achievements,94822,41341,First Aid Qualification,,13/09/2015,13/09/2015,13/09/2020,Thai Red Cross,,,,,
Achievements,94822,41342,Level 3 Diploma in Work-based Agriculture or Equivalent,,12/03/2003,12/03/2003,,0,,,,,
Achievements,94823,41335,Health & Safety Short Course,,29/09/2016,29/09/2016,29/09/2021,Thai Poultry Veterinary Association,,,,,
Achievements,94823,41336,Hygiene & Biosecurity Short Course,,08/04/2015,08/04/2015,08/04/2020,Thai Poultry Veterinary Association,,,,,
Achievements,94823,41337,Manual Handling Short Course,,07/04/2015,07/04/2015,07/04/2020,Thai Poultry Veterinary Association,,,,,
Achievements,94823,41338,Poultry Welfare Short Course,,07/04/2015,07/04/2015,07/04/2020,Thai Poultry Veterinary Association,,,,,
Achievements,94823,41341,First Aid Qualification,,21/09/2014,21/09/2014,21/09/2019,Thai Red Cross,,,,,
Achievements,94823,41342,Level 3 Diploma in Work-based Agriculture or Equivalent,,12/03/2010,12/03/2010,,Mahanakorn University of Technology,,,,,
Achievements,94824,41335,Health & Safety Short Course,,25/10/2016,25/10/2016,25/10/2021,Thai Poultry Veterinary Association,,,,,
Achievements,94824,41336,Hygiene & Biosecurity Short Course,,09/06/2015,09/06/2015,09/06/2020,Thai Poultry Veterinary Association,,,,,
Achievements,94824,41337,Manual Handling Short Course,,09/06/2015,09/06/2015,09/06/2020,Thai Poultry Veterinary Association,,,,,
Achievements,94824,41338,Poultry Welfare Short Course,,10/06/2015,10/06/2015,10/06/2020,Thai Poultry Veterinary Association,,,,,
Achievements,94824,41341,First Aid Qualification,,02/09/2015,02/09/2015,02/09/2020,Thai Red Cross,,,,,
Achievements,94824,41342,Level 3 Diploma in Work-based Agriculture or Equivalent,,13/03/2013,13/03/2013,,Chulalongkorn University,,,,,
Achievements,94825,41335,Health & Safety Short Course,,28/09/2016,29/09/2016,29/09/2021,Thai Poultry Veterinary Association,,,,,
Achievements,94825,41336,Hygiene & Biosecurity Short Course,,25/03/2015,25/03/2015,25/03/2020,Thai Poultry Veterinary Association,,,,,
Achievements,94825,41337,Manual Handling Short Course,,24/03/2015,25/03/2015,25/03/2020,Thai Poultry Veterinary Association,,,,,
Achievements,94825,41338,Poultry Welfare Short Course,,24/03/2015,24/03/2015,24/03/2020,Thai Poultry Veterinary Association,,,,,
Achievements,94825,41341,First Aid Qualification,,02/09/2015,02/09/2015,02/09/2020,Thai Red Cross,,,,,
Achievements,94825,41342,Level 3 Diploma in Work-based Agriculture or Equivalent,,08/03/1997,08/03/1997,,Rajamangala Institute of Technology,,,,,
Achievements,94826,41335,Health & Safety Short Course,,29/09/2016,29/09/2016,29/09/2021,Thai Poultry Veterinary Association,,,,,
Achievements,94826,41336,Hygiene & Biosecurity Short Course,,09/06/2015,09/06/2015,09/06/2020,Thai Poultry Veterinary Association,,,,,
Achievements,94826,41337,Manual Handling Short Course,,09/06/2015,09/06/2015,09/06/2020,Thai Poultry Veterinary Association,,,,,
Achievements,94826,41338,Poultry Welfare Short Course,,10/06/2015,10/06/2015,10/06/2020,Thai Poultry Veterinary Association,,,,,
Achievements,94826,41341,First Aid Qualification,,02/09/2015,02/09/2015,02/09/2020,Thai Red Cross,,,,,
Achievements,94826,41342,Level 3 Diploma in Work-based Agriculture or Equivalent,,29/04/2013,29/04/2013,,0,,,,,
Achievements,94827,41335,Health & Safety Short Course,,29/09/2016,29/09/2016,29/09/2021,Thai Poultry Veterinary Association,,,,,
Achievements,94827,41336,Hygiene & Biosecurity Short Course,,09/06/2015,09/06/2015,09/06/2020,Thai Poultry Veterinary Association,,,,,
Achievements,94827,41337,Manual Handling Short Course,,09/06/2015,09/06/2015,09/06/2020,Thai Poultry Veterinary Association,,,,,
Achievements,94827,41338,Poultry Welfare Short Course,,10/06/2015,10/06/2015,10/06/2020,Thai Poultry Veterinary Association,,,,,
Achievements,94827,41341,First Aid Qualification,,21/09/2014,21/09/2014,21/09/2019,Thai Red Cross,,,,,
Achievements,94827,41342,Level 3 Diploma in Work-based Agriculture or Equivalent,,26/10/1992,26/10/1992,,0,,,,,
Achievements,94828,41335,Health & Safety Short Course,,29/09/2016,29/09/2016,29/09/2021,Thai Poultry Veterinary Association,,,,,
Achievements,94828,41336,Hygiene & Biosecurity Short Course,,09/06/2014,09/06/2015,09/06/2020,Thai Poultry Veterinary Association,,,,,
Achievements,94828,41337,Manual Handling Short Course,,09/06/2015,09/06/2015,09/06/2020,Thai Poultry Veterinary Association,,,,,
Achievements,94828,41338,Poultry Welfare Short Course,,10/06/2015,10/06/2015,10/06/2020,Thai Poultry Veterinary Association,,,,,
Achievements,94828,41341,First Aid Qualification,,03/09/2015,03/09/2015,03/09/2020,Thai Red Cross,,,,,
Achievements,94828,41342,Level 3 Diploma in Work-based Agriculture or Equivalent,,30/04/2000,30/04/2000,,Suranaree University of Technology,,,,,
Achievements,94829,41335,Health & Safety Short Course,,29/09/2016,29/09/2016,29/09/2021,Thai Poultry Veterinary Association,,,,,
Achievements,94829,41336,Hygiene & Biosecurity Short Course,,29/04/2015,29/04/2015,29/04/2020,Thai Poultry Veterinary Association,,,,,
Achievements,94829,41337,Manual Handling Short Course,,29/04/2015,29/04/2015,29/04/2020,Thai Poultry Veterinary Association,,,,,
Achievements,94829,41338,Poultry Welfare Short Course,,28/04/2015,28/04/2015,28/04/2020,Thai Poultry Veterinary Association,,,,,
Achievements,94829,41341,First Aid Qualification,,03/09/2015,03/09/2015,03/09/2020,Thai Red Cross,,,,,
Achievements,94829,41342,Level 3 Diploma in Work-based Agriculture or Equivalent,,23/09/1993,23/09/1993,,Sukhothai Thammathirat Open University,,,,,
Achievements,94830,41335,Health & Safety Short Course,,29/09/2016,29/09/2016,29/09/2021,Thai Poultry Veterinary Association,,,,,
Achievements,94830,41336,Hygiene & Biosecurity Short Course,,09/06/2015,09/06/2015,09/06/2020,Thai Poultry Veterinary Association,,,,,
Achievements,94830,41337,Manual Handling Short Course,,09/06/2015,09/06/2015,09/06/2020,Thai Poultry Veterinary Association,,,,,
Achievements,94830,41338,Poultry Welfare Short Course,,10/06/2015,10/06/2015,10/06/2020,Thai Poultry Veterinary Association,,,,,
Achievements,94830,41341,First Aid Qualification,,02/09/2015,02/09/2015,02/09/2020,Thai Red Cross,,,,,
Achievements,94830,41342,Level 3 Diploma in Work-based Agriculture or Equivalent,,28/04/2000,28/04/2000,,Ubon Ratchathani University,,,,,
Achievements,94831,41335,Health & Safety Short Course,,29/09/2016,29/09/2016,29/09/2021,Thai Poultry Veterinary Association,,,,,
Achievements,94831,41336,Hygiene & Biosecurity Short Course,,09/06/2015,09/06/2015,09/06/2020,Thai Poultry Veterinary Association,,,,,
Achievements,94831,41337,Manual Handling Short Course,,09/06/2015,09/06/2015,09/06/2020,Thai Poultry Veterinary Association,,,,,
Achievements,94831,41338,Poultry Welfare Short Course,,10/06/2015,10/06/2015,10/06/2020,Thai Poultry Veterinary Association,,,,,
Achievements,94831,41341,First Aid Qualification,,02/09/2015,02/09/2015,02/09/2020,Thai Red Cross,,,,,
Achievements,94831,41342,Level 3 Diploma in Work-based Agriculture or Equivalent,,18/03/1999,18/03/1999,,0,,,,,
Achievements,94832,41335,Health & Safety Short Course,,29/09/2016,29/09/2016,29/09/2021,Thai Poultry Veterinary Association,,,,,
Achievements,94832,41336,Hygiene & Biosecurity Short Course,,09/06/2015,09/06/2015,09/06/2020,Thai Poultry Veterinary Association,,,,,
Achievements,94832,41337,Manual Handling Short Course,,09/06/2015,09/06/2015,09/06/2020,Thai Poultry Veterinary Association,,,,,
Achievements,94832,41338,Poultry Welfare Short Course,,10/06/2015,10/06/2015,10/06/2020,Thai Poultry Veterinary Association,,,,,
Achievements,94832,41341,First Aid Qualification,,02/09/2015,02/09/2015,02/09/2020,Thai Poultry Veterinary Association,,,,,
Achievements,94832,41342,Level 3 Diploma in Work-based Agriculture or Equivalent,,09/08/2005,09/08/2005,,0,,,,,
Achievements,94833,41335,Health & Safety Short Course,,29/09/2016,29/09/2016,29/09/2021,Thai Poultry Veterinary Association,,,,,
Achievements,94833,41336,Hygiene & Biosecurity Short Course,,09/06/2015,09/06/2015,09/06/2020,Thai Poultry Veterinary Association,,,,,
Achievements,94833,41337,Manual Handling Short Course,,09/06/2015,09/06/2015,08/06/2020,Thai Poultry Veterinary Association,,,,,
Achievements,94833,41338,Poultry Welfare Short Course,,10/06/2015,10/06/2015,10/06/2020,Thai Poultry Veterinary Association,,,,,
Achievements,94833,41341,First Aid Qualification,,02/09/2015,02/09/2015,02/09/2020,Thai Red Cross,,,,,
Achievements,94833,41342,Level 3 Diploma in Work-based Agriculture or Equivalent,,16/05/2004,16/05/2004,,Rajamangala Institute of Technology,,,,,
Achievements,94834,41335,Health & Safety Short Course,,29/09/2016,29/09/2016,29/09/2021,Thai Poultry Veterinary Association,,,,,
Achievements,94834,41336,Hygiene & Biosecurity Short Course,,09/06/2015,09/06/2015,09/06/2020,Thai Poultry Veterinary Association,,,,,
Achievements,94834,41337,Manual Handling Short Course,,09/06/2015,09/06/2015,09/06/2020,Thai Poultry Veterinary Association,,,,,
Achievements,94834,41338,Poultry Welfare Short Course,,10/06/2015,10/06/2015,10/06/2020,Thai Poultry Veterinary Association,,,,,
Achievements,94834,41341,First Aid Qualification,,02/09/2015,02/09/2015,02/09/2020,Thai Red Cross,,,,,
Achievements,94834,41342,Level 3 Diploma in Work-based Agriculture or Equivalent,,10/04/2003,10/04/2003,,Suranaree University of Technology,,,,,
Achievements,106307,41335,Health & Safety Short Course,,24/11/2016,24/11/2016,24/11/2021,Thai Poultry Veterinary Association,,,,,
Achievements,106307,41336,Hygiene & Biosecurity Short Course,,31/03/2016,31/03/2016,31/03/2021,Thai Poultry Veterinary Association,,,,,
Achievements,106307,41337,Manual Handling Short Course,,31/03/2016,31/03/2016,31/03/2021,Thai Poultry Veterinary Association,,,,,
Achievements,106307,41338,Poultry Welfare Short Course,,30/03/2016,30/03/2016,30/03/2021,Thai Poultry Veterinary Association,,,,,
Achievements,106307,41341,First Aid Qualification,,21/09/2014,21/09/2014,21/09/2019,Thai Red Cross,,,,,
Achievements,106307,41342,Level 3 Diploma in Work-based Agriculture or Equivalent,,25/04/2012,25/04/2012,,Chulalongkorn University,,,,,
Achievements,106308,41335,Health & Safety Short Course,,25/10/2016,25/10/2016,25/10/2021,Thai Poultry Veterinary Association,,,,,
Achievements,106308,41336,Hygiene & Biosecurity Short Course,,31/03/2016,31/03/2016,31/03/2021,Thai Poultry Veterinary Association,,,,,
Achievements,106308,41337,Manual Handling Short Course,,31/03/2016,31/03/2016,31/03/2021,Thai Poultry Veterinary Association,,,,,
Achievements,106308,41338,Poultry Welfare Short Course,,30/03/2016,30/03/2016,30/03/2021,Thai Poultry Veterinary Association,,,,,
Achievements,106308,41341,First Aid Qualification,,03/09/2015,03/09/2015,03/09/2020,Thai Red Cross,,,,,
Achievements,106308,41342,Level 3 Diploma in Work-based Agriculture or Equivalent,,23/05/2009,23/05/2009,,Chiang Mai University,,,,,
Achievements,106309,41335,Health & Safety Short Course,,25/10/2016,25/10/2016,25/10/2021,Thai Poultry Veterinary Association,,,,,
Achievements,106309,41336,Hygiene & Biosecurity Short Course,,31/03/2016,31/03/2016,31/03/2021,Thai Poultry Veterinary Association,,,,,
Achievements,106309,41337,Manual Handling Short Course,,31/03/2016,31/03/2016,31/03/2021,Thai Poultry Veterinary Association,,,,,
Achievements,106309,41338,Poultry Welfare Short Course,,30/03/2016,30/03/2016,30/03/2021,Thai Poultry Veterinary Association,,,,,
Achievements,106309,41341,First Aid Qualification,,14/09/2015,14/09/2015,14/09/2020,Thai Red Cross,,,,,
Achievements,106309,41342,Level 3 Diploma in Work-based Agriculture or Equivalent,,07/03/1998,07/03/1998,,Rajamangala Institute of Technology,,,,,
Achievements,106310,41335,Health & Safety Short Course,,25/10/2016,25/10/2016,25/10/2021,Thai Poultry Veterinary Association,,,,,
Achievements,106310,41336,Hygiene & Biosecurity Short Course,,31/03/2016,31/03/2016,31/03/2021,Thai Poultry Veterinary Association,,,,,
Achievements,106310,41337,Manual Handling Short Course,,31/03/2016,31/03/2016,31/03/2021,Thai Poultry Veterinary Association,,,,,
Achievements,106310,41341,First Aid Qualification,,22/09/2014,22/09/2014,22/09/2019,Thai Red Cross,,,,,
Achievements,106310,,Level 3 Diploma in Work-based Agriculture,,08/07/2015,08/07/2015,,0,,,,,
Achievements,106311,41335,Health & Safety Short Course,,25/10/2016,25/10/2016,25/10/2021,Thai Poultry Veterinary Association,,,,,
Achievements,106311,41336,Hygiene & Biosecurity Short Course,,31/03/2016,31/03/2016,31/03/2021,Thai Poultry Veterinary Association,,,,,
Achievements,106311,41337,Manual Handling Short Course,,31/03/2016,31/03/2016,31/03/2021,Thai Poultry Veterinary Association,,,,,
Achievements,106311,41338,Poultry Welfare Short Course,,30/03/2016,30/03/2016,30/03/2021,Thai Poultry Veterinary Association,,,,,
Achievements,106311,41341,First Aid Qualification,,22/09/2014,22/09/2014,22/09/2019,Thai Red Cross,,,,,
Achievements,106311,,Level 3 Diploma in Work-based Agriculture,,09/03/2008,09/03/2008,,0,,,,,
Achievements,106315,41335,Health & Safety Short Course,,27/07/2017,27/07/2017,27/07/2022,Thai Poultry Veterinary Association,,,,,
Achievements,106315,41336,Hygiene & Biosecurity Short Course,,26/07/2017,26/07/2017,26/07/2022,Thai Poultry Veterinary Association,,,,,
Achievements,106315,41337,Manual Handling Short Course,,26/07/2017,26/07/2017,26/07/2022,Thai Poultry Veterinary Association,,,,,
Achievements,106315,41338,Poultry Welfare Short Course,,27/07/2017,27/07/2017,27/07/2022,Thai Poultry Veterinary Association,,,,,
Achievements,106315,41341,First Aid Qualification,,22/09/2014,22/09/2014,22/09/2019,Thai Red Cross,,,,,
Achievements,106315,,Level 3 Diploma in Work-based Agriculture,,30/03/2015,30/03/2015,,0,,,,,
Achievements,106316,41335,Health & Safety Short Course,,27/07/2017,27/07/2017,27/07/2022,Thai Poultry Veterinary Association,,,,,
Achievements,106316,41336,Hygiene & Biosecurity Short Course,,26/07/2017,26/07/2017,26/07/2021,Thai Poultry Veterinary Association,,,,,
Achievements,106316,41337,Manual Handling Short Course,,26/07/2017,26/07/2017,26/07/2022,Thai Poultry Veterinary Association,,,,,
Achievements,106316,41338,Poultry Welfare Short Course,,27/07/2017,27/07/2017,27/07/2022,Thai Poultry Veterinary Association,,,,,
Achievements,106316,41341,First Aid Qualification,,14/09/2015,14/09/2015,14/09/2020,Thai Red Cross,,,,,
Achievements,106316,,Bachelor of Science (Animal Science),,16/05/2016,16/05/2016,,Rajamangala University of Technology,,,,,
Achievements,106317,41335,Health & Safety Short Course,,27/07/2017,27/07/2017,27/07/2022,Thai Poultry Veterinary Association,,,,,
Achievements,106317,41336,Hygiene & Biosecurity Short Course,,26/07/2017,26/07/2017,26/07/2022,Thai Poultry Veterinary Association,,,,,
Achievements,106317,41337,Manual Handling Short Course,,26/07/2017,26/07/2017,26/07/2022,Thai Poultry Veterinary Association,,,,,
Achievements,106317,41338,Poultry Welfare Short Course,,27/07/2017,27/07/2017,27/07/2022,Thai Poultry Veterinary Association,,,,,
Achievements,106317,41341,First Aid Qualification,,14/09/2015,14/09/2015,14/09/2020,Thai Red Cross,,,,,
Achievements,106317,41342,Level 3 Diploma in Work-based Agriculture or Equivalent,,01/07/1988,01/07/1988,,Sukhothai Thammathirat Open University,,,,,
Achievements,106318,41335,Health & Safety Short Course,,27/07/2017,27/07/2017,27/07/2022,Thai Poultry Veterinary Association,,,,,
Achievements,106318,41336,Hygiene & Biosecurity Short Course,,26/07/2017,26/07/2017,26/07/2022,Thai Poultry Veterinary Association,,,,,
Achievements,106318,41337,Manual Handling Short Course,,26/07/2017,26/07/2017,26/07/2022,Thai Poultry Veterinary Association,,,,,
Achievements,106318,41338,Poultry Welfare Short Course,,27/07/2017,27/07/2017,27/07/2022,Thai Poultry Veterinary Association,,,,,
Achievements,106318,41341,First Aid Qualification,,22/09/2014,22/09/2014,22/09/2019,Thai Red Cross,,,,,
Achievements,106318,41342,Level 3 Diploma in Work-based Agriculture or Equivalent,,15/03/2001,15/03/2001,,0,,,,,
Achievements,106319,41335,Health & Safety Short Course,,27/07/2017,27/07/2017,27/07/2022,Thai Poultry Veterinary Association,,,,,
Achievements,106319,41336,Hygiene & Biosecurity Short Course,,26/07/2017,26/07/2017,26/07/2022,Thai Poultry Veterinary Association,,,,,
Achievements,106319,41337,Manual Handling Short Course,,26/07/2017,26/07/2017,26/07/2022,Thai Poultry Veterinary Association,,,,,
Achievements,106319,41338,Poultry Welfare Short Course,,25/07/2017,25/07/2017,25/07/2022,Thai Poultry Veterinary Association,,,,,
Achievements,106319,41341,First Aid Qualification,,22/09/2014,22/09/2014,22/09/2019,Thai Red Cross,,,,,
Achievements,106319,41342,Level 3 Diploma in Work-based Agriculture or Equivalent,,08/03/1991,08/03/1991,,Rajamangala Institute of Technology,,,,,
Achievements,106320,41335,Health & Safety Short Course,,27/07/2017,27/07/2017,27/07/2022,Thai Poultry Veterinary Association,,,,,
Achievements,106320,41336,Hygiene & Biosecurity Short Course,,26/07/2017,26/07/2017,26/07/2022,Thai Poultry Veterinary Association,,,,,
Achievements,106320,41337,Manual Handling Short Course,,26/07/2017,26/07/2017,26/07/2022,Thai Poultry Veterinary Association,,,,,
Achievements,106320,41338,Poultry Welfare Short Course,,27/07/2017,27/07/2017,27/07/2022,Thai Poultry Veterinary Association,,,,,
Achievements,106320,41341,First Aid Qualification,,22/09/2014,22/09/2014,22/08/2019,Thai Red Cross,,,,,
Achievements,106320,41342,Level 3 Diploma in Work-based Agriculture or Equivalent,,10/03/2002,10/03/2002,,0,,,,,
Achievements,106324,41335,Health & Safety Short Course,,27/07/2017,27/07/2017,27/07/2022,Thai Poultry Veterinary Association,,,,,
Achievements,106324,41336,Hygiene & Biosecurity Short Course,,26/07/2017,26/07/2017,26/07/2022,Thai Poultry Veterinary Association,,,,,
Achievements,106324,41337,Manual Handling Short Course,,26/07/2017,26/07/2017,26/07/2022,Thai Poultry Veterinary Association,,,,,
Achievements,106324,41338,Poultry Welfare Short Course,,27/07/2017,27/07/2017,27/07/2022,Thai Poultry Veterinary Association,,,,,
Achievements,106324,41341,First Aid Qualification,,14/09/2015,14/09/2015,14/09/2020,Thai Red Cross,,,,,
Achievements,106324,41342,Level 3 Diploma in Work-based Agriculture or Equivalent,,06/12/2002,06/12/2002,,King Mongkut's Institute of Technology,,,,,
Achievements,94674,41338,Poultry Welfare Short Course,,27/08/2014,27/08/2014,27/08/2019,Poultec Training,,,,,
Achievements,94710,41336,Hygiene & Biosecurity Short Course,,26/06/2014,26/06/2014,26/06/2019,WFT Academy,,,,,
Achievements,94710,41338,Poultry Welfare Short Course,,16/09/2013,16/09/2013,16/09/2018,WFT Academy,,,,,
Achievements,94730,,Basic Life Support Training Session,,19/01/2015,19/01/2015,19/01/2020,Saint Mary's Hospital,,,,,
Achievements,94730,41336,Hygiene & Biosecurity Short Course,,08/04/2015,08/04/2015,08/04/2020,Thai Poultry Veterinary Association,,,,,
Achievements,94730,41337,Manual Handling Short Course,,07/04/2015,07/04/2015,07/04/2020,Thai Poultry Veterinary Association,,,,,
Achievements,94730,41338,Poultry Welfare Short Course,,07/04/2015,07/04/2015,07/04/2020,Thai Poultry Veterinary Association,,,,,
Achievements,94788,,GAP of Hatchery for Agriculturist,,28/01/2011,28/01/2011,,Department of Livestock Development,,,,,
Achievements,94788,,Compartment Management of Hatchery for Agriculturist,,27/02/2009,27/02/2009,,Department of Livestock Development,,,,,
Achievements,94788,,Safety Officer at Executive Level,,17/08/2012,17/08/2012,17/08/2017,CPF Training Center,,,,,
Achievements,94788,,Safety Committee,,23/01/2009,23/01/2009,23/01/2014,Provider of Ministry of Labour,,,,,
Achievements,94788,,GMP/HACCP,,18/09/2003,19/09/2003,19/09/2008,CPFT Training Center,,,,,
Achievements,94788,,Internal Audit,,28/11/2006,29/11/2006,29/11/2011,CPF Training Center,,,,,
Achievements,94788,,Pest Control,,20/11/2013,20/11/2013,20/11/2018,Advance Group Asia Co Ltd.,,,,,
Achievements,94788,,Pest Control,,20/11/2013,20/11/2013,20/11/2018,Advance Group Asia Co Ltd.,,,,,
Achievements,94788,,Advanced Technical Fire Fighting of Fire in a Building,,24/06/2011,25/06/2011,25/06/2016,Fire and Rescue Department,,,,,
Achievements,94788,,Internal Audit Thai Labor Standard 8001-2003,,27/11/2009,27/11/2009,27/11/2014,Finix Consulting Group Co Ltd,,,,,
Achievements,94788,41336,Hygiene & Biosecurity Short Course,,25/03/2015,25/03/2015,25/03/2020,Thai Poultry Veterinary Assocation,,,,,
Achievements,94788,41337,Manual Handling Short Course,,25/03/2015,25/03/2015,25/03/2020,Thai Poultry Veterinary Assocation,,,,,
Achievements,94788,41338,Poultry Welfare Short Course,,24/03/2015,24/03/2015,24/03/2020,Thai Poultry Veterinary Assocation,,,,,
Achievements,94788,41342,Level 3 Diploma in Work-based Agriculture or Equivalent,,18/04/2000,18/04/2000,,Silpakorn University,,,,,
Achievements,95156,,ISO 9001:2008 & Internal Audit Training Course,,20/10/2009,21/10/2009,21/10/2014,Moody International,,,,,
Achievements,95156,,GMP - HACCP & Internal Auditor Course,,10/02/2010,11/02/2010,11/02/2015,HPRO (Thailand) Co Ltd,,,,,
Achievements,95156,,Safety Committee,,08/12/2011,08/12/2011,08/12/2016,CPF Training Center,,,,,
Achievements,95156,,Safety Course to Operate in Confined Spaces,,24/09/2012,26/09/2012,26/09/2017,Thai Safety and Training Co Ltd,,,,,
Achievements,95156,41336,Hygiene & Biosecurity Short Course,,25/03/2015,25/03/2015,25/03/2020,Thai Poultry Veterinary Association,,,,,
Achievements,95156,41337,Manual Handling Short Course,,24/03/2015,24/03/2015,24/03/2020,Thai Poultry Veterinary Association,,,,,
Achievements,95156,41338,Poultry Welfare Short Course,,07/04/2015,07/04/2015,07/04/2020,Thai Poultry Veterinary Association,,,,,
Achievements,95156,41341,First Aid Qualification,,09/02/2015,09/02/2015,09/02/2020,Thai Heart Foundation,,,,,
Achievements,95156,41342,Level 3 Diploma in Work-based Agriculture or Equivalent,,26/04/1993,26/04/1993,,Sukhothai Thammathirat University,,,,,
Achievements,95157,,Safety Committee,,25/04/2014,25/04/2014,25/04/2019,CPF Training Center,,,,,
Achievements,95157,,GMP/HACCP Internal Audit,,06/02/2014,06/02/2014,06/02/2019,Intertek,,,,,
Achievements,95157,,GAP of Broiler Breeder Chicken Farm for Agriculturist,,16/01/2014,16/01/2014,16/01/2019,Department of Livestock Development,,,,,
Achievements,95157,,ISO 9001:2008 Requirement,,19/07/2013,19/07/2013,19/07/2018,Intertek,,,,,
Achievements,95157,,GMP/HACCP Requirement,,20/07/2013,20/07/2013,20/07/2018,Intertek,,,,,
Achievements,95157,,Safety Officer Supervisor Level,,16/07/2013,16/07/2013,16/07/2018,CPF Training Center,,,,,
Achievements,95157,41338,Poultry Welfare Short Course,,07/04/2015,07/04/2015,07/04/2020,Animal Welfare Training,,,,,
Achievements,95157,41341,First Aid Qualification,,21/07/2015,21/07/2015,21/07/2020,Thai Heart Foundation,,,,,
Achievements,95157,41342,Level 3 Diploma in Work-based Agriculture or Equivalent,,03/03/2013,03/03/2013,,Songkla University,,,,,
Achievements,95176,,First Aid and Health Care,,24/06/2015,24/06/2015,24/06/2020,Thai Red Cross Society,,,,,
Achievements,95176,41336,Hygiene & Biosecurity Short Course,,25/03/2015,25/03/2015,25/03/2020,Thai Poultry Veterinary Association,,,,,
Achievements,95176,41337,Manual Handling Short Course,,25/03/2015,25/03/2015,25/03/2020,Thai Poultry Veterinary Association,,,,,
Achievements,95176,41338,Poultry Welfare Short Course,,24/03/2015,24/03/2015,24/03/2020,Thai Poultry Veterinary Association,,,,,
Achievements,95234,,Safety Officer Supervisor Level,,25/07/2014,25/07/2014,25/07/2019,CPF Training Center,,,,,
Achievements,95234,,ISO 9001:2008 Requirement,,19/07/2013,19/07/2013,19/07/2018,Intertek,,,,,
Achievements,95234,,ISO 9001:2008 Internal Audit,,22/07/2014,22/07/2014,22/07/2019,Intertek,,,,,
Achievements,95234,,GMP/HACCP Requirement,,23/07/2014,23/07/2014,23/07/2019,Intertek,,,,,
Achievements,95234,,GMP/HACCP Internal Audit,,06/02/2014,06/02/2014,06/02/2019,Intertek,,,,,
Achievements,95234,,GAP of Broiler Breeder Chicken Farm for Agriculturist,,23/01/2013,23/01/2013,23/01/2018,Department of Livestock Development,,,,,
Achievements,95234,41336,Hygiene & Biosecurity Short Course,,25/03/2015,25/03/2015,25/03/2020,Thai Poultry Veterinary Association,,,,,
Achievements,95234,41337,Manual Handling Short Course,,24/03/2015,24/03/2015,24/03/2020,Thai Poultry Veterinary Association,,,,,
Achievements,95234,41338,Poultry Welfare Short Course,,07/04/2015,07/04/2015,07/04/2020,Thai Poultry Veterinary Association,,,,,
Achievements,95234,41341,First Aid Qualification,,09/02/2015,09/02/2015,09/02/2020,Thai Heart Foundation,,,,,
Achievements,95234,41342,Level 3 Diploma in Work-based Agriculture or Equivalent,,18/05/2012,18/05/2012,,Rajamanala University of Technology Tawan-ok,,,,,
Achievements,95334,,ISO 9001:2008 Internal Auditor Training Course,,15/10/2009,15/10/2009,15/10/2014,Moody International,,,,,
Achievements,95334,,Pest Control,,09/01/2009,09/01/2009,09/01/2014,Department of Livestock Development,,,,,
Achievements,95334,,Productivty Manager Development,,13/05/2009,13/05/2009,13/05/2014,CPF Training Center,,,,,
Achievements,95334,,Safety Officer at the Level of Executive,,29/04/2011,29/04/2011,29/04/2016,CPF Training Center,,,,,
Achievements,95334,,Safety Course to Operate in Confined Spaces,,15/08/2011,17/08/2011,17/08/2016,Thai Safety and Training Co Ltd,,,,,
Achievements,95334,,Compartment Management of the Hatchery of Poultry for Agriculturist,,17/05/2012,17/05/2012,17/05/2017,Department of Livestock Development,,,,,
Achievements,95334,,GAP of Broiler Breeder Chicken Farm for Agriculturist,,23/01/2013,23/01/2013,23/01/2018,Department of Livestock Development,,,,,
Achievements,95334,,GAP of Breeder Chicken Farm for Agriculturist,,16/01/2014,16/01/2014,16/01/2019,Department of Livestock Development,,,,,
Achievements,95334,,Safety Officer at the Level of Executive,,29/04/2011,29/04/2011,29/04/2016,CPF Training Center,,,,,
Achievements,95334,,Safety Course to Operate in Confined Spaces,,15/08/2011,17/08/2011,17/08/2016,Thai Safety and Training Co Ltd,,,,,
Achievements,95334,41336,Hygiene & Biosecurity Short Course,,29/04/2015,29/04/2015,29/04/2020,Thai Poultry Veterinary Association,,,,,
Achievements,95334,41337,Manual Handling Short Course,,29/04/2015,29/04/2015,29/04/2020,Thai Poultry Veterinary Association,,,,,
Achievements,95334,41338,Poultry Welfare Short Course,,07/04/2015,07/04/2015,07/04/2020,Thai Poultry Veterinary Association,,,,,
Achievements,95334,41341,First Aid Qualification,,09/02/2015,09/02/2015,09/02/2020,Thai Heart Foundation,,,,,
Achievements,95334,41342,Level 3 Diploma in Work-based Agriculture or Equivalent,,22/03/2004,22/03/2004,,Khon Kaen University,,,,,
Achievements,95776,,First Aid and Health Care,,29/06/2015,29/06/2015,29/06/2020,Thai Red Cross Society,,,,,
Achievements,95203,41335,Health & Safety Short Course,,25/11/2016,25/11/2016,25/11/2021,Thai Poultry Veterinary Association,,,,,
Achievements,95203,41336,Hygiene & Biosecurity Short Course,,17/06/2016,17/06/2016,17/06/2021,Thai Poultry Veterinary Association,,,,,
Achievements,95203,41337,Manual Handling Short Course,,17/06/2016,17/06/2016,17/06/2021,Thai Poultry Veterinary Association,,,,,
Achievements,95203,41338,Poultry Welfare Short Course,,16/06/2016,16/06/2016,16/06/2021,Thai Poultry Veterinary Association,,,,,
Achievements,95345,41335,Health & Safety Short Course,,29/09/2016,29/09/2016,29/09/2021,Thai Poultry Veterinary Association,,,,,
Achievements,96080,41335,Health & Safety Short Course,,25/10/2016,25/10/2016,25/10/2021,Thai Poultry Veterinary Association,,,,,
Achievements,96086,41335,Health & Safety Short Course,,25/10/2016,25/10/2016,25/10/2021,Thai Poultry Veterinary Association,,,,,
Achievements,96087,41335,Health & Safety Short Course,,29/09/2016,29/09/2016,29/09/2021,Thai Poultry Veterinary Association,,,,,
Achievements,96149,41335,Health & Safety Short Course,,25/11/2016,25/11/2016,25/11/2021,Thai Poultry Veterinary Association,,,,,
Achievements,95208,41335,Health & Safety Short Course,,24/11/2016,24/11/2016,24/11/2021,Thai Poultry Veterinary Association,,,,,
Achievements,95208,41336,Hygiene & Biosecurity Short Course,,17/06/2016,17/06/2016,17/06/2021,Thai Poultry Veterinary Association,,,,,
Achievements,95208,41337,Manual Handling Short Course,,17/06/2016,17/06/2016,17/06/2021,Thai Poultry Veterinary Association,,,,,
Achievements,95208,41338,Poultry Welfare Short Course,,16/06/2016,16/06/2016,16/06/2021,Thai Poultry Veterinary Association,,,,,
Achievements,95211,41335,Health & Safety Short Course,,25/11/2016,25/11/2016,25/11/2021,Thai Poultry Veterinary Association,,,,,
Achievements,95211,41336,Hygiene & Biosecurity Short Course,,17/06/2016,17/06/2016,17/06/2021,Thai Poultry Veterinary Association,,,,,
Achievements,95211,41337,Manual Handling Short Course,,17/06/2016,17/06/2016,17/06/2021,Thai Poultry Veterinary Association,,,,,
Achievements,95211,41338,Poultry Welfare Short Course,,16/06/2016,16/06/2016,16/06/2021,Thai Poultry Veterinary Association,,,,,
Achievements,105090,41335,Health & Safety Short Course,,27/07/2017,27/07/2017,27/07/2022,Thai Poultry Veterinary Association,,,,,
Achievements,105090,41336,Hygiene & Biosecurity Short Course,,26/07/2017,26/07/2017,26/07/2022,Thai Poultry Veterinary Association,,,,,
Achievements,105090,41337,Manual Handling Short Course,,26/07/2017,26/07/2017,26/07/2022,Thai Poultry Veterinary Association,,,,,
Achievements,105090,41338,Poultry Welfare Short Course,,27/07/2017,27/07/2017,27/07/2022,Thai Poultry Veterinary Association,,,,,
Achievements,105091,41335,Health & Safety Short Course,,27/07/2017,27/07/2017,27/07/2022,Thai Poultry Veterinary Association,,,,,
Achievements,105091,41336,Hygiene & Biosecurity Short Course,,23/11/2017,23/11/2017,23/11/2022,Thai Poultry Veterinary Association,,,,,
Achievements,105091,41337,Manual Handling Short Course,,24/11/2017,24/11/2017,24/11/2022,Thai Poultry Veterinary Association,,,,,
Achievements,105091,41338,Poultry Welfare Short Course,,23/11/2017,23/11/2017,23/11/2022,Thai Poultry Veterinary Association,,,,,
Achievements,96082,41335,Health & Safety Short Course,,29/09/2016,29/09/2016,28/09/2021,Thai Poultry Veterinary Association,,,,,
Achievements,96084,41335,Health & Safety Short Course,,25/10/2016,25/10/2016,25/10/2021,Thai Poultry Veterinary Association,,,,,
Achievements,96084,41341,First Aid Qualification,,23/06/2015,23/06/2015,23/06/2020,The Thai Red Cross Society,,,,,
Achievements,95206,41335,Health & Safety Short Course,,25/10/2016,25/10/2016,25/10/2021,Thai Poultry Veterinary Association,,,,,
Achievements,95209,41335,Health & Safety Short Course,,25/10/2016,25/10/2016,25/10/2021,Thai Poultry Veterinary Association,,,,,
Achievements,95209,41336,Hygiene & Biosecurity Short Course,,17/06/2016,17/06/2016,17/06/2021,Thai Poultry Veterinary Association,,,,,
Achievements,95209,41337,Manual Handling Short Course,,17/06/2016,17/06/2016,17/06/2021,Thai Poultry Veterinary Association,,,,,
Achievements,95209,41338,Poultry Welfare Short Course,,16/06/2016,16/06/2016,16/06/2021,Thai Poultry Veterinary Association,,,,,
Achievements,96078,41335,Health & Safety Short Course,,29/09/2016,29/09/2016,29/09/2021,Thai Poultry Veterinary Association,,,,,
Achievements,96088,41335,Health & Safety Short Course,,29/09/2016,29/09/2016,29/09/2021,Thai Poultry Veterinary Association,,,,,
Achievements,96088,41341,First Aid Qualification,,23/06/2015,23/06/2015,23/06/2020,The Thai Red Cross Society,,,,,
Achievements,95212,41335,Health & Safety Short Course,,24/11/2016,24/11/2016,24/11/2021,Thai Poultry Veterinary Association,,,,,
Achievements,95213,41335,Health & Safety Short Course,,24/11/2016,24/11/2016,24/11/2021,Thai Poultry Veterinary Association,,,,,
Achievements,96094,41335,Health & Safety Short Course,,25/10/2016,25/10/2016,25/10/2021,Thai Poultry Veterinary Association,,,,,
Achievements,106920,41336,Hygiene & Biosecurity Short Course,,19/09/2018,19/09/2018,19/09/2023,GT Training,,,,,
Achievements,106920,41338,Poultry Welfare Short Course,,19/09/2018,19/09/2018,19/09/2023,GT Training,,,,,
Achievements,96095,41335,Health & Safety Short Course,,25/10/2016,25/10/2016,25/10/2021,Thai Poultry Veterinary Association,,,,,
Achievements,96095,41336,Hygiene & Biosecurity Short Course,,17/06/2016,17/06/2016,17/06/2021,Thai Poultry Veterinary Association,,,,,
Achievements,96095,41337,Manual Handling Short Course,,17/06/2016,17/06/2016,17/06/2021,Thai Poultry Veterinary Association,,,,,
Achievements,96095,41338,Poultry Welfare Short Course,,16/06/2016,16/06/2016,16/06/2021,Thai Poultry Veterinary Association,,,,,
Achievements,96095,41341,First Aid Qualification,,28/05/2015,28/05/2015,28/05/2020,Thai Red Cross Scoeity,,,,,
Achievements,96097,41335,Health & Safety Short Course,,27/07/2017,27/07/2017,27/07/2022,Thai Poultry Veterinary Association,,,,,
Achievements,96097,41336,Hygiene & Biosecurity Short Course,,26/07/2017,26/07/2017,26/07/2022,Thai Poultry Veterinary Association,,,,,
Achievements,96097,41337,Manual Handling Short Course,,26/07/2017,26/07/2017,26/07/2022,Thai Poultry Veterinary Association,,,,,
Achievements,96097,41338,Poultry Welfare Short Course,,27/07/2017,27/07/2017,27/07/2022,Thai Poultry Veterinary Association,,,,,
Achievements,96097,41341,First Aid Qualification,,28/05/2015,28/05/2015,28/05/2020,Thai Red Cross,,,,,
Achievements,96098,41335,Health & Safety Short Course,,24/11/2016,24/11/2016,24/11/2021,Thai Poultry Veterinary Association,,,,,
Achievements,96098,41336,Hygiene & Biosecurity Short Course,,17/06/2016,17/06/2016,17/06/2021,Thai Poultry Veterinary Association,,,,,
Achievements,96098,41337,Manual Handling Short Course,,17/06/2016,17/06/2016,17/06/2021,Thai Poultry Veterinary Association,,,,,
Achievements,96098,41338,Poultry Welfare Short Course,,16/06/2016,16/06/2016,16/06/2021,Thai Poultry Veterinary Association,,,,,
Achievements,96098,41341,First Aid Qualification,,28/05/2015,28/05/2015,28/05/2020,Thai Red Cross Society,,,,,
Achievements,96098,41342,Level 3 Diploma in Work-based Agriculture or Equivalent,,06/03/2006,06/03/2006,,Rajamangala University of Technology,,,,,
Achievements,96100,41335,Health & Safety Short Course,,29/09/2016,29/09/2016,29/09/2021,Thai Poultry Veterinary Association,,,,,
Achievements,96100,41336,Hygiene & Biosecurity Short Course,,17/06/2016,17/06/2016,17/06/2021,Thai Poultry Veterinary Association,,,,,
Achievements,96100,41337,Manual Handling Short Course,,17/06/2016,17/06/2016,17/06/2021,Thai Poultry Veterinary Association,,,,,
Achievements,96100,41338,Poultry Welfare Short Course,,16/06/2016,16/06/2016,16/06/2021,Thai Poultry Veterinary Association,,,,,
Achievements,96100,41341,First Aid Qualification,,28/05/2015,28/05/2015,28/05/2020,Thai Red Cross Society,,,,,
Achievements,95227,41335,Health & Safety Short Course,,25/10/2016,25/10/2016,25/10/2021,Thai Poultry Veterinary Association,,,,,
Achievements,95227,41336,Hygiene & Biosecurity Short Course,,13/11/2015,13/11/2015,13/11/2020,Thai Poultry Veterinary Association,,,,,
Achievements,95227,41337,Manual Handling Short Course,,13/11/2015,13/11/2015,13/11/2020,Thai Poultry Veterinary Association,,,,,
Achievements,95227,41338,Poultry Welfare Short Course,,12/11/2015,12/11/2015,12/11/2020,Thai Poultry Veterinary Association,,,,,
Achievements,95227,41341,First Aid Qualification,,02/06/2017,02/06/2017,02/06/2022,Thai Red Cross,,,,,
Achievements,95235,,Safety Officer at the Level of Executive,,14/03/2014,14/03/2014,14/03/2019,CPF Training Center,,,,,
Achievements,95235,,ISO 9001:2008 Requirement,,21/07/2014,21/07/2014,21/07/2019,Intertek,,,,,
Achievements,95235,,ISO 9001:2008 Internal Audit,,22/07/2014,22/07/2014,22/07/2019,Intertek,,,,,
Achievements,95235,,GMP/HACCP Requirement,,23/07/2014,23/07/2014,23/07/2019,Intertek,,,,,
Achievements,95235,,GMP/HACCP Internal Audit,,24/07/2014,24/07/2014,24/07/2019,Intertek,,,,,
Achievements,95235,41336,Hygiene & Biosecurity Short Course,,08/04/2015,08/04/2015,08/04/2020,Thai Poultry Veterinary Association,,,,,
Achievements,95235,41337,Manual Handling Short Course,,07/04/2015,07/04/2015,07/04/2020,Thai Poultry Veterinary Association,,,,,
Achievements,95235,41338,Poultry Welfare Short Course,,07/04/2015,07/04/2015,07/04/2020,Thai Poultry Veterinary Association,,,,,
Achievements,95235,41341,First Aid Qualification,,09/02/2015,09/02/2015,09/02/2020,Thai Heart Foundation,,,,,
Achievements,95235,41342,Level 3 Diploma in Work-based Agriculture or Equivalent,,12/07/1996,12/07/1996,,Maejo University,,,,,
Achievements,95236,,ISO 9001:2008 Internal Audit,,22/07/2014,22/07/2014,22/07/2019,Intertek,,,,,
Achievements,95236,,GMP/HACCP Internal Audit,,06/02/2014,06/02/2014,06/02/2019,Intertek,,,,,
Achievements,95236,,GAP of Broiler Breeder Chicken Farm for Agriculturist,,16/01/2014,16/01/2014,16/01/2019,Department of Livestock Development,,,,,
Achievements,95236,,ISO 9001:2008 Requirement,,19/07/2013,19/07/2013,19/07/2018,Intertek,,,,,
Achievements,95236,,GMP/HACCP Requirement,,20/07/2013,20/07/2013,20/07/2018,Intertek,,,,,
Achievements,95236,,Safety Officer Supervisor Level,,16/07/2013,16/07/2013,16/07/2018,CPF Training Center,,,,,
Achievements,95236,,GAP of Broiler Chicken Farm for Agriculturist,,15/02/2012,15/02/2012,15/02/2017,Department of Livestock Development,,,,,
Achievements,95236,,GAP of Layer Chicken Farm for Agriculturist,,15/02/2012,15/02/2012,15/02/2017,Department of Livestock Development,,,,,
Achievements,95236,41336,Hygiene & Biosecurity Short Course,,13/11/2015,13/11/2015,13/11/2020,Thai Poultry Veterinary Association,,,,,
Achievements,95236,41337,Manual Handling Short Course,,13/11/2015,13/11/2015,13/11/2020,Thai Poultry Veterinary Association,,,,,
Achievements,95236,41338,Poultry Welfare Short Course,,12/11/2015,12/11/2015,12/11/2020,Thai Poultry Veterinary Association,,,,,
Achievements,95236,41341,First Aid Qualification,,21/07/2015,21/07/2015,21/07/2020,Thai Heart Foundation,,,,,
Achievements,95236,41342,Level 3 Diploma in Work-based Agriculture or Equivalent,,16/03/2012,16/03/2012,,Maejo University,,,,,
Achievements,95238,,Pest Control,,22/02/2007,22/02/2007,22/02/2012,Department of Livestock Development,,,,,
Achievements,95238,,ISO 9001:2008 & Internal Audit Training Course,,20/10/2009,21/10/2009,21/10/2014,Moody International,,,,,
Achievements,95238,,GMP - HACCP & Internal Auditor Course,,10/02/2010,11/02/2010,11/02/2015,HPRO (Thailand) Co Ltd,,,,,
Achievements,95238,,Productivety Manager Development,,18/03/2010,18/03/2010,18/03/2015,CPF Training Center,,,,,
Achievements,95238,,Safety Officer at the Level of Executive,,18/10/2011,18/10/2011,18/10/2016,CPF Training Center,,,,,
Achievements,95238,,Internal Audit for CPF SHE Management System,,02/02/2012,02/02/2012,03/02/2017,Charoen Pokphand Foods Public Company,,,,,
Achievements,95238,,Safety Committee,,11/09/2012,11/09/2012,11/09/2017,CPF Training Center,,,,,
Achievements,95238,41336,Hygiene & Biosecurity Short Course,,29/04/2015,29/04/2015,29/04/2020,Thai Poultry Veterinary Association,,,,,
Achievements,95238,41337,Manual Handling Short Course,,29/04/2015,29/04/2015,29/04/2020,Thai Poultry Veterinary Association,,,,,
Achievements,95238,41338,Poultry Welfare Short Course,,07/04/2015,07/04/2015,07/04/2020,Thai Poultry Veterinary Association,,,,,
Achievements,95238,41341,First Aid Qualification,,09/02/2015,09/02/2015,09/02/2020,Thai Heart Foundation,,,,,
Achievements,95238,41342,Level 3 Diploma in Work-based Agriculture or Equivalent,,23/05/2001,23/05/2001,,King Mongkut's Institute of Technology Ladkrabang,,,,,
Achievements,95240,,Safety Officer,,15/03/2014,16/03/2014,16/03/2019,CPF Training Center,,,,,
Achievements,95240,,ISO 9001:2008 Requirement,,19/07/2013,19/07/2013,19/07/2018,Intertek,,,,,
Achievements,95240,,GMP/HACCP Requirement,,20/07/2013,20/07/2013,20/07/2018,Intertek,,,,,
Achievements,95240,41336,Hygiene & Biosecurity Short Course,,10/06/2015,10/06/2015,10/06/2020,Thai Poultry Veterinary Association,,,,,
Achievements,95240,41337,Manual Handling Short Course,,10/06/2015,10/06/2015,10/06/2020,Thai Poultry Veterinary Association,,,,,
Achievements,95240,41338,Poultry Welfare Short Course,,10/06/2015,10/06/2015,10/06/2020,Thai Poultry Veterinary Association,,,,,
Achievements,95240,41342,Level 3 Diploma in Work-based Agriculture or Equivalent,,19/04/2013,19/04/2013,,Maejo University,,,,,
Achievements,96111,41335,Health & Safety Short Course,,25/10/2016,25/10/2016,25/10/2021,Thai Poultry Veterinary Association,,,,,
Achievements,96112,41335,Health & Safety Short Course,,25/10/2016,25/10/2016,25/10/2021,Thai Poultry Veterinary Association,,,,,
Achievements,96163,41335,Health & Safety Short Course,,25/10/2016,25/10/2016,25/10/2021,Thai Poultry Veterinary Association,,,,,
Achievements,95264,41335,Health & Safety Short Course,,27/07/2017,27/07/2017,27/07/2022,Thai Poultry Veterinary Association,,,,,
Achievements,95264,41336,Hygiene & Biosecurity Short Course,,26/07/2017,26/07/2017,26/07/2022,Thai Poultry Veterinary Association,,,,,
Achievements,95264,41337,Manual Handling Short Course,,26/07/2017,26/07/2017,26/07/2022,Thai Poultry Veterinary Association,,,,,
Achievements,95264,41338,Poultry Welfare Short Course,,27/07/2017,27/07/2017,27/07/2022,Thai Poultry Veterinary Association,,,,,
Achievements,96114,41335,Health & Safety Short Course,,24/11/2016,24/11/2016,24/11/2021,Thai Poultry Veterinary Association,,,,,
Achievements,96114,41336,Hygiene & Biosecurity Short Course,,08/04/2015,08/04/2015,08/04/2020,Thai Poultry Veterinary Association,,,,,
Achievements,96114,41337,Manual Handling Short Course,,07/04/2015,07/04/2015,07/04/2020,Thai Poultry Veterinary Association,,,,,
Achievements,96114,41338,Poultry Welfare Short Course,,07/04/2015,07/04/2015,07/04/2020,Thai Poultry Veterinary Association,,,,,
Achievements,104203,41335,Health & Safety Short Course,,25/10/2016,25/10/2016,25/10/2021,Thai Poultry Veterinary Association,,,,,
Achievements,104204,41335,Health & Safety Short Course,,25/10/2016,25/10/2016,25/10/2021,Thai Poultry Veterinary Association,,,,,
Achievements,103555,41335,Health & Safety Short Course,,24/11/2017,24/11/2017,24/11/2022,Thai Poultry Veterinary Association,,,,,
Achievements,103555,41336,Hygiene & Biosecurity Short Course,,23/11/2017,23/11/2017,23/11/2022,Thai Poultry Veterinary Association,,,,,
Achievements,103555,41337,Manual Handling Short Course,,24/11/2017,24/11/2017,24/11/2022,Thai Poultry Veterinary Association,,,,,
Achievements,103555,41338,Poultry Welfare Short Course,,23/11/2017,23/11/2017,23/11/2022,Thai Poultry Veterinary Association,,,,,
Achievements,95285,41335,Health & Safety Short Course,,29/09/2016,29/09/2016,29/09/2021,Thai Poultry Veterinary Association,,,,,
Achievements,95285,41336,Hygiene & Biosecurity Short Course,,08/04/2015,08/04/2015,08/04/2020,Thai Poultry Veterinary Association,,,,,
Achievements,95285,41337,Manual Handling Short Course,,07/04/2015,07/04/2015,07/04/2020,Thai Poultry Veterinary Association,,,,,
Achievements,95285,41338,Poultry Welfare Short Course,,07/04/2015,07/04/2015,07/04/2020,Thai Poultry Veterinary Association,,,,,
Achievements,95287,41335,Health & Safety Short Course,,29/09/2016,29/09/2016,29/09/2021,Thai Poultry Veterinary Association,,,,,
Achievements,95287,41336,Hygiene & Biosecurity Short Course,,13/11/2015,13/11/2015,13/11/2020,Thai Poultry Veterinary Association,,,,,
Achievements,95287,41337,Manual Handling Short Course,,13/11/2015,13/11/2015,13/11/2020,Thai Poultry Veterinary Association,,,,,
Achievements,95287,41338,Poultry Welfare Short Course,,12/11/2015,12/11/2015,12/11/2020,Thai Poultry Veterinary Association,,,,,
Achievements,103575,41335,Health & Safety Short Course,,27/07/2017,27/07/2017,27/07/2022,Thai Poultry Veterinary Association,,,,,
Achievements,103575,41336,Hygiene & Biosecurity Short Course,,26/07/2017,26/07/2017,26/07/2022,Thai Poultry Veterinary Association,,,,,
Achievements,103575,41337,Manual Handling Short Course,,26/07/2017,26/07/2017,26/07/2022,Thai Poultry Veterinary Association,,,,,
Achievements,103575,41338,Poultry Welfare Short Course,,27/07/2017,27/07/2017,27/07/2022,Thai Poultry Veterinary Association,,,,,
Achievements,95288,41335,Health & Safety Short Course,,24/11/2016,24/11/2016,24/11/2021,Thai Poultry Veterinary Association,,,,,
Achievements,95288,41336,Hygiene & Biosecurity Short Course,,08/04/2015,08/04/2015,08/04/2020,Thai Poultry Veterinary Association,,,,,
Achievements,95288,41337,Manual Handling Short Course,,07/04/2015,07/04/2015,07/04/2020,Thai Poultry Veterinary Association,,,,,
Achievements,95288,41338,Poultry Welfare Short Course,,07/04/2015,07/04/2015,07/04/2020,Thai Poultry Veterinary Association,,,,,
Achievements,95289,41335,Health & Safety Short Course,,24/11/2016,24/11/2016,24/11/2021,Thai Poultry Veterinary Association,,,,,
Achievements,95289,41336,Hygiene & Biosecurity Short Course,,29/04/2015,29/04/2015,29/04/2020,Thai Poultry Veterinary Association,,,,,
Achievements,95289,41337,Manual Handling Short Course,,29/04/2015,29/04/2015,29/04/2020,Thai Poultry Veterinary Association,,,,,
Achievements,95289,41338,Poultry Welfare Short Course,,28/04/2015,28/04/2015,28/04/2020,Thai Poultry Veterinary Association,,,,,
Achievements,95291,41335,Health & Safety Short Course,,24/11/2016,24/11/2016,24/11/2021,Thai Poultry Veterinary Association,,,,,
Achievements,95291,41336,Hygiene & Biosecurity Short Course,,08/04/2015,08/04/2015,08/04/2020,Thai Poultry Veterinary Association,,,,,
Achievements,95291,41337,Manual Handling Short Course,,07/04/2015,07/04/2015,07/04/2020,Thai Poultry Veterinary Association,,,,,
Achievements,95291,41338,Poultry Welfare Short Course,,07/04/2015,07/04/2015,07/04/2020,Thai Poultry Veterinary Association,,,,,
Achievements,95292,41336,Hygiene & Biosecurity Short Course,,25/03/2015,25/03/2015,25/03/2020,Thai Poultry Veterinary Association,,,,,
Achievements,95292,41337,Manual Handling Short Course,,25/03/2015,25/03/2015,25/03/2020,Thai Poultry Veterinary Association,,,,,
Achievements,95292,41338,Poultry Welfare Short Course,,24/03/2015,24/03/2015,24/03/2020,Thai Poultry Veterinary Association,,,,,
Achievements,103541,41336,Hygiene & Biosecurity Short Course,,28/08/2015,28/08/2015,28/08/2020,Thai Poultry Veterinary Association,,,,,
Achievements,103541,41337,Manual Handling Short Course,,28/08/2015,28/08/2015,28/08/2020,Thai Poultry Veterinary Association,,,,,
Achievements,103541,41338,Poultry Welfare Short Course,,27/08/2015,27/08/2015,27/08/2020,Thai Poultry Veterinary Association,,,,,
Achievements,103543,41335,Health & Safety Short Course,,27/07/2017,27/07/2017,27/07/2022,Thai Poultry Veterinary Association,,,,,
Achievements,103543,41336,Hygiene & Biosecurity Short Course,,26/07/2017,26/07/2017,26/07/2022,Thai Poultry Veterinary Association,,,,,
Achievements,103543,41337,Manual Handling Short Course,,26/07/2017,26/07/2017,26/07/2022,Thai Poultry Veterinary Association,,,,,
Achievements,103543,41338,Poultry Welfare Short Course,,27/07/2017,27/07/2017,27/07/2022,Thai Poultry Veterinary Association,,,,,
Achievements,103584,41335,Health & Safety Short Course,,27/07/2017,27/07/2017,27/07/2022,Thai Poultry Veterinary Association,,,,,
Achievements,103584,41336,Hygiene & Biosecurity Short Course,,26/07/2017,26/07/2017,26/07/2022,Thai Poultry Veterinary Association,,,,,
Achievements,103584,41337,Manual Handling Short Course,,27/07/2017,27/07/2017,27/07/2022,Thai Poultry Veterinary Association,,,,,
Achievements,103584,41338,Poultry Welfare Short Course,,27/07/2017,27/07/2017,27/07/2022,Thai Poultry Veterinary Association,,,,,
Achievements,94909,41336,Hygiene & Biosecurity Short Course,,13/11/2015,13/11/2015,13/11/2020,Thai Poultry Veterinary Association,,,,,
Achievements,94909,41337,Manual Handling Short Course,,13/11/2015,13/11/2015,13/11/2020,Thai Poultry Veterinary Association,,,,,
Achievements,94909,41338,Poultry Welfare Short Course,,12/11/2015,12/11/2015,12/11/2020,Thai Poultry Veterinary Association,,,,,
Achievements,95297,41335,Health & Safety Short Course,,24/11/2016,24/11/2016,24/11/2021,Thai Poultry Veterinary Association,,,,,
Achievements,96119,41335,Health & Safety Short Course,,24/11/2016,24/11/2016,24/11/2021,Thai Poultry Veterinary Association,,,,,
Achievements,105862,41335,Health & Safety Short Course,,24/11/2016,24/11/2016,24/11/2021,Thai Poultry Veterinary Association,,,,,
Achievements,105862,41336,Hygiene & Biosecurity Short Course,,26/07/2017,26/07/2017,26/07/2022,Thai Poultry Veterinary Association,,,,,
Achievements,105862,41337,Manual Handling Short Course,,26/07/2017,26/07/2017,26/07/2022,Thai Poultry Veterinary Association,,,,,
Achievements,105862,41338,Poultry Welfare Short Course,,27/07/2017,27/07/2017,27/07/2022,Thai Poultry Veterinary Association,,,,,
Achievements,95298,41335,Health & Safety Short Course,,24/11/2016,24/11/2016,24/11/2021,Thai Poultry Veterinary Association,,,,,
Achievements,95298,41336,Hygiene & Biosecurity Short Course,,08/04/2015,08/04/2015,08/04/2020,Thai Poultry Veterinary Association,,,,,
Achievements,95298,41337,Manual Handling Short Course,,07/04/2015,07/04/2015,07/04/2020,Thai Poultry Veterinary Association,,,,,
Achievements,95298,41338,Poultry Welfare Short Course,,07/04/2015,07/04/2015,07/04/2020,Thai Poultry Veterinary Association,,,,,
Achievements,96121,41335,Health & Safety Short Course,,24/11/2016,24/11/2016,24/11/2021,Thai Poultry Veterinary Association,,,,,
Achievements,96122,41335,Health & Safety Short Course,,27/07/2017,27/07/2017,27/07/2022,Thai Poultry Veterinary Association,,,,,
Achievements,96122,41336,Hygiene & Biosecurity Short Course,,26/07/2017,26/07/2017,26/07/2022,Thai Poultry Veterinary Association,,,,,
Achievements,96122,41337,Manual Handling Short Course,,26/07/2017,26/07/2017,26/07/2022,Thai Poultry Veterinary Association,,,,,
Achievements,96122,41338,Poultry Welfare Short Course,,27/07/2017,27/07/2017,27/07/2022,Thai Poultry Veterinary Association,,,,,
Achievements,105846,41335,Health & Safety Short Course,,27/07/2017,27/07/2017,27/07/2022,Thai Poultry Veterinary Association,,,,,
Achievements,105846,41336,Hygiene & Biosecurity Short Course,,26/07/2017,26/07/2017,26/07/2022,Thai Poultry Veterinary Association,,,,,
Achievements,105846,41337,Manual Handling Short Course,,26/07/2017,26/07/2017,26/07/2022,Thai Poultry Veterinary Association,,,,,
Achievements,105846,41338,Poultry Welfare Short Course,,27/07/2017,27/07/2017,27/07/2022,Thai Poultry Veterinary Association,,,,,
Achievements,95306,41335,Health & Safety Short Course,,27/07/2017,27/07/2017,27/07/2022,Thai Poultry Veterinary Association,,,,,
Achievements,95306,41336,Hygiene & Biosecurity Short Course,,13/11/2015,13/11/2015,13/11/2020,Thai Poultry Veterinary Association,,,,,
Achievements,95306,41337,Manual Handling Short Course,,13/11/2015,13/11/2015,13/11/2020,Thai Poultry Veterinary Association,,,,,
Achievements,95306,41338,Poultry Welfare Short Course,,12/11/2016,12/11/2016,12/11/2021,Thai Poultry Veterinary Association,,,,,
Achievements,95306,41341,First Aid Qualification,,28/05/2015,28/05/2015,28/05/2020,Thai Red Cross,,,,,
Achievements,104989,41335,Health & Safety Short Course,,27/07/2017,27/07/2017,27/07/2022,Thai Poultry Veterinary Association,,,,,
Achievements,104989,41336,Hygiene & Biosecurity Short Course,,13/11/2015,13/11/2015,13/11/2020,Thai Poultry Veterinary Association,,,,,
Achievements,104989,41337,Manual Handling Short Course,,13/11/2015,13/11/2015,13/11/2020,Thai Poultry Veterinary Association,,,,,
Achievements,104989,41338,Poultry Welfare Short Course,,12/11/2015,12/11/2015,12/11/2020,Thai Poultry Veterinary Association,,,,,
Achievements,104989,41341,First Aid Qualification,,28/05/2015,28/05/2015,28/05/2020,Thai Red Cross,,,,,
Achievements,96125,41335,Health & Safety Short Course,,27/07/2017,27/07/2017,27/07/2022,Thai Poultry Veterinary Association,,,,,
Achievements,96125,41336,Hygiene & Biosecurity Short Course,,17/06/2016,17/06/2016,17/06/2021,Thai Poultry Veterinary Association,,,,,
Achievements,96125,41337,Manual Handling Short Course,,17/06/2016,17/06/2016,17/06/2021,Thai Poultry Veterinary Association,,,,,
Achievements,96125,41338,Poultry Welfare Short Course,,16/06/2016,16/06/2016,16/06/2021,Thai Poultry Veterinary Association,,,,,
Achievements,96125,41341,First Aid Qualification,,23/01/2018,23/01/2018,23/01/2023,Thai Red Cross,,,,,
Achievements,95307,41335,Health & Safety Short Course,,29/09/2016,29/09/2016,29/09/2021,Thai Poultry Veterinary Association,,,,,
Achievements,95307,41336,Hygiene & Biosecurity Short Course,,17/06/2016,17/06/2016,17/06/2021,Thai Poultry Veterinary Association,,,,,
Achievements,95307,41337,Manual Handling Short Course,,17/06/2016,17/06/2016,17/06/2021,Thai Poultry Veterinary Association,,,,,
Achievements,95307,41338,Poultry Welfare Short Course,,16/06/2016,16/06/2016,16/06/2021,Thai Poultry Veterinary Association,,,,,
Achievements,95307,41341,First Aid Qualification,,07/09/2016,07/09/2016,07/09/2021,Thai Red Cross Society,,,,,
Achievements,95308,41335,Health & Safety Short Course,,29/09/2016,29/09/2016,29/09/2021,Thai Poultry Veterinary Association,,,,,
Achievements,95308,41336,Hygiene & Biosecurity Short Course,,17/06/2016,17/06/2016,17/06/2021,Thai Poultry Veterinary Association,,,,,
Achievements,95308,41337,Manual Handling Short Course,,17/06/2016,17/06/2016,17/06/2021,Thai Poultry Veterinary Association,,,,,
Achievements,95308,41338,Poultry Welfare Short Course,,16/06/2016,16/06/2016,16/06/2021,Thai Poultry Veterinary Association,,,,,
Achievements,95308,41341,First Aid Qualification,,28/05/2015,28/05/2015,28/05/2020,Thai Red Cross,,,,,
Achievements,104969,41335,Health & Safety Short Course,,24/11/2016,24/11/2016,24/11/2021,Thai Poultry Veterinary Association,,,,,
Achievements,104969,41336,Hygiene & Biosecurity Short Course,,17/06/2016,17/06/2016,17/06/2021,Thai Poultry Veterinary Association,,,,,
Achievements,104969,41337,Manual Handling Short Course,,17/06/2016,17/06/2016,17/06/2021,Thai Poultry Veterinary Association,,,,,
Achievements,104969,41338,Poultry Welfare Short Course,,16/06/2016,16/06/2016,16/06/2021,Thai Poultry Veterinary Association,,,,,
Achievements,104969,41341,First Aid Qualification,,02/06/2017,02/06/2017,02/06/2022,Thai Red Cross,,,,,
Achievements,95312,41335,Health & Safety Short Course,,27/07/2017,27/07/2017,27/07/2022,Thai Poultry Veterinary Association,,,,,
Achievements,95312,41336,Hygiene & Biosecurity Short Course,,28/08/2015,28/08/2015,28/08/2020,Thai Poultry Veterinary Association,,,,,
Achievements,95312,41337,Manual Handling Short Course,,28/08/2015,28/08/2015,28/08/2020,Thai Poultry Veterinary Association,,,,,
Achievements,95312,41338,Poultry Welfare Short Course,,27/08/2015,27/08/2015,27/08/2020,Thai Poultry Veterinary Association,,,,,
Achievements,95313,41335,Health & Safety Short Course,,25/11/2016,25/11/2016,25/11/2021,Thai Poultry Veterinary Association,,,,,
Achievements,105859,41335,Health & Safety Short Course,,27/07/2017,27/07/2017,27/07/2022,Thai Poultry Veterinary Association,,,,,
Achievements,105859,41336,Hygiene & Biosecurity Short Course,,26/07/2017,26/07/2017,26/07/2022,Thai Poultry Veterinary Association,,,,,
Achievements,105859,41337,Manual Handling Short Course,,26/07/2017,26/07/2017,26/07/2022,Thai Poultry Veterinary Association,,,,,
Achievements,105859,41338,Poultry Welfare Short Course,,27/07/2017,27/07/2017,27/07/2022,Thai Poultry Veterinary Association,,,,,
Achievements,96133,41335,Health & Safety Short Course,,29/09/2016,29/09/2016,29/09/2021,Thai Poultry Veterinary Association,,,,,
Achievements,96133,41336,Hygiene & Biosecurity Short Course,,08/07/2015,08/07/2015,08/07/2020,Thai Poultry Veterinary Association,,,,,
Achievements,96133,41337,Manual Handling Short Course,,08/07/2015,08/07/2015,08/07/2020,Thai Poultry Veterinary Association,,,,,
Achievements,96133,41338,Poultry Welfare Short Course,,07/07/2015,07/07/2015,07/07/2020,Thai Poultry Veterinary Association,,,,,
Achievements,99514,41335,Health & Safety Short Course,,17/10/2018,17/10/2018,17/10/2023,Thai Poultry Veterinary Association,,,,,
Achievements,99514,41336,Hygiene & Biosecurity Short Course,,17/06/2016,17/06/2016,17/06/2021,Thai Poultry Veterinary Association,,,,,
Achievements,99514,41337,Manual Handling Short Course,,17/06/2016,17/06/2016,17/06/2021,Thai Poultry Veterinary Association,,,,,
Achievements,99514,41338,Poultry Welfare Short Course,,16/06/2016,16/06/2016,16/06/2021,Thai Poultry Veterinary Association,,,,,
Achievements,111865,41335,Health & Safety Short Course,,17/10/2018,17/10/2018,17/10/2023,Thai Poultry Veterinary Association,,,,,
Achievements,111865,41336,Hygiene & Biosecurity Short Course,,17/10/2018,17/10/2018,17/10/2023,Thai Poultry Veterinary Association,,,,,
Achievements,111865,41337,Manual Handling Short Course,,18/10/2018,18/10/2018,18/10/2023,Thai Poultry Veterinary Association,,,,,
Achievements,111865,41338,Poultry Welfare Short Course,,18/10/2018,18/10/2018,18/10/2023,Thai Poultry Veterinary Association,,,,,
Achievements,111866,41335,Health & Safety Short Course,,17/10/2018,17/10/2018,17/10/2023,Thai Poultry Veterinary Association,,,,,
Achievements,111866,41337,Manual Handling Short Course,,18/10/2018,18/10/2018,18/10/2023,Thai Poultry Veterinary Association,,,,,
Achievements,111866,41338,Poultry Welfare Short Course,,18/10/2018,18/10/2018,18/10/2023,Thai Poultry Veterinary Association,,,,,
Achievements,96135,41336,Hygiene & Biosecurity Short Course,,08/07/2015,08/07/2015,08/07/2020,Thai Poultry Veterinary Association,,,,,
Achievements,96135,41337,Manual Handling Short Course,,08/07/2015,08/07/2015,08/07/2020,Thai Poultry Veterinary Association,,,,,
Achievements,96135,41338,Poultry Welfare Short Course,,07/07/2015,07/07/2015,07/07/2020,Thai Poultry Veterinary Association,,,,,
Achievements,95146,41335,Health & Safety Short Course,,27/07/2016,27/07/2017,27/07/2022,Thai Poultry Veterinary Association,,,,,
Achievements,95146,41336,Hygiene & Biosecurity Short Course,,08/04/2015,08/04/2015,08/04/2020,Thai Poultry Veterinary Association,,,,,
Achievements,95146,41337,Manual Handling Short Course,,07/04/2015,07/04/2015,07/04/2020,Thai Poultry Veterinary Association,,,,,
Achievements,95146,41338,Poultry Welfare Short Course,,07/04/2015,07/04/2015,07/04/2020,Thai Poultry Veterinary Association,,,,,
Achievements,96138,41335,Health & Safety Short Course,,29/09/2016,29/09/2016,29/09/2021,Thai Poultry Veterinary Association,,,,,
Achievements,96138,41336,Hygiene & Biosecurity Short Course,,29/04/2015,29/04/2015,29/04/2020,Thai Poultry Veterinary Association,,,,,
Achievements,96138,41337,Manual Handling Short Course,,29/04/2015,29/04/2015,29/04/2020,Thai Poultry Veterinary Association,,,,,
Achievements,96138,41338,Poultry Welfare Short Course,,28/04/2015,28/04/2015,28/04/2020,Thai Poultry Veterinary Association,,,,,
Achievements,106196,41335,Health & Safety Short Course,,27/07/2017,27/07/2017,27/07/2022,Thai Poultry Veterinary Association,,,,,
Achievements,106196,41336,Hygiene & Biosecurity Short Course,,29/04/2015,29/04/2015,29/04/2020,Thai Poultry Veterinary Association,,,,,
Achievements,106196,41337,Manual Handling Short Course,,29/04/2015,29/04/2015,29/04/2020,Thai Poultry Veterinary Association,,,,,
Achievements,106196,41338,Poultry Welfare Short Course,,28/04/2015,28/04/2015,28/04/2020,Thai Poultry Veterinary Association,,,,,
Achievements,111864,41335,Health & Safety Short Course,,17/10/2018,17/10/2018,17/10/2023,Thai Poultry Veterinary Association,,,,,
Achievements,111864,41336,Hygiene & Biosecurity Short Course,,17/10/2018,17/10/2018,17/10/2023,Thai Poultry Veterinary Association,,,,,
Achievements,111864,41337,Manual Handling Short Course,,18/10/2018,18/10/2018,18/10/2023,Thai Poultry Veterinary Association,,,,,
Achievements,111864,41338,Poultry Welfare Short Course,,18/10/2018,18/10/2018,18/10/2023,Thai Poultry Veterinary Association,,,,,
Achievements,95314,41335,Health & Safety Short Course,,25/10/2016,25/10/2016,25/10/2021,Thai Poultry Veterinary Association,,,,,
Achievements,95314,41336,Hygiene & Biosecurity Short Course,,08/04/2015,08/04/2015,08/04/2020,Thai Poultry Veterinary Association,,,,,
Achievements,95314,41337,Manual Handling Short Course,,07/04/2015,07/04/2015,07/04/2020,Thai Poultry Veterinary Association,,,,,
Achievements,95314,41338,Poultry Welfare Short Course,,07/04/2015,07/04/2015,07/04/2020,Thai Poultry Veterinary Association,,,,,
Achievements,95314,41341,First Aid Qualification,,15/12/2014,15/12/2014,15/12/2019,Bangkok Ratchasima Hospital,,,,,
Achievements,95314,41342,Level 3 Diploma in Work-based Agriculture or Equivalent,,20/03/2014,20/03/2014,,Khon Kean University,,,,,
Achievements,95314,,Pest Control and Pesticide Safety,,15/02/2016,15/02/2016,15/02/2021,Department of Pest Management,,,,,
Achievements,95314,,Safety Officer at Supervisor Level,,17/07/2014,17/07/2014,17/07/2019,CPF Training Center,,,,,
Achievements,105610,41335,Health & Safety Short Course,,24/11/2017,24/11/2017,21/11/2022,Thai Poultry Veterinary Association,,,,,
Achievements,105610,41336,Hygiene & Biosecurity Short Course,,23/11/2017,23/11/2017,23/11/2022,Thai Poultry Veterinary Association,,,,,
Achievements,105610,41337,Manual Handling Short Course,,24/11/2017,24/11/2017,24/11/2022,Thai Poultry Veterinary Association,,,,,
Achievements,105610,41342,Level 3 Diploma in Work-based Agriculture or Equivalent,,30/05/2016,30/05/2016,,Maejo University,,,,,
Achievements,95316,,GAP of breeder Farm for Agriculturist,,05/08/2003,05/08/2003,05/08/2008,Department of Livestock Development,,,,,
Achievements,95316,,Safety Officer at Supervisor Level,,25/05/2007,25/05/2007,25/05/2012,CPF Training Center,,,,,
Achievements,95316,,Transition to ISO 9001 Version 2008,,14/09/2009,14/09/2009,14/09/2014,CPF Training Center,,,,,
Achievements,95316,,GMP/HACCP,,03/12/2002,03/12/2002,03/12/2007,CPF Training Center,,,,,
Achievements,95316,,ISO 9001:2008 Internal Auditor Training Course,,15/10/2009,15/10/2009,15/10/2014,Moody International,,,,,
Achievements,95316,41335,Health & Safety Short Course,,29/09/2016,29/09/2016,29/09/2021,Thai Poultry Veterinary Association,,,,,
Achievements,95316,41336,Hygiene & Biosecurity Short Course,,08/04/2015,08/04/2015,08/04/2020,Thai Poultry Veterinary Association,,,,,
Achievements,95316,41337,Manual Handling Short Course,,07/04/2015,07/04/2015,07/04/2020,Thai Poultry Veterinary Association,,,,,
Achievements,95316,41338,Poultry Welfare Short Course,,07/04/2015,07/04/2015,07/04/2020,Thai Poultry Veterinary Association,,,,,
Achievements,95316,41341,First Aid Qualification,,09/02/2015,09/02/2015,09/02/2020,Thai Heart Foundation,,,,,
Achievements,95316,41342,Level 3 Diploma in Work-based Agriculture or Equivalent,,13/05/2010,13/05/2010,,Rajamangala Institute of Technology,,,,,
Achievements,95317,,Safety Officer at Supervisor Level,,16/06/2012,16/06/2012,16/06/2017,CPF Training Center,,,,,
Achievements,95317,,ISO 9001:2008 Requirement,,19/07/2013,19/07/2013,19/07/2018,Intertek,,,,,
Achievements,95317,,ISO 9001:2008 Internal Audit,,05/02/2014,05/02/2014,05/02/2019,Intertek,,,,,
Achievements,95317,,GMP/HACCP Requirement,,20/07/2013,20/07/2013,20/07/2018,Intertek,,,,,
Achievements,95317,,GMP/HACCP Internal Audit,,06/02/2014,06/02/2014,06/02/2019,Intertek,,,,,
Achievements,95317,41335,Health & Safety Short Course,,25/10/2016,25/11/2016,25/10/2021,Thai Poultry Veterinary Association,,,,,
Achievements,95317,41336,Hygiene & Biosecurity Short Course,,29/04/2015,29/04/2015,29/04/2020,Thai Poultry Veterinary Association,,,,,
Achievements,95317,41337,Manual Handling Short Course,,29/04/2015,29/04/2015,29/04/2020,Thai Poultry Veterinary Association,,,,,
Achievements,95317,41338,Poultry Welfare Short Course,,29/04/2015,29/04/2015,29/04/2020,Thai Poultry Veterinary Association,,,,,
Achievements,95317,41341,First Aid Qualification,,09/02/2015,09/02/2015,09/02/2020,Thai Heart Foundation,,,,,
Achievements,95317,41342,Level 3 Diploma in Work-based Agriculture or Equivalent,,15/03/2013,15/03/2013,,Khonkean University,,,,,
Achievements,95319,,ISO 9001:2008 Requirement,,21/07/2014,21/07/2014,21/07/2019,Intertek,,,,,
Achievements,95319,,ISO 9001:2008 Internal Audit,,21/07/2014,21/07/2014,21/07/2019,Intertek,,,,,
Achievements,95319,,GMP/HACCP Requirement,,23/07/2014,23/07/2014,23/07/2019,Intertek,,,,,
Achievements,95319,,GMP/HACCP Internal Audit,,24/07/2014,24/07/2014,24/07/2019,Intertek,,,,,
Achievements,95319,41335,Health & Safety Short Course,,29/09/2016,29/09/2016,29/09/2021,Thai Poultry Veterinary Association,,,,,
Achievements,95319,41336,Hygiene & Biosecurity Short Course,,28/08/2015,28/08/2015,28/08/2020,Thai Poultry Veterinary Association,,,,,
Achievements,95319,41337,Manual Handling Short Course,,28/08/2015,28/08/2015,28/08/2020,Thai Poultry Veterinary Association,,,,,
Achievements,95319,41338,Poultry Welfare Short Course,,28/08/2015,28/08/2015,28/08/2020,Thai Poultry Veterinary Association,,,,,
Achievements,95319,41341,First Aid Qualification,,09/02/2015,09/02/2015,09/02/2020,Thai Heart Foundation,,,,,
Achievements,95319,41342,Level 3 Diploma in Work-based Agriculture or Equivalent,,25/02/2014,25/02/2014,,Chiangmai University,,,,,
Achievements,95320,,Transition to ISO 9001 Version 2008,,14/09/2009,14/09/2009,14/09/2014,CPF Training Center,,,,,
Achievements,95320,,ISO 9001:2008 Internal Auditor Training Course,,15/10/2009,15/10/2009,15/10/2014,Moody International,,,,,
Achievements,95320,,GMP/HACCP,,19/04/2001,19/04/2001,19/04/2006,CPF Training Center,,,,,
Achievements,95320,41335,Health & Safety Short Course,,29/09/2016,29/09/2016,29/09/2021,Thai Poultry Veterinary Association,,,,,
Achievements,95320,41336,Hygiene & Biosecurity Short Course,,29/04/2015,29/04/2015,29/04/2020,Thai Poultry Veterinary Association,,,,,
Achievements,95320,41337,Manual Handling Short Course,,29/04/2015,29/04/2015,29/04/2020,Thai Poultry Veterinary Association,,,,,
Achievements,95320,41338,Poultry Welfare Short Course,,07/04/2015,07/04/2015,07/04/2020,Animal Welfare Training,,,,,
Achievements,95320,41341,First Aid Qualification,,09/02/2015,09/02/2015,09/02/2020,Thai Heart Foundation,,,,,
Achievements,95320,41342,Level 3 Diploma in Work-based Agriculture or Equivalent,,08/03/1997,08/03/1997,,Rajamangala Institute of Technology,,,,,
Achievements,95322,41335,Health & Safety Short Course,,25/10/2016,25/10/2016,25/10/2021,Thai Poultry Veterinary Association,,,,,
Achievements,95322,41336,Hygiene & Biosecurity Short Course,,28/08/2015,28/08/2015,28/08/2020,Thai Poultry Veterinary Association,,,,,
Achievements,95322,41337,Manual Handling Short Course,,28/08/2015,28/08/2015,28/08/2020,Thai Poultry Veterinary Association,,,,,
Achievements,95322,41338,Poultry Welfare Short Course,,27/08/2015,27/08/2015,27/08/2020,Thai Poultry Veterinary Association,,,,,
Achievements,95322,41341,First Aid Qualification,,09/02/2015,09/02/2015,09/02/2020,Thai Heart Foundation,,,,,
Achievements,95322,41342,Level 3 Diploma in Work-based Agriculture or Equivalent,,26/04/2001,26/04/2001,,Khonkean University,,,,,
Achievements,95322,,Transition to ISO 9001 Version 2008,,14/09/2009,14/09/2009,14/09/2014,CPF Training Center,,,,,
Achievements,95322,,GMP/HACCP,,29/03/2002,29/03/2002,29/03/2007,CPF Training Center,,,,,
Achievements,95322,,ISO 9001:2008 Internal Auditor Training Course,,15/10/2009,15/10/2009,15/10/2014,Moody International,,,,,
Achievements,95323,41335,Health & Safety Short Course,,29/09/2016,29/09/2016,29/09/2021,Thai Poultry Veterinary Association,,,,,
Achievements,95323,41336,Hygiene & Biosecurity Short Course,,28/08/2015,28/08/2015,28/08/2020,Thai Poultry Veterinary Association,,,,,
Achievements,95323,41337,Manual Handling Short Course,,28/08/2015,28/08/2015,28/08/2020,Thai Poultry Veterinary Association,,,,,
Achievements,95323,41338,Poultry Welfare Short Course,,27/08/2015,27/08/2015,27/08/2020,Thai Poultry Veterinary Association,,,,,
Achievements,95323,41341,First Aid Qualification,,09/02/2015,09/02/2015,09/02/2020,Thai Heart Foundation,,,,,
Achievements,95323,41342,Level 3 Diploma in Work-based Agriculture or Equivalent,,16/03/2012,16/03/2012,16/03/2017,Maejo University,,,,,
Achievements,95323,,Safety Officer at Supervisor Level,,17/08/2012,17/08/2012,17/08/2017,CPF Training Center,,,,,
Achievements,95323,,ISO 9001:2008 Requirement,,19/07/2013,19/07/2013,19/07/2018,Intertek,,,,,
Achievements,95323,,GMP/HACCP,,21/12/2012,21/12/2012,21/12/2017,CPF Training Center,,,,,
Achievements,95323,,ISO 9001:2008 Internal Audit,,05/02/2014,05/02/2014,05/02/2019,Intertek,,,,,
Achievements,95323,,GMP/HACCP Internal Audit,,04/02/2014,04/02/2014,04/02/2019,Intertek,,,,,
Achievements,95325,,GAP of Hatchery for Agriculturist,,13/10/2006,13/10/2006,13/10/2011,Department of Livestock Development,,,,,
Achievements,95325,,Safety Officer at Supervisor Level,,25/05/2007,25/05/2007,25/05/2012,Kongjitman Consultant Academic and Training Co Ltd,,,,,
Achievements,95325,,Transition to ISO 9001 Version 2008,,14/09/2009,14/09/2009,14/09/2014,CPF Training Center,,,,,
Achievements,95325,,GMP/HACCP,,02/06/2006,02/06/2006,02/06/2011,CPF Training Center,,,,,
Achievements,95325,41335,Health & Safety Short Course,,25/10/2016,25/10/2016,25/10/2021,Thai Poultry Veterinary Association,,,,,
Achievements,95325,41336,Hygiene & Biosecurity Short Course,,08/04/2015,08/04/2015,08/04/2020,Thai Poultry Veterinary Association,,,,,
Achievements,95325,41337,Manual Handling Short Course,,07/04/2015,07/04/2015,07/04/2020,Thai Poultry Veterinary Association,,,,,
Achievements,95325,41338,Poultry Welfare Short Course,,07/04/2015,07/04/2015,07/04/2020,Thai Poultry Veterinary Association,,,,,
Achievements,95325,41341,First Aid Qualification,,09/02/2015,09/02/2015,09/02/2020,Thai Heart Foundation,,,,,
Achievements,95325,41342,Level 3 Diploma in Work-based Agriculture or Equivalent,,11/03/2006,11/03/2006,,Kasetsart University,,,,,
Achievements,95326,,ISO9001:2008 Requirement,,21/07/2014,21/07/2014,21/07/2019,Intertek,,,,,
Achievements,95326,,ISO9001:2008 Internal Audit,,22/07/2014,22/07/2014,22/07/2019,Intertek,,,,,
Achievements,95326,,GMP/HACCP Requirement,,23/07/2014,23/07/2014,23/07/2019,Intertek,,,,,
Achievements,95326,,GMP/HACCP Internal Audit,,24/07/2014,24/07/2014,24/07/2019,Intertek,,,,,
Achievements,95326,41336,Hygiene & Biosecurity Short Course,,25/03/2015,25/03/2015,25/03/2020,Thai Poultry Veterinary Association,,,,,
Achievements,95326,41337,Manual Handling Short Course,,25/03/2015,25/03/2015,25/03/2020,Thai Poultry Veterinary Association,,,,,
Achievements,95326,41338,Poultry Welfare Short Course,,07/04/2015,07/04/2015,07/04/2020,Animal Welfare Training,,,,,
Achievements,95326,41341,First Aid Qualification,,21/07/2015,21/07/2015,21/07/2020,Thai Heart Foundation,,,,,
Achievements,95326,41342,Level 3 Diploma in Work-based Agriculture or Equivalent,,24/03/2014,24/03/2014,,Chaingmai University,,,,,
Achievements,95326,41335,Health & Safety Short Course,,29/09/2016,29/09/2016,29/09/2021,Thai Poultry Veterinary Association,,,,,
Achievements,95326,41336,Hygiene & Biosecurity Short Course,,25/03/2015,25/03/2015,25/03/2020,Thai Poultry Veterinary Association,,,,,
Achievements,95326,41337,Manual Handling Short Course,,25/03/2015,25/03/2015,25/03/2020,Thai Poultry Veterinary Association,,,,,
Achievements,95326,41338,Poultry Welfare Short Course,,24/03/2015,24/03/2015,24/03/2020,Thai Poultry Veterinary Association,,,,,
Achievements,95326,41341,First Aid Qualification,,21/07/2015,21/07/2015,21/07/2020,Thai Poultry Veterinary Association,,,,,
Achievements,95326,41342,Level 3 Diploma in Work-based Agriculture or Equivalent,,24/03/2014,24/03/2014,,Chaingmai University,,,,,
Achievements,95327,,Poultry Welfare Officer Farm,,07/01/2014,07/01/2014,07/01/2019,Animal Welfare Training,,,,,
Achievements,95327,,GAP of Hatchery for Agriculturist,,13/10/2006,13/10/2006,13/10/2011,Department of Livestock Development,,,,,
Achievements,95327,,Safety Officer at Executive Level,,16/01/2009,16/01/2009,16/01/2014,Kongjitman Consultant Academic and Training Co Ltd,,,,,
Achievements,95327,,Transition to ISO 9001 Version 2008,,14/09/2009,14/09/2009,14/09/2014,CPF Training Center,,,,,
Achievements,95327,,GMP/HACCP,,14/04/2001,14/04/2001,14/04/2006,CPF Training Center,,,,,
Achievements,95327,,ISO 9001:2008 Internal Auditor Training Course,,15/10/2009,15/10/2009,15/10/2014,Moody International,,,,,
Achievements,95327,41336,Hygiene & Biosecurity Short Course,,29/04/2015,29/04/2015,29/04/2020,Thai Poultry Veterinary Association,,,,,
Achievements,95327,41337,Manual Handling Short Course,,29/04/2015,29/04/2015,29/04/2020,Thai Poultry Veterinary Association,,,,,
Achievements,95327,41338,Poultry Welfare Short Course,,28/04/2015,28/04/2015,28/04/2020,Thai Poultry Veterinary Association,,,,,
Achievements,95327,41341,First Aid Qualification,,09/02/2015,09/02/2015,09/02/2020,Thai Heart Foundation,,,,,
Achievements,95327,41342,Level 3 Diploma in Work-based Agriculture or Equivalent,,06/03/2000,06/03/2000,,Maejo University,,,,,
Achievements,95327,41335,Health & Safety Short Course,,25/10/2016,25/10/2016,25/10/2021,Thai Poultry Veterinary Association,,,,,
Achievements,95327,41336,Hygiene & Biosecurity Short Course,,29/04/2015,29/04/2015,29/04/2020,Thai Poultry Veterinary Association,,,,,
Achievements,95327,41337,Manual Handling Short Course,,29/04/2015,29/04/2015,29/04/2020,Thai Poultry Veterinary Association,,,,,
Achievements,95327,41338,Poultry Welfare Short Course,,28/04/2015,28/04/2015,28/04/2020,Thai Poultry Veterinary Association,,,,,
Achievements,95327,41341,First Aid Qualification,,09/02/2015,09/02/2015,09/02/2020,Thai Heart Foundation,,,,,
Achievements,95327,41342,Level 3 Diploma in Work-based Agriculture or Equivalent,,06/03/2000,06/03/2000,,Maejo University,,,,,
Achievements,95328,,Safety Officer at Supervisor Level,,17/08/2012,17/08/2012,17/08/2017,CPF Training Center,,,,,
Achievements,95328,,ISO 9001:2008 Requirement,,19/07/2013,19/07/2013,19/07/2018,Intertek,,,,,
Achievements,95328,,GMP/HACCP Requirement,,20/07/2013,20/07/2013,20/07/2018,Intertek,,,,,
Achievements,95328,,ISO9001:2008 Internal Audit,,05/02/2014,05/02/2014,05/02/2019,Intertek,,,,,
Achievements,95328,,GMP/HACCP Internal Audit,,06/02/2014,06/02/2014,06/02/2019,Intertek,,,,,
Achievements,95328,41336,Hygiene & Biosecurity Short Course,,25/03/2015,25/03/2015,25/03/2020,Thai Poultry Veterinary Association,,,,,
Achievements,95328,41337,Manual Handling Short Course,,25/03/2015,25/03/2015,25/03/2020,Thai Poultry Veterinary Association,,,,,
Achievements,95328,41338,Poultry Welfare Short Course,,24/03/2015,24/03/2015,24/03/2020,Thai Poultry Veterinary Association,,,,,
Achievements,95328,41341,First Aid Qualification,,09/02/2015,09/02/2015,09/02/2020,Thai Heart Foundation,,,,,
Achievements,95328,41342,Level 3 Diploma in Work-based Agriculture or Equivalent,,16/03/2012,16/03/2012,,Maejo University,,,,,
Achievements,95328,41335,Health & Safety Short Course,,29/09/2016,29/09/2016,29/09/2021,Thai Poultry Veterinary Association,,,,,
Achievements,95328,41336,Hygiene & Biosecurity Short Course,,25/03/2015,25/03/2015,25/03/2020,Thai Poultry Veterinary Association,,,,,
Achievements,95328,41337,Manual Handling Short Course,,25/03/2015,25/03/2015,25/03/2020,Thai Poultry Veterinary Association,,,,,
Achievements,95328,41338,Poultry Welfare Short Course,,24/03/2015,24/03/2015,24/03/2020,Thai Poultry Veterinary Association,,,,,
Achievements,95328,41341,First Aid Qualification,,09/02/2015,09/02/2015,09/02/2020,Thai Poultry Veterinary Association,,,,,
Achievements,95328,41342,Level 3 Diploma in Work-based Agriculture or Equivalent,,16/03/2012,16/03/2012,,Maejo University,,,,,
Achievements,95329,,Safety Officer at Supervisor Level,,16/07/2013,16/07/2013,16/07/2018,CPF Training Center,,,,,
Achievements,95329,,ISO 9001:2008 Requirement,,19/07/2013,19/07/2013,19/07/2018,Intertek,,,,,
Achievements,95329,,ISO 9001:2008 Internal Audit,,05/02/2014,05/02/2014,05/02/2019,Intertek,,,,,
Achievements,95329,,GMP/HACCP Requirement,,20/07/2013,20/07/2013,20/07/2018,Intertek,,,,,
Achievements,95329,,GMP/HACCP Internal Audit,,06/02/2014,06/02/2014,06/02/2019,Intertek,,,,,
Achievements,95329,41336,Hygiene & Biosecurity Short Course,,25/03/2015,25/03/2015,25/03/2020,Thai Poultry Veterinary Association,,,,,
Achievements,95329,41337,Manual Handling Short Course,,25/03/2015,25/03/2015,25/03/2020,Thai Poultry Veterinary Association,,,,,
Achievements,95329,41338,Poultry Welfare Short Course,,24/03/2015,24/03/2015,24/03/2020,Thai Poultry Veterinary Association,,,,,
Achievements,95329,41341,First Aid Qualification,,09/02/2015,09/02/2015,09/02/2020,Thai Heart Foundation,,,,,
Achievements,95329,41342,Level 3 Diploma in Work-based Agriculture or Equivalent,,15/03/2013,15/03/2013,,Khonkean University,,,,,
Achievements,95329,41335,Health & Safety Short Course,,29/09/2016,29/09/2016,29/09/2021,Thai Poultry Veterinary Association,,,,,
Achievements,95329,41336,Hygiene & Biosecurity Short Course,,25/03/2015,25/03/2015,25/03/2020,Thai Poultry Veterinary Association,,,,,
Achievements,95329,41337,Manual Handling Short Course,,25/03/2015,25/03/2015,25/03/2020,Thai Poultry Veterinary Association,,,,,
Achievements,95329,41338,Poultry Welfare Short Course,,24/03/2015,24/03/2015,24/03/2020,Thai Poultry Veterinary Association,,,,,
Achievements,95329,41341,First Aid Qualification,,09/02/2015,09/02/2015,09/02/2020,Thai Heart Foundation,,,,,
Achievements,95329,41342,Level 3 Diploma in Work-based Agriculture or Equivalent,,15/03/2013,15/03/2013,,Khonkean University,,,,,
Achievements,95330,41335,Health & Safety Short Course,,29/09/2016,29/09/2016,29/09/2021,Thai Poultry Veterinary Association,,,,,
Achievements,95330,41336,Hygiene & Biosecurity Short Course,,08/07/2014,08/07/2015,08/06/2020,Thai Poultry Veterinary Association,,,,,
Achievements,95330,41337,Manual Handling Short Course,,08/07/2014,08/07/2015,08/07/2020,Thai Poultry Veterinary Association,,,,,
Achievements,95330,41338,Poultry Welfare Short Course,,07/07/2015,07/07/2015,07/07/2020,Thai Poultry Veterinary Association,,,,,
Achievements,95330,41341,First Aid Qualification,,09/02/2015,09/02/2015,09/02/2020,Thai Heart Foundation,,,,,
Achievements,95330,41342,Level 3 Diploma in Work-based Agriculture or Equivalent,,17/03/2005,17/03/2005,,Khonkean University,,,,,
Achievements,95335,,GAP of Broiler Chicken Farm for Agriculturist,,26/12/2014,26/12/2014,26/12/2019,Department of Livestock Developement,,,,,
Achievements,95335,,GMP/HACCP internal Audit,,06/02/2014,06/02/2014,06/02/2019,Intertek,,,,,
Achievements,95335,,GAP of Broiler Breeder Chicken Farm for Agriculturist,,23/01/2013,23/01/2013,23/01/2018,Department of Livestock Development,,,,,
Achievements,95335,,Entry Leader,,22/01/2013,22/01/2013,22/01/2018,CPF Training Center,,,,,
Achievements,95335,,GMP/HACCP Requirement,,20/07/2013,20/07/2013,20/07/2018,Intertek,,,,,
Achievements,95335,,Compartment Management the Hatcheryof Poultry Agriculturist,,17/05/2012,17/05/2012,17/05/2017,Department of Livestock Development,,,,,
Achievements,95335,,Internal Audit for ISO 9001:2008 Training Course,,21/09/2011,21/09/2011,21/09/2016,Intertek,,,,,
Achievements,95335,,Safety Course to Operate in Confined Spaces,,15/08/2011,17/08/2011,17/08/2016,Thai Safety and Training Co Ltd,,,,,
Achievements,95335,,Safety Officer Supervisor Level,,03/03/2011,03/03/2011,03/03/2016,CPF Training Center,,,,,
Achievements,95335,,ISO 9001 Version 2008,,28/02/2011,28/02/2011,28/02/2016,Quality Standard System Center,,,,,
Achievements,95335,,QMD Training Course,,08/09/2010,08/09/2010,08/09/2015,Quality & Measurement,,,,,
Achievements,95335,41336,Hygiene & Biosecurity Short Course,,25/03/2015,25/03/2015,25/03/2020,Thai Poultry Veterinary Association,,,,,
Achievements,95335,41337,Manual Handling Short Course,,24/03/2015,24/03/2015,24/03/2020,Thai Poultry Veterinary Association,,,,,
Achievements,95335,41338,Poultry Welfare Short Course,,24/03/2015,24/03/2015,24/03/2020,Thai Poultry Veterinary Association,,,,,
Achievements,95335,41341,First Aid Qualification,,09/02/2015,09/02/2015,09/02/2020,Thai Heart Foundation,,,,,
Achievements,95335,41342,Level 3 Diploma in Work-based Agriculture or Equivalent,,02/03/2010,02/03/2010,,Chiang Mai University,,,,,
Achievements,95335,41335,Health & Safety Short Course,,29/09/2016,29/09/2016,29/09/2021,Thai Poultry Veterinary Association,,,,,
Achievements,95335,41336,Hygiene & Biosecurity Short Course,,25/03/2015,25/03/2015,25/03/2020,Thai Poultry Veterinary Association,,,,,
Achievements,95335,41337,Manual Handling Short Course,,25/03/2015,25/03/2015,25/03/2020,Thai Poultry Veterinary Association,,,,,
Achievements,95335,41338,Poultry Welfare Short Course,,24/03/2015,24/03/2015,24/03/2020,Thai Poultry Veterinary Association,,,,,
Achievements,95335,41341,First Aid Qualification,,09/02/2015,09/02/2015,09/02/2020,Heart Association of Thailand,,,,,
Achievements,95335,41342,Level 3 Diploma in Work-based Agriculture or Equivalent,,31/01/2010,31/01/2010,,Chiang Mai University,,,,,
Achievements,95337,,HACCP & GMP Awareness & Intepretation,,28/09/2015,28/09/2015,28/09/2020,Sekhui Learning Center,,,,,
Achievements,95337,,Safety Officer Supervisor Level,,06/10/2015,06/10/2015,06/10/2020,CPF Training Center,,,,,
Achievements,95338,,Compartment Management of Broiler Poultry Farm for Agriculturist,,29/05/2012,29/05/2012,29/05/2017,Department of Livestock Development,,,,,
Achievements,95338,,First Aid and Cardiopulmonary Resuscitation,,04/05/2011,04/05/2011,04/05/2016,Chao Phya Abhaibhubejhr Hospital,,,,,
Achievements,95338,,Good Agricultural Practice,,07/10/2003,07/10/2003,07/10/2008,Department of Livestock Development,,,,,
Achievements,95338,,Internal Audit for CPF SHE Management System,,21/04/2011,21/04/2011,21/04/2016,CPF Training Center,,,,,
Achievements,95338,,Pest Control Integrated,,14/02/2007,14/02/2007,14/02/2012,Department of Health,,,,,
Achievements,95338,,Safety Officer at Executive Level,,20/04/2012,20/04/2012,20/04/2017,CPF Training Center,,,,,
Achievements,95338,41336,Hygiene & Biosecurity Short Course,,29/04/2015,29/04/2015,29/04/2020,Thai Poultry Veterinary Association,,,,,
Achievements,95338,41337,Manual Handling Short Course,,29/04/2015,29/04/2015,29/04/2020,Thai Poultry Veterinary Association,,,,,
Achievements,95338,41338,Poultry Welfare Short Course,,28/04/2015,28/04/2015,28/04/2020,Thai Poultry Veterinary Association,,,,,
Achievements,95339,,Good Agricultural Practice,,31/01/2007,31/01/2007,31/01/2012,Department of Livestock Development,,,,,
Achievements,95339,,Pest Control Integrated,,14/02/2007,14/02/2007,14/02/2012,Department of Health,,,,,
Achievements,95339,,Safety Officer at Executive Level,,20/04/2012,20/04/2012,20/04/2017,CPF Training Center,,,,,
Achievements,95339,,Compartment Management of Broiler Poultry Farm for Agriculturist,,31/01/2007,31/01/2007,31/01/2012,Deparatment of Livestock Development,,,,,
Achievements,95339,41336,Hygiene & Biosecurity Short Course,,29/04/2015,29/04/2015,29/04/2020,Thai Poultry Veterinary Association,,,,,
Achievements,95339,41337,Manual Handling Short Course,,29/04/2015,29/04/2015,29/04/2020,Thai Poultry Veterinary Association,,,,,
Achievements,95339,41338,Poultry Welfare Short Course,,28/04/2015,28/04/2015,28/04/2020,Thai Poultry Veterinary Association,,,,,
Achievements,95340,,Compartment management of boiler poultry farm for Agriculturist,,29/05/2012,29/05/2012,29/05/2017,Livestock Development ,,,,,
Achievements,95340,,Good Agricultural Practice,,22/06/2006,22/06/2006,22/06/2011,Department of Livestock Development,,,,,
Achievements,95340,,Internal Audit for CPF SHE Management System,,13/05/2011,13/05/2011,13/05/2016,CPF,,,,,
Achievements,95340,,Pest Control Integrated,,14/02/2007,14/02/2007,14/02/2012,Department of Health,,,,,
Achievements,95340,,Safety Officer at Executive Level,,13/03/2014,13/03/2014,13/03/2019,CPF Training Center,,,,,
Achievements,95340,41336,Hygiene & Biosecurity Short Course,,25/03/2015,25/03/2015,25/03/2020,Thai Poultry Veterinary Association,,,,,
Achievements,95340,41337,Manual Handling Short Course,,25/03/2015,25/03/2015,25/03/2020,Thai Poultry Veterinary Association,,,,,
Achievements,95340,41338,Poultry Welfare Short Course,,24/03/2015,24/03/2015,24/03/2020,Thai Poultry Veterinary Association,,,,,
Achievements,95341,,Compartment Management of Broiler Poultry Farm,,31/01/2007,31/01/2007,31/01/2012,Department of Livestock Development,,,,,
Achievements,95341,,Good Agricultural Practice,,07/10/2003,07/10/2003,07/10/2008,Department of Livestock Development,,,,,
Achievements,95341,,Internal Audit for CPF SHE Management System,,21/04/2011,21/04/2011,21/04/2016,CPF Training Center,,,,,
Achievements,95341,,Pest Control Integrated,,14/02/2007,14/02/2007,14/02/2012,Department of Health,,,,,
Achievements,95341,,Safety Officer at Executive Level,,11/09/2008,11/09/2008,11/09/2013,Kongjitman Consultant Academic and Training,,,,,
Achievements,95341,41336,Hygiene & Biosecurity Short Course,,25/03/2015,25/03/2015,25/03/2020,Thai Poultry Veterinary Association,,,,,
Achievements,95341,41337,Manual Handling Short Course,,25/03/2015,25/03/2015,25/03/2020,Thai Poultry Veterinary Association,,,,,
Achievements,95341,41338,Poultry Welfare Short Course,,24/03/2015,24/03/2015,24/03/2020,Thai Poultry Veterinary Association,,,,,
Achievements,96146,41336,Hygiene & Biosecurity Short Course,,25/03/2015,25/03/2015,25/03/2020,Thai Poultry Veterinary Association,,,,,
Achievements,96146,41337,Manual Handling Short Course,,25/03/2015,25/03/2015,25/03/2020,Thai Poultry Veterinary Association,,,,,
Achievements,96146,41338,Poultry Welfare Short Course,,24/03/2015,24/03/2015,24/03/2020,Thai Poultry Veterinary Association,,,,,
Achievements,95205,41335,Health & Safety Short Course,,29/09/2016,29/09/2016,29/09/2021,Thai Poultry Veterinary Association,,,,,
Achievements,95346,41335,Health & Safety Short Course,,24/11/2016,24/11/2016,24/11/2021,Thai Poultry Veterinary Association,,,,,
Achievements,95346,41336,Hygiene & Biosecurity Short Course,,17/06/2016,17/06/2016,17/06/2021,Thai Poultry Veterinary Association,,,,,
Achievements,95346,41337,Manual Handling Short Course,,17/06/2016,17/06/2016,17/06/2021,Thai Poultry Veterinary Association,,,,,
Achievements,95346,41338,Poultry Welfare Short Course,,16/06/2016,16/06/2016,16/06/2021,Thai Poultry Veterinary Association,,,,,
Achievements,96079,41335,Health & Safety Short Course,,25/10/2016,25/10/2016,25/10/2021,Thai Poultry Veterinary Association,,,,,
Achievements,96147,,First Aid and Health Care,,24/06/2015,24/06/2015,24/06/2020,Thai Red Cross Society,,,,,
Achievements,96147,41335,Health & Safety Short Course,,29/09/2016,29/09/2016,29/09/2021,Thai Poultry Veterinary Association,,,,,
Achievements,96147,41336,Hygiene & Biosecurity Short Course,,25/03/2015,25/03/2015,25/03/2020,Thai Poultry Veterinary Association,,,,,
Achievements,96147,41337,Manual Handling Short Course,,25/03/2015,25/03/2015,25/03/2020,Thai Poultry Veterinary Association,,,,,
Achievements,96147,41338,Poultry Welfare Short Course,,24/03/2015,24/03/2015,24/03/2020,Thai Poultry Veterinary Association,,,,,
Achievements,96148,,First Aid and Health Care,,24/06/2015,24/06/2015,24/06/2020,Thai Red Cross Society,,,,,
Achievements,96148,41335,Health & Safety Short Course,,25/10/2016,25/10/2016,25/10/2021,Thai Poultry Veterinary Association,,,,,
Achievements,96148,41336,Hygiene & Biosecurity Short Course,,29/04/2015,29/04/2015,29/04/2020,Thai Poultry Veterinary Association,,,,,
Achievements,96148,41337,Manual Handling Short Course,,29/04/2015,29/04/2015,29/04/2020,Thai Poultry Veterinary Association,,,,,
Achievements,96148,41338,Poultry Welfare Short Course,,28/04/2015,28/04/2015,28/04/2020,Thai Poultry Veterinary Association,,,,,
Achievements,105092,41335,Health & Safety Short Course,,27/07/2017,27/07/2017,27/07/2022,Thai Poultry Veterinary Association,,,,,
Achievements,105092,41336,Hygiene & Biosecurity Short Course,,26/07/2017,26/07/2017,26/07/2022,Thai Poultry Veterinary Association,,,,,
Achievements,105092,41337,Manual Handling Short Course,,26/07/2017,26/07/2017,26/07/2022,Thai Poultry Veterinary Association,,,,,
Achievements,105092,41338,Poultry Welfare Short Course,,27/07/2017,27/07/2017,27/07/2022,Thai Poultry Veterinary Association,,,,,
Achievements,95349,41335,Health & Safety Short Course,,25/11/2016,25/11/2016,25/11/2021,Thai Poultry Veterinary Association,,,,,
Achievements,96150,41335,Health & Safety Short Course,,25/11/2016,25/11/2016,25/11/2021,Thai Poultry Veterinary Association,,,,,
Achievements,95350,41335,Health & Safety Short Course,,29/09/2016,29/09/2016,29/09/2021,Thai Poultry Veterinary Association,,,,,
Achievements,95350,41336,Hygiene & Biosecurity Short Course,,08/04/2015,08/04/2015,08/04/2020,Thai Poultry Veterinary Association,,,,,
Achievements,95350,41337,Manual Handling Short Course,,07/04/2015,07/04/2015,07/04/2020,Thai Poultry Veterinary Association,,,,,
Achievements,95350,41338,Poultry Welfare Short Course,,07/04/2015,07/04/2015,07/04/2020,Thai Poultry Veterinary Association,,,,,
Achievements,95350,41341,First Aid Qualification,,02/09/2015,02/09/2015,02/09/2020,Thai Red Cross,,,,,
Achievements,95350,41342,Level 3 Diploma in Work-based Agriculture or Equivalent,,01/06/1994,01/06/1994,,Sukhothai Thammathirat,,,,,
Achievements,95351,41335,Health & Safety Short Course,,29/09/2016,29/09/2016,29/09/2021,Thai Poultry Veterinary Association,,,,,
Achievements,95351,41336,Hygiene & Biosecurity Short Course,,09/06/2015,09/06/2015,09/06/2020,Thai Poultry Veterinary Association,,,,,
Achievements,95351,41337,Manual Handling Short Course,,09/06/2015,09/06/2015,09/06/2020,Thai Poultry Veterinary Association,,,,,
Achievements,95351,41338,Poultry Welfare Short Course,,10/06/2015,10/06/2015,10/06/2020,Thai Poultry Veterinary Association,,,,,
Achievements,95351,41341,First Aid Qualification,,02/09/2015,02/09/2015,02/09/2020,Thai Red Cros,,,,,
Achievements,95351,41342,Level 3 Diploma in Work-based Agriculture or Equivalent,,15/03/2004,15/03/2004,,0,,,,,
Achievements,95352,41335,Health & Safety Short Course,,29/09/2016,29/09/2016,29/09/2021,Thai Poultry Veterinary Association,,,,,
Achievements,95352,41336,Hygiene & Biosecurity Short Course,,09/06/2015,09/06/2015,09/06/2020,Thai Poultry Veterinary Association,,,,,
Achievements,95352,41337,Manual Handling Short Course,,09/06/2015,09/06/2015,09/06/2020,Thai Poultry Veterinary Association,,,,,
Achievements,95352,41338,Poultry Welfare Short Course,,10/06/2015,10/06/2015,10/06/2020,Thai Poultry Veterinary Association,,,,,
Achievements,95352,41341,First Aid Qualification,,02/09/2015,02/09/2015,02/09/2020,Thai Red Cross,,,,,
Achievements,95352,41342,Level 3 Diploma in Work-based Agriculture or Equivalent,,24/03/1983,25/03/1983,,0,,,,,
Achievements,95353,41335,Health & Safety Short Course,,29/09/2016,29/09/2016,29/09/2021,Thai Poultry Veterinary Association,,,,,
Achievements,95353,41336,Hygiene & Biosecurity Short Course,,09/06/2015,09/06/2015,09/06/2020,Thai Poultry Veterinary Association,,,,,
Achievements,95353,41337,Manual Handling Short Course,,09/06/2015,09/06/2015,09/06/2020,Thai Poultry Veterinary Association,,,,,
Achievements,95353,41338,Poultry Welfare Short Course,,10/06/2015,10/06/2015,10/06/2020,Thai Poultry Veterinary Association,,,,,
Achievements,95353,41341,First Aid Qualification,,03/09/2015,03/09/2015,03/09/2020,Thai Red Cross,,,,,
Achievements,95353,41342,Level 3 Diploma in Work-based Agriculture or Equivalent,,21/03/1988,21/03/1988,,0,,,,,
Achievements,95355,41335,Health & Safety Short Course,,29/09/2016,29/09/2016,29/09/2021,Thai Poultry Veterinary Association,,,,,
Achievements,95355,41336,Hygiene & Biosecurity Short Course,,09/06/2015,09/06/2015,09/06/2020,Thai Poultry Veterinary Association,,,,,
Achievements,95355,41337,Manual Handling Short Course,,09/06/2015,09/06/2015,09/06/2020,Thai Poultry Veterinary Association,,,,,
Achievements,95355,41338,Poultry Welfare Short Course,,10/06/2015,10/06/2015,10/06/2020,Thai Poultry Veterinary Association,,,,,
Achievements,95355,41341,First Aid Qualification,,03/09/2015,03/09/2015,03/09/2020,Thai Red Cross,,,,,
Achievements,95355,41342,Level 3 Diploma in Work-based Agriculture or Equivalent,,20/03/1984,20/03/1984,,0,,,,,
Achievements,95356,41336,Hygiene & Biosecurity Short Course,,09/06/2015,09/06/2015,09/06/2020,Thai Poultry Veterinary Association,,,,,
Achievements,95356,41337,Manual Handling Short Course,,09/06/2015,09/06/2015,09/06/2020,Thai Poultry Veterinary Association,,,,,
Achievements,95356,41338,Poultry Welfare Short Course,,10/06/2015,10/06/2015,10/06/2020,Thai Poultry Veterinary Association,,,,,
Achievements,95356,41341,First Aid Qualification,,02/09/2015,02/09/2015,02/09/2020,Thai Red Cross,,,,,
Achievements,95356,41342,Level 3 Diploma in Work-based Agriculture or Equivalent,,24/05/2006,24/05/2006,,0,,,,,
Achievements,95357,41335,Health & Safety Short Course,,29/09/2016,29/09/2016,29/09/2021,Thai Poultry Veterinary Association,,,,,
Achievements,95357,41336,Hygiene & Biosecurity Short Course,,09/06/2015,09/06/2015,09/06/2020,Thai Poultry Veterinary Association,,,,,
Achievements,95357,41337,Manual Handling Short Course,,09/06/2015,09/06/2015,09/06/2020,Thai Poultry Veterinary Association,,,,,
Achievements,95357,41338,Poultry Welfare Short Course,,10/06/2015,10/06/2015,10/06/2020,Thai Poultry Veterinary Association,,,,,
Achievements,95357,41341,First Aid Qualification,,03/09/2015,03/09/2015,03/09/2020,Thai Red Cross,,,,,
Achievements,95357,41342,Level 3 Diploma in Work-based Agriculture or Equivalent,,06/10/1989,06/10/1989,,Rajamangala Institute of Technology,,,,,
Achievements,95358,41335,Health & Safety Short Course,,24/11/2016,24/11/2016,24/11/2021,Thai Poultry Veterinary Association,,,,,
Achievements,95358,41336,Hygiene & Biosecurity Short Course,,25/03/2015,25/03/2015,25/03/2020,Thai Poultry Veterinary Association,,,,,
Achievements,95358,41337,Manual Handling Short Course,,25/03/2015,25/03/2015,25/03/2020,Thai Poultry Veterinary Association,,,,,
Achievements,95358,41338,Poultry Welfare Short Course,,24/03/2015,24/03/2015,24/03/2020,Thai Poultry Veterinary Association,,,,,
Achievements,96152,41335,Health & Safety Short Course,,27/07/2017,27/07/2017,27/07/2022,Thai Poultry Veterinary Association,,,,,
Achievements,96152,41336,Hygiene & Biosecurity Short Course,,26/07/2017,26/07/2017,26/07/2022,Thai Poultry Veterinary Association,,,,,
Achievements,96152,41337,Manual Handling Short Course,,26/07/2017,26/07/2017,26/07/2022,Thai Poultry Veterinary Association,,,,,
Achievements,96152,41338,Poultry Welfare Short Course,,27/07/2017,27/07/2017,27/07/2022,Thai Poultry Veterinary Association,,,,,
Achievements,105853,41335,Health & Safety Short Course,,26/07/2017,27/07/2017,27/07/2022,Thai Poultry Veterinary Association,,,,,
Achievements,105853,41336,Hygiene & Biosecurity Short Course,,26/07/2017,26/07/2017,26/07/2022,Thai Poultry Veterinary Association,,,,,
Achievements,105853,41338,Poultry Welfare Short Course,,27/07/2017,27/07/2017,27/07/2022,Thai Poultry Veterinary Association,,,,,
Achievements,101970,41335,Health & Safety Short Course,,24/11/2016,24/11/2016,24/11/2021,Thai Poultry Veterinary Associtation,,,,,
Achievements,101970,41336,Hygiene & Biosecurity Short Course,,31/03/2016,31/03/2016,31/03/2021,Thai Poultry Veterinary Associtation,,,,,
Achievements,101970,41337,Manual Handling Short Course,,31/03/2016,31/03/2016,31/03/2021,Thai Poultry Veterinary Associtation,,,,,
Achievements,101970,41338,Poultry Welfare Short Course,,30/03/2016,30/03/2016,30/03/2021,Thai Poultry Veterinary Associtation,,,,,
Achievements,101970,41341,First Aid Qualification,,21/02/2018,21/02/2018,21/02/2023,Thai Red Cross,,,,,
Achievements,101970,41342,Level 3 Diploma in Work-based Agriculture or Equivalent,,01/06/2007,15/05/2009,,Rajamangala University of Technology,,,,,
Achievements,95366,,Pest Control Program,,27/11/2015,27/11/2015,27/11/2020,Elanco,,,,,
Achievements,96167,,Pest Control Program,,27/11/2015,27/11/2015,27/11/2020,Elanco,,,,,
Achievements,96168,,Pest Control Program,,27/11/2015,27/11/2015,27/11/2020,Elanco,,,,,
Achievements,96168,41335,Health & Safety Short Course,,29/09/2016,29/09/2016,29/09/2021,Thai Poultry Veterinary Association,,,,,
Achievements,96168,41336,Hygiene & Biosecurity Short Course,,13/11/2015,13/11/2015,13/11/2020,Thai Poultry Veterinary Association,,,,,
Achievements,96168,41337,Manual Handling Short Course,,29/04/2015,29/04/2015,29/04/2020,Thai Poultry Veterinary Association,,,,,
Achievements,96168,41338,Poultry Welfare Short Course,,28/04/2015,28/04/2015,28/04/2020,Thai Poultry Veterinary Association,,,,,
Achievements,96168,41341,First Aid Qualification,,18/10/2016,18/10/2016,18/10/2021,The Thai Red Cross Society,,,,,
Achievements,96168,,Diploma of Vocational Education in Welding & Sheet Metal,,25/03/1986,25/03/1986,,Lopburi Technical College,,,,,
Achievements,96169,,Hygiene and Biosecurity,,29/04/2015,29/04/2015,29/04/2020,Thai Poultry Veterinary Association,,,,,
Achievements,96169,,Manual Handling,,29/04/2015,29/04/2015,29/04/2020,Thai Poultry Veterinary Association,,,,,
Achievements,96169,,Poultry Welfare Course,,28/04/2015,28/04/2015,28/04/2020,Thai Poultry Veterinary Association,,,,,
Achievements,96169,,Pest Control Program,,27/11/2015,27/11/2015,27/11/2020,Elanco,,,,,
Achievements,96169,,Batchelor of Science - Animal Science,,09/03/2003,09/03/2003,,Rajamangala Institute of Technology,,,,,
Achievements,96170,,Pest Control Program,,27/11/2015,27/11/2015,27/11/2020,Elanco,,,,,
Achievements,96170,41335,Health & Safety Short Course,,29/09/2016,29/09/2016,29/09/2021,Thai Poultry Veterinary Association,,,,,
Achievements,96170,41336,Hygiene & Biosecurity Short Course,,29/04/2015,29/04/2015,29/04/2020,Thai Poultry Veterinary Association,,,,,
Achievements,96170,41337,Manual Handling Short Course,,29/04/2015,29/04/2015,29/04/2020,Thai Poultry Veterinary Association,,,,,
Achievements,96170,41338,Poultry Welfare Short Course,,28/04/2015,28/04/2015,28/04/2020,Thai Poultry Veterinary Association,,,,,
Achievements,96170,41341,First Aid Qualification,,18/10/2016,18/10/2016,18/10/2021,Thai Red Cross,,,,,
Achievements,96170,41342,Level 3 Diploma in Work-based Agriculture or Equivalent,,30/03/2011,30/03/2011,,Mahasarakham University,,,,,
Achievements,96172,41335,Health & Safety Short Course,,29/09/2016,29/09/2016,29/09/2021,Thai Poultry Veterinary Association,,,,,
Achievements,96172,41336,Hygiene & Biosecurity Short Course,,13/11/2015,13/11/2015,13/11/2020,Thai Poultry Veterinary Association,,,,,
Achievements,96172,41337,Manual Handling Short Course,,13/11/2015,13/11/2015,13/11/2020,Thai Poultry Veterinary Association,,,,,
Achievements,96172,41338,Poultry Welfare Short Course,,12/11/2015,12/11/2015,12/11/2020,Thai Poultry Veterinary Association,,,,,
Achievements,96172,41341,First Aid Qualification,,19/10/2016,19/10/2016,19/10/2021,The Thai Red Cross Society,,,,,
Achievements,96172,41342,Level 3 Diploma in Work-based Agriculture or Equivalent,,03/06/2004,10/03/2006,,Rajamangala University of Technology,,,,,
Achievements,96172,,Pest Control Program,,27/11/2015,27/11/2015,27/11/2020,Elanco,,,,,
Achievements,95368,,Pest Control Program,,27/11/2015,27/11/2015,27/11/2020,Elanco,,,,,
Achievements,95368,41335,Health & Safety Short Course,,29/09/2016,29/09/2016,29/09/2021,Thai Poultry Veterinary Association,,,,,
Achievements,95368,41336,Hygiene & Biosecurity Short Course,,13/11/2015,13/11/2015,13/11/2020,Thai Poultry Veterinary Association,,,,,
Achievements,95368,41337,Manual Handling Short Course,,13/11/2015,13/11/2015,13/11/2020,Thai Poultry Veterinary Association,,,,,
Achievements,95368,41338,Poultry Welfare Short Course,,12/11/2015,12/11/2015,12/11/2020,Thai Poultry Veterinary Association,,,,,
Achievements,95368,41341,First Aid Qualification,,18/10/2016,18/10/2016,18/10/2021,Thai Red Cross,,,,,
Achievements,95368,41342,Level 3 Diploma in Work-based Agriculture or Equivalent,,02/02/2016,02/02/2016,,Silpakorn University,,,,,
Achievements,96173,,Pest Control Program,,27/11/2015,27/11/2015,27/11/2020,Elanco,,,,,
Achievements,96173,41335,Health & Safety Short Course,,25/11/2016,25/11/2016,25/11/2021,Thai Poultry Veterinary Association,,,,,
Achievements,96173,41336,Hygiene & Biosecurity Short Course,,29/04/2015,29/04/2015,29/04/2020,Thai Poultry Veterinary Association,,,,,
Achievements,96173,41337,Manual Handling Short Course,,29/04/2015,29/04/2015,29/04/2020,Thai Poultry Veterinary Association,,,,,
Achievements,96173,41338,Poultry Welfare Short Course,,28/04/2015,28/04/2015,28/04/2020,Thai Poultry Veterinary Association,,,,,
Achievements,96173,41341,First Aid Qualification,,19/10/2016,19/10/2016,19/10/2021,Thai Red Cross,,,,,
Achievements,96173,41342,Level 3 Diploma in Work-based Agriculture or Equivalent,,21/04/2000,21/04/2000,,Kasetsart University,,,,,
Achievements,96174,,Pest Control Program,,27/11/2015,27/11/2015,27/11/2020,Elanco,,,,,
Achievements,96174,41335,Health & Safety Short Course,,29/09/2016,29/09/2016,29/09/2021,Thai Poultry Veterinary Association,,,,,
Achievements,96174,41336,Hygiene & Biosecurity Short Course,,29/04/2015,29/04/2015,29/04/2020,Thai Poultry Veterinary Association,,,,,
Achievements,96174,41337,Manual Handling Short Course,,29/04/2015,29/04/2015,29/04/2020,Thai Poultry Veterinary Association,,,,,
Achievements,96174,41338,Poultry Welfare Short Course,,28/04/2015,28/04/2015,28/04/2020,Thai Poultry Veterinary Association,,,,,
Achievements,96174,41341,First Aid Qualification,,18/10/2016,18/10/2016,18/10/2021,Thai Red Cross,,,,,
Achievements,96174,,Diploma of Vocational Education in Trade & Industry (Electrical Power),,08/05/1995,17/03/1997,,Chiang Mai Technical College,,,,,
Achievements,96175,,Pest Control Program,,27/11/2015,27/11/2015,27/11/2020,Elanco,,,,,
Achievements,96175,41335,Health & Safety Short Course,,29/09/2016,29/09/2016,29/09/2021,Thai Poultry Veterinary Association,,,,,
Achievements,96175,41336,Hygiene & Biosecurity Short Course,,13/11/2015,13/11/2015,13/11/2020,Thai Poultry Veterinary Association,,,,,
Achievements,96175,41337,Manual Handling Short Course,,13/11/2015,13/11/2015,13/11/2020,Thai Poultry Veterinary Association,,,,,
Achievements,96175,41338,Poultry Welfare Short Course,,12/11/2015,12/11/2015,12/11/2020,Thai Poultry Veterinary Association,,,,,
Achievements,96175,41341,First Aid Qualification,,18/10/2016,18/10/2016,18/10/2021,Thai Red Cross,,,,,
Achievements,96175,41342,Level 3 Diploma in Work-based Agriculture or Equivalent,,12/04/2011,12/04/2011,,Kasetsart University,,,,,
Achievements,96176,,Pest Control Program,,27/11/2015,27/11/2015,27/11/2020,Elanco,,,,,
Achievements,96176,41335,Health & Safety Short Course,,29/09/2016,29/09/2016,29/09/2021,Thai Poultry Veterinary Association,,,,,
Achievements,96176,41336,Hygiene & Biosecurity Short Course,,29/04/2015,29/04/2015,29/04/2020,Thai Poultry Veterinary Association,,,,,
Achievements,96176,41337,Manual Handling Short Course,,29/04/2015,29/04/2015,29/04/2020,Thai Poultry Veterinary Association,,,,,
Achievements,96176,41338,Poultry Welfare Short Course,,28/04/2015,28/04/2015,28/04/2020,Thai Poultry Veterinary Association,,,,,
Achievements,96176,41341,First Aid Qualification,,19/10/2016,19/10/2016,19/10/2021,Thai Red Cross,,,,,
Achievements,96176,41342,Level 3 Diploma in Work-based Agriculture or Equivalent,,01/02/2016,01/02/2016,,Ubon Ratchathani Rajabhat University,,,,,
Achievements,96176,,"Occcupational Safety, Health and Environment Committee",,15/05/2015,15/05/2015,15/05/2020,Safety and Health at Work Promotion Association,,,,,
Achievements,95369,41335,Health & Safety Short Course,,29/09/2016,29/09/2016,29/09/2021,Thai Poultry Veterinary Association,,,,,
Achievements,95369,41336,Hygiene & Biosecurity Short Course,,13/11/2015,13/11/2015,13/11/2020,Thai Poultry Veterinary Association,,,,,
Achievements,95369,41337,Manual Handling Short Course,,13/11/2015,13/11/2015,13/11/2020,Thai Poultry Veterinary Association,,,,,
Achievements,95369,41338,Poultry Welfare Short Course,,12/11/2015,12/11/2015,12/11/2020,Thai Poultry Veterinary Association,,,,,
Achievements,95369,41341,First Aid Qualification,,18/10/2016,18/10/2016,18/10/2021,Thai Red Cross,,,,,
Achievements,95369,41342,Level 3 Diploma in Work-based Agriculture or Equivalent,,01/02/2016,01/02/2016,,Silpakorn University,,,,,
Achievements,95369,,Pest Control Program,,27/11/2015,27/11/2015,27/11/2020,Elanco,,,,,
Achievements,95369,,Safety Officer at Supervisory Level,,23/10/2015,23/10/2015,23/10/2020,Safety and Health at Work Promotion Association,,,,,
Achievements,95446,41335,Health & Safety Short Course,,29/09/2016,29/09/2016,29/09/2021,Thai Poultry Veterinary Association,,,,,
Achievements,95446,41336,Hygiene & Biosecurity Short Course,,09/06/2015,09/06/2015,09/06/2020,Thai Poultry Veterinary Association,,,,,
Achievements,95446,41337,Manual Handling Short Course,,09/06/2015,09/06/2015,09/06/2020,Thai Poultry Veterinary Association,,,,,
Achievements,95446,41338,Poultry Welfare Short Course,,10/06/2015,10/06/2015,10/06/2020,Thai Poultry Veterinary Association,,,,,
Achievements,95446,41341,First Aid Qualification,,18/10/2016,18/10/2016,18/10/2021,Thai Red Cross,,,,,
Achievements,95446,41342,Level 3 Diploma in Work-based Agriculture or Equivalent,,12/03/2005,12/03/2005,,Rajamangala University of Technology,,,,,
Achievements,95446,,Pest Control Program,,06/08/2009,06/08/2009,06/08/2014,Novartis Animal Health,,,,,
Achievements,95446,,Safety Officer at Technical Level,,18/05/2016,18/05/2016,18/05/2021,Safety and Health at Work Promotion Association,,,,,
Achievements,96177,,Pest Control Program,,27/11/2015,27/11/2015,27/11/2020,Elanco,,,,,
Achievements,96177,41335,Health & Safety Short Course,,25/11/2016,25/11/2016,25/11/2021,Thai Poultry Veterinary Association,,,,,
Achievements,96177,41336,Hygiene & Biosecurity Short Course,,25/03/2015,25/03/2015,25/03/2020,Thai Poultry Veterinary Association,,,,,
Achievements,96177,41337,Manual Handling Short Course,,25/03/2015,25/03/2015,25/03/2020,Thai Poultry Veterinary Association,,,,,
Achievements,96177,41338,Poultry Welfare Short Course,,24/03/2015,24/03/2015,24/03/2020,Thai Poultry Veterinary Association,,,,,
Achievements,96177,41341,First Aid Qualification,,19/10/2016,19/10/2016,19/10/2021,Thai Red Cross,,,,,
Achievements,96178,,Pest Control Program,,27/11/2015,27/11/2015,27/11/2020,Elanco,,,,,
Achievements,96178,,Doctor of Veterinary Medicine Second Class Honours,,24/05/2005,30/03/2011,,Khon Kaen University,,,,,
Achievements,96178,41335,Health & Safety Short Course,,25/11/2016,25/11/2016,25/11/2021,Thai Poultry Veterinary Association,,,,,
Achievements,96178,41336,Hygiene & Biosecurity Short Course,,08/04/2015,08/04/2015,08/04/2020,Thai Poultry Veterinary Association,,,,,
Achievements,96178,41337,Manual Handling Short Course,,07/04/2015,07/04/2015,07/04/2020,Thai Poultry Veterinary Association,,,,,
Achievements,96178,41338,Poultry Welfare Short Course,,07/04/2015,07/04/2015,07/04/2020,Thai Poultry Veterinary Association,,,,,
Achievements,96178,41341,First Aid Qualification,,19/10/2016,19/10/2016,19/10/2021,Thai Red Cross,,,,,
Achievements,96178,41342,Level 3 Diploma in Work-based Agriculture or Equivalent,,24/05/2005,30/03/2011,,Khon Kaen University,,,,,
Achievements,96178,,Safety Officer at Supervisory Level,,26/05/2017,26/05/2017,26/05/2022,Safety and Health at Work Promotion Association,,,,,
Achievements,96179,41335,Health & Safety Short Course,,29/09/2016,29/09/2016,29/09/2021,Thai Poultry Veterinary Association,,,,,
Achievements,96179,41336,Hygiene & Biosecurity Short Course,,29/04/2015,29/04/2015,29/04/2020,Thai Poultry Veterinary Association,,,,,
Achievements,96179,41337,Manual Handling Short Course,,29/04/2015,29/04/2015,29/04/2020,Thai Poultry Veterinary Association,,,,,
Achievements,96179,41338,Poultry Welfare Short Course,,28/04/2015,28/04/2015,28/04/2020,Thai Poultry Veterinary Association,,,,,
Achievements,96179,41341,First Aid Qualification,,18/10/2016,18/10/2016,18/10/2021,Thai Red Cross,,,,,
Achievements,96179,,Safety Officer at Supervisory Level,,23/10/2015,23/10/2015,23/10/2020,Safety and Health at Work Promotion Association,,,,,
Achievements,96179,,Pest Control Program,,27/11/2015,27/11/2015,27/11/2020,Elanco,,,,,
Achievements,96181,,Pest Control Program,,27/11/2015,27/11/2015,27/11/2020,Elanco,,,,,
Achievements,96181,41335,Health & Safety Short Course,,29/09/2016,29/09/2016,29/09/2021,Thai Poultry Veterinary Association,,,,,
Achievements,96181,41336,Hygiene & Biosecurity Short Course,,29/04/2015,29/04/2015,29/04/2020,Thai Poultry Veterinary Association,,,,,
Achievements,96181,41337,Manual Handling Short Course,,29/04/2015,29/04/2015,29/04/2020,Thai Poultry Veterinary Association,,,,,
Achievements,96181,41338,Poultry Welfare Short Course,,28/04/2015,28/04/2015,28/04/2020,Thai Poultry Veterinary Association,,,,,
Achievements,96181,41342,Level 3 Diploma in Work-based Agriculture or Equivalent,,11/03/2001,11/03/2001,,Rajamangala Institute of Technology,,,,,
Achievements,96181,,Safety Officer at Supervisory Level,,19/05/2015,19/05/2015,19/05/2020,Safety and Health at Work Promotion Association,,,,,
Achievements,96182,,Pest Control Program,,27/11/2015,27/11/2015,27/11/2020,Elanco,,,,,
Achievements,96182,41335,Health & Safety Short Course,,29/09/2016,29/09/2016,29/09/2021,Thai Poultry Veterinary Association,,,,,
Achievements,96182,41336,Hygiene & Biosecurity Short Course,,29/04/2015,29/04/2015,29/04/2020,Thai Poultry Veterinary Association,,,,,
Achievements,96182,41337,Manual Handling Short Course,,29/04/2015,29/04/2015,29/04/2020,Thai Poultry Veterinary Association,,,,,
Achievements,96182,41338,Poultry Welfare Short Course,,28/04/2015,28/04/2015,28/04/2020,Thai Poultry Veterinary Association,,,,,
Achievements,96182,41341,First Aid Qualification,,18/10/2016,18/10/2016,18/10/2021,Thai Red Cross,,,,,
Achievements,96182,41342,Level 3 Diploma in Work-based Agriculture or Equivalent,,15/12/2013,15/12/2013,,Department of Animal Production Technology,,,,,
Achievements,96183,,Pest Control Program,,27/11/2015,27/11/2015,27/11/2020,Elanco,,,,,
Achievements,96183,41335,Health & Safety Short Course,,29/09/2016,29/09/2016,29/09/2021,Thai Poultry Veterinary Association,,,,,
Achievements,96183,41336,Hygiene & Biosecurity Short Course,,18/09/2015,18/09/2015,18/09/2020,Thai Poultry Veterinary Association,,,,,
Achievements,96183,41337,Manual Handling Short Course,,18/09/2015,18/09/2015,18/09/2020,Thai Poultry Veterinary Association,,,,,
Achievements,96183,41338,Poultry Welfare Short Course,,17/09/2015,17/09/2015,17/09/2020,Thai Poultry Veterinary Association,,,,,
Achievements,96183,41341,First Aid Qualification,,18/10/2016,18/10/2016,18/10/2021,Thai Red Cross,,,,,
Achievements,96183,,Safety Officer at Supervisory Level,,19/05/2015,19/05/2015,19/05/2020,Safety and Health at Work Promotion Assocation,,,,,
Achievements,96185,,Pest Control Program,,27/11/2015,27/11/2015,27/11/2020,Elanco,,,,,
Achievements,96185,41335,Health & Safety Short Course,,29/09/2016,29/09/2016,29/09/2021,Thai Poultry Veterinary Association,,,,,
Achievements,96185,41336,Hygiene & Biosecurity Short Course,,18/09/2015,18/09/2015,18/09/2020,Thai Poultry Veterinary Association,,,,,
Achievements,96185,41337,Manual Handling Short Course,,18/09/2015,18/09/2015,18/09/2020,Thai Poultry Veterinary Association,,,,,
Achievements,96185,41338,Poultry Welfare Short Course,,17/09/2015,17/09/2015,17/09/2020,Thai Poultry Veterinary Association,,,,,
Achievements,96185,41341,First Aid Qualification,,19/10/2016,19/10/2016,19/10/2021,Thai Red Cross,,,,,
Achievements,96185,41342,Level 3 Diploma in Work-based Agriculture or Equivalent,,29/03/2013,29/03/2013,,King Mongkut's Institute of Technology Ladkrabang,,,,,
Achievements,96185,,Safety Officer at Supervisory Level,,19/05/2015,19/05/2015,19/05/2020,Safety and Health at Work Promotion Association,,,,,
Achievements,95370,,Pest Control Program,,27/11/2015,27/11/2015,27/11/2020,Elanco,,,,,
Achievements,95370,41335,Health & Safety Short Course,,29/09/2016,29/09/2016,29/09/2021,Thai Poultry Veterinary Association,,,,,
Achievements,95370,41336,Hygiene & Biosecurity Short Course,,13/11/2015,13/11/2015,13/11/2020,Thai Poultry Veterinary Association,,,,,
Achievements,95370,41337,Manual Handling Short Course,,13/11/2015,13/11/2015,13/11/2020,Thai Poultry Veterinary Association,,,,,
Achievements,95370,41338,Poultry Welfare Short Course,,12/11/2015,12/11/2015,12/11/2020,Thai Poultry Veterinary Association,,,,,
Achievements,95370,41341,First Aid Qualification,,18/10/2016,18/10/2016,18/10/2021,Thai Red Cross,,,,,
Achievements,95370,41342,Level 3 Diploma in Work-based Agriculture or Equivalent,,24/05/2015,24/05/2015,,Silpakorn University,,,,,
Achievements,95370,,Safety Officer at Technical LEvel,,10/12/2015,10/12/2015,10/12/2020,Safety and Health at Work Promotion Association,,,,,
Achievements,96186,41335,Health & Safety Short Course,,25/11/2016,25/11/2016,25/11/2021,Thai Poultry Veterinary Association,,,,,
Achievements,96186,41336,Hygiene & Biosecurity Short Course,,25/03/2015,25/03/2015,25/03/2020,Thai Poultry Veterinary Association,,,,,
Achievements,96186,41337,Manual Handling Short Course,,25/03/2015,25/03/2015,25/03/2020,Thai Poultry Veterinary Association,,,,,
Achievements,96186,41338,Poultry Welfare Short Course,,24/03/2015,24/03/2015,24/03/2020,Thai Poultry Veterinary Association,,,,,
Achievements,96186,41341,First Aid Qualification,,19/10/2016,19/10/2016,19/10/2021,Thai Red Cross,,,,,
Achievements,96186,41342,Level 3 Diploma in Work-based Agriculture or Equivalent,,23/03/1998,23/03/1998,,Khon Kaen Univeristy,,,,,
Achievements,96186,,Pest Control Program,,27/11/2015,27/11/2015,27/11/2020,Elanco,,,,,
Achievements,96187,,Hygiene and Biosecurity,,29/04/2015,29/04/2015,29/04/2020,Thai Poultry Veterinary Association,,,,,
Achievements,96187,,Manual Handling,,29/04/2015,29/04/2015,29/04/2020,Thai Poultry Veterinary Association,,,,,
Achievements,96187,,Poultry Welfare,,28/04/2015,28/04/2015,28/04/2020,Thai Poultry Veterinary Association,,,,,
Achievements,96187,,Health & Safety,,25/11/2016,25/11/2016,25/11/2021,Thai Poultry Veterinary Association,,,,,
Achievements,96187,,Basic First Aid Course,,19/10/2016,19/10/2016,19/10/2021,Thai Red Cross,,,,,
Achievements,96187,,Pest Control Program,,27/11/2015,27/11/2015,27/11/2020,Elanco,,,,,
Achievements,96187,,Bachelor of Science (Animal Science),,11/03/2002,11/03/2002,,Maejo University,,,,,
Achievements,96188,,Pest Control Program,,27/11/2015,27/11/2015,27/11/2020,Elanco,,,,,
Achievements,96188,41335,Health & Safety Short Course,,29/09/2016,29/09/2016,29/09/2021,Thai Poultry Veterinary Association,,,,,
Achievements,96188,41336,Hygiene & Biosecurity Short Course,,13/11/2015,13/11/2015,13/11/2020,Thai Poultry Veterinary Association,,,,,
Achievements,96188,41337,Manual Handling Short Course,,13/11/2015,13/11/2015,13/11/2020,Thai Poultry Veterinary Association,,,,,
Achievements,96188,41338,Poultry Welfare Short Course,,12/11/2015,12/11/2015,12/11/2020,Thai Poultry Veterinary Association,,,,,
Achievements,96188,41341,First Aid Qualification,,19/10/2016,19/10/2016,19/10/2021,Thai Red Cross,,,,,
Achievements,96188,41342,Level 3 Diploma in Work-based Agriculture or Equivalent,,15/07/2008,15/07/2008,,Thepsatri Rajabhat University,,,,,
Achievements,96188,,Safety Officer at Technical Level,,10/12/2015,10/12/2015,10/12/2020,Safety and Health at Work Promotion Association,,,,,
Achievements,96191,,Pest Control Program,,27/11/2015,27/11/2015,27/11/2020,Elanco,,,,,
Achievements,96191,41335,Health & Safety Short Course,,29/09/2016,29/09/2016,29/09/2021,Thai Poultry Veterinary Association,,,,,
Achievements,96191,41336,Hygiene & Biosecurity Short Course,,29/04/2015,29/04/2015,29/04/2020,Thai Poultry Veterinary Association,,,,,
Achievements,96191,41337,Manual Handling Short Course,,29/04/2015,29/04/2015,29/04/2020,Thai Poultry Veterinary Association,,,,,
Achievements,96191,41338,Poultry Welfare Short Course,,28/04/2015,28/04/2015,28/04/2020,Thai Poultry Veterinary Association,,,,,
Achievements,96191,41341,First Aid Qualification,,19/10/2016,19/10/2016,19/10/2021,Thai Red Cross,,,,,
Achievements,96191,41342,Level 3 Diploma in Work-based Agriculture or Equivalent,,02/03/2008,02/03/2008,,Rajamangala University,,,,,
Achievements,96191,,Safety Officer at Technical Level,,18/05/2016,18/05/2016,18/05/2021,Safety and Health at Work Promotion Association,,,,,
Achievements,96193,,Pest Control Program,,27/11/2015,27/11/2015,27/11/2020,Elanco,,,,,
Achievements,96193,41335,Health & Safety Short Course,,29/09/2016,29/09/2016,29/09/2021,Thai Poultry Veterinary Association,,,,,
Achievements,96193,41336,Hygiene & Biosecurity Short Course,,29/04/2015,29/04/2015,29/04/2020,Thai Poultry Veterinary Association,,,,,
Achievements,96193,41337,Manual Handling Short Course,,29/04/2015,29/04/2015,29/04/2020,Thai Poultry Veterinary Association,,,,,
Achievements,96193,41338,Poultry Welfare Short Course,,28/04/2015,28/04/2015,28/04/2020,Thai Poultry Veterinary Association,,,,,
Achievements,96193,41341,First Aid Qualification,,19/10/2016,19/10/2016,19/10/2021,Thai Red Cross,,,,,
Achievements,96193,41342,Level 3 Diploma in Work-based Agriculture or Equivalent,,07/05/2013,07/05/2013,,Suranaree University of Technology,,,,,
Achievements,96193,,Safety Officer at Technical Level,,18/05/2016,18/05/2016,18/05/2021,Safety and Health at Work Promotion Association,,,,,
Achievements,96195,,Pest Control Program,,27/11/2015,27/11/2015,27/11/2020,Elanco,,,,,
Achievements,96195,41335,Health & Safety Short Course,,25/11/2016,25/11/2016,25/11/2021,Thai Poultry Veterinary Association,,,,,
Achievements,96195,41336,Hygiene & Biosecurity Short Course,,25/03/2015,25/03/2015,25/03/2020,Thai Poultry Veterinary Association,,,,,
Achievements,96195,41337,Manual Handling Short Course,,25/03/2015,25/03/2015,25/03/2020,Thai Poultry Veterinary Association,,,,,
Achievements,96195,41338,Poultry Welfare Short Course,,24/03/2015,24/03/2015,24/03/2020,Thai Poultry Veterinary Association,,,,,
Achievements,96195,41341,First Aid Qualification,,19/10/2016,19/10/2016,19/10/2021,Thai Red Cross,,,,,
Achievements,96195,41342,Level 3 Diploma in Work-based Agriculture or Equivalent,,10/03/2001,10/03/2001,,Kasetsart University,,,,,
Achievements,96196,,Pest Control Program,,27/11/2015,27/11/2015,27/11/2020,Elanco,,,,,
Achievements,96196,,Bachelor of Science - Industrial Technology (Electricity),,29/02/2016,29/02/2016,,Thepsatri Rajabhat University,,,,,
Achievements,96196,41335,Health & Safety Short Course,,29/09/2016,29/09/2016,29/09/2021,Thai Poultry Veterinary Association,,,,,
Achievements,96196,41336,Hygiene & Biosecurity Short Course,,13/11/2015,13/11/2015,13/11/2020,Thai Poultry Veterinary Association,,,,,
Achievements,96196,41337,Manual Handling Short Course,,13/11/2015,13/11/2015,13/11/2020,Thai Poultry Veterinary Association,,,,,
Achievements,96196,41338,Poultry Welfare Short Course,,12/11/2015,12/11/2015,12/11/2020,Thai Poultry Veterinary Association,,,,,
Achievements,96196,41341,First Aid Qualification,,18/10/2016,18/10/2016,18/10/2021,Thai Red Cross,,,,,
Achievements,96196,41342,Level 3 Diploma in Work-based Agriculture or Equivalent,,18/07/2002,18/07/2002,,Thepsatri Rajabhat University,,,,,
Achievements,96197,,Pest Control Program,,27/11/2015,27/11/2015,27/11/2020,Elanco,,,,,
Achievements,96197,41335,Health & Safety Short Course,,29/09/2016,29/09/2016,29/09/2021,Thai Poultry Veterinary Association,,,,,
Achievements,96197,41336,Hygiene & Biosecurity Short Course,,29/04/2015,29/04/2015,29/04/2020,Thai Poultry Veterinary Association,,,,,
Achievements,96197,41337,Manual Handling Short Course,,29/04/2015,29/04/2015,29/04/2020,Thai Poultry Veterinary Association,,,,,
Achievements,96197,41338,Poultry Welfare Short Course,,28/04/2015,28/04/2015,28/04/2020,Thai Poultry Veterinary Association,,,,,
Achievements,96197,41341,First Aid Qualification,,19/10/2016,19/10/2016,19/10/2021,Thai Red Cross,,,,,
Achievements,96197,41342,Level 3 Diploma in Work-based Agriculture or Equivalent,,24/05/2006,24/05/2006,,Maejo University,,,,,
Achievements,96198,,Pest Control Program,,27/11/2015,27/11/2015,27/11/2020,Elanco,,,,,
Achievements,96198,41335,Health & Safety Short Course,,25/11/2016,25/11/2016,25/11/2021,Thai Poultry Veterinary Association,,,,,
Achievements,96198,41336,Hygiene & Biosecurity Short Course,,29/04/2015,29/04/2015,29/04/2020,Thai Poultry Veterinary Association,,,,,
Achievements,96198,41337,Manual Handling Short Course,,29/04/2015,29/04/2015,29/04/2020,Thai Poultry Veterinary Association,,,,,
Achievements,96198,41338,Poultry Welfare Short Course,,28/04/2015,28/04/2015,28/04/2020,Thai Poultry Veterinary Association,,,,,
Achievements,96198,41341,First Aid Qualification,,18/10/2016,18/10/2016,18/10/2021,Thai Red Cross,,,,,
Achievements,96198,41342,Level 3 Diploma in Work-based Agriculture or Equivalent,,09/04/2011,09/04/2011,,Suranaree University of Technology,,,,,
Achievements,96199,,Pest Control Program,,27/11/2015,27/11/2015,27/11/2020,Elanco,,,,,
Achievements,96199,41335,Health & Safety Short Course,,29/09/2016,29/09/2016,29/09/2021,Thai Poultry Veterinary Association,,,,,
Achievements,96199,41336,Hygiene & Biosecurity Short Course,,29/04/2015,29/04/2015,29/04/2020,Thai Poultry Veterinary Association,,,,,
Achievements,96199,41337,Manual Handling Short Course,,29/04/2015,29/04/2015,29/04/2020,Thai Poultry Veterinary Association,,,,,
Achievements,96199,41338,Poultry Welfare Short Course,,28/04/2015,28/04/2015,28/04/2020,Thai Poultry Veterinary Association,,,,,
Achievements,96199,41341,First Aid Qualification,,18/10/2016,18/10/2016,18/09/2021,The Thai Red Cross,,,,,
Achievements,96199,41342,Level 3 Diploma in Work-based Agriculture or Equivalent,,28/05/2006,12/03/2010,,Maejo University,,,,,
Achievements,104841,41335,Health & Safety Short Course,,29/09/2016,29/09/2016,29/09/2021,Thai Poultry Veterinary Association,,,,,
Achievements,104841,41336,Hygiene & Biosecurity Short Course,,13/11/2015,13/11/2015,13/11/2020,Thai Poultry Veterinary Association,,,,,
Achievements,104841,41337,Manual Handling Short Course,,13/11/2015,13/11/2015,13/11/2020,Thai Poultry Veterinary Association,,,,,
Achievements,104841,41338,Poultry Welfare Short Course,,12/11/2015,12/11/2015,12/11/2020,Thai Poultry Veterinary Association,,,,,
Achievements,104841,41341,First Aid Qualification,,19/10/2016,19/10/2016,19/10/2021,The Thai Red Cross Society,,,,,
Achievements,104841,41342,Level 3 Diploma in Work-based Agriculture or Equivalent,,06/06/2008,29/07/2014,,Khon Kaen University,,,,,
Achievements,104841,,Safety Officer at Supervisory Level,,26/05/2017,26/05/2017,26/05/2022,Safety and Health at Work Promotion Association,,,,,
Achievements,96202,,Hygiene and Biosecurity,,08/04/2015,08/04/2015,08/04/2020,Thai Poultry Veterinary Association,,,,,
Achievements,96202,,Manual Handling,,07/04/2015,07/04/2015,07/04/2020,Thai Poultry Veterinary Association,,,,,
Achievements,96202,,Poultry Welfare Course,,07/04/2015,07/04/2015,07/04/2020,Thai Poultry Veterinary Association,,,,,
Achievements,96202,,Basic First Aid Course,,20/10/2016,20/10/2016,20/10/2021,First Aid and Health Care Training Centre Thai Red Cross Society,,,,,
Achievements,96204,41335,Health & Safety Short Course,,24/11/2016,24/11/2016,24/11/2021,Thai Poultry Veterinary Association,,,,,
Achievements,96204,41336,Hygiene & Biosecurity Short Course,,25/03/2015,25/03/2015,25/03/2020,Thai Poultry Veterinary Association,,,,,
Achievements,96204,41337,Manual Handling Short Course,,25/03/2015,25/03/2015,25/03/2020,Thai Poultry Veterinary Association,,,,,
Achievements,96204,41338,Poultry Welfare Short Course,,24/03/2015,24/03/2015,24/03/2020,Thai Poultry Veterinary Association,,,,,
Achievements,96205,41335,Health & Safety Short Course,,24/11/2016,24/11/2016,24/11/2021,Thai Poultry Veterinary Association,,,,,
Achievements,96205,41336,Hygiene & Biosecurity Short Course,,29/04/2015,29/04/2015,29/04/2020,Thai Poultry Veterinary Association,,,,,
Achievements,96205,41337,Manual Handling Short Course,,29/04/2015,29/04/2015,29/04/2020,Thai Poultry Veterinary Association,,,,,
Achievements,96205,41338,Poultry Welfare Short Course,,28/04/2015,28/04/2015,28/04/2020,Thai Poultry Veterinary Association,,,,,
Achievements,96205,41341,First Aid Qualification,,19/10/2016,19/10/2016,19/10/2021,First Aid and Health Care Training Centre Thai Red Cross Society,,,,,
Achievements,96207,,Poultry Welfare Course,,07/04/2015,07/04/2015,07/04/2020,Thai Poultry Veterinary Association,,,,,
Achievements,96207,,Hygiene and Biosecurity,,08/04/2015,08/04/2015,08/04/2020,Thai Poultry Veterinary Association,,,,,
Achievements,96207,,Manual Handling,,07/04/2015,07/04/2015,07/04/2020,Thai Poultry Veterinary Association,,,,,
Achievements,96207,,Basic First Aid Course,,20/10/2016,20/10/2016,20/10/2021,First Aid and Health Care Training Centre Thai Red Cross Society,,,,,
Achievements,96207,,Health and Safety,,24/11/2016,24/11/2016,24/11/2021,Thai Poultry Veterinary Association,,,,,
Achievements,96209,,Manual Handling,,29/04/2015,29/04/2015,29/04/2020,Thai Poultry Veterinary Association,,,,,
Achievements,96209,,Hygiene and Biosecurity,,29/04/2015,29/04/2015,29/04/2020,Thai Poultry Veterinary Association,,,,,
Achievements,96209,,Poultry Welfare Course,,28/04/2015,28/04/2015,28/04/2020,Thai Poultry Veterinary Association,,,,,
Achievements,96209,,Basic First Aid Course,,19/10/2016,19/10/2016,19/10/2021,First Aid and Health Care Training Centre Thai Red Cross Society,,,,,
Achievements,96209,,Health and Safety,,25/10/2016,25/10/2016,25/10/2021,Thai Poultry Veterinary Association,,,,,
Achievements,96210,41335,Health & Safety Short Course,,25/10/2016,25/10/2016,25/10/2021,Thai Poultry Veterinary Association,,,,,
Achievements,96210,41336,Hygiene & Biosecurity Short Course,,08/04/2015,08/04/2015,08/04/2020,Thai Poultry Veterinary Association,,,,,
Achievements,96210,41337,Manual Handling Short Course,,07/04/2015,07/04/2015,07/04/2020,Thai Poultry Veterinary Association,,,,,
Achievements,96210,41338,Poultry Welfare Short Course,,07/04/2015,07/04/2015,07/04/2020,Thai Poultry Veterinary Association,,,,,
Achievements,96210,41341,First Aid Qualification,,20/10/2016,20/10/2016,20/10/2021,First Aid and Health Care Training Centre Thai Red Cross Society,,,,,
Achievements,96211,,Hygiene and Biosecurity,,08/04/2015,08/04/2015,08/04/2020,Thai Poultry Veterinary Association,,,,,
Achievements,96211,,Manual Handling,,07/04/2015,07/04/2015,07/04/2020,Thai Poultry Veterinary Association,,,,,
Achievements,96211,,Poultry Welfare Course,,07/04/2015,07/04/2015,07/04/2020,Thai Poultry Veterinary Association,,,,,
Achievements,96211,,Basic First Aid Course,,20/10/2016,20/10/2016,20/10/2021,First Aid and Health Care Training Centre Thai Red Cross Society,,,,,
Achievements,96211,,Health & Safety,,24/11/2016,24/11/2016,24/11/2021,Thai Poultry Veterinary Association,,,,,
Achievements,96212,,Basic First Aid Course,,19/10/2016,19/10/2016,19/10/2021,First Aid and Health Care Training Centre Thai Red Cross Society,,,,,
Achievements,96212,,Degree of Bachelor of Science (Animal Science),,10/03/2008,10/03/2008,,Maejo University,,,,,
Achievements,96212,,Health and Safety,,25/10/2016,25/10/2016,25/10/2021,Thai Poultry Veterinary Association,,,,,
Achievements,96212,,Hygiene and Biosecurity,,08/04/2015,08/04/2015,08/04/2020,Thai Poultry Veterinary Association,,,,,
Achievements,96212,,Manual Handling,,07/04/2015,07/04/2015,07/04/2020,Thai Poultry Veterinary Association,,,,,
Achievements,96212,,Poultry Welfare,,07/04/2015,07/04/2015,07/04/2020,Thai Poultry Veterinary Association,,,,,
Achievements,96213,41335,Health & Safety Short Course,,25/10/2016,25/10/2016,25/10/2021,Thai Poultry Veterinary Association,,,,,
Achievements,96213,41336,Hygiene & Biosecurity Short Course,,29/04/2015,29/04/2015,29/04/2020,Thai Poultry Veterinary Association,,,,,
Achievements,96213,41337,Manual Handling Short Course,,29/04/2015,29/04/2015,29/04/2020,Thai Poultry Veterinary Association,,,,,
Achievements,96213,41338,Poultry Welfare Short Course,,28/04/2015,28/04/2015,28/04/2020,Thai Poultry Veterinary Association,,,,,
Achievements,96213,41341,First Aid Qualification,,19/10/2016,19/10/2016,19/10/2021,First Aid and Health Care Training Centre Thai Red Cross Society,,,,,
Achievements,96214,41335,Health & Safety Short Course,,24/11/2016,24/11/2016,24/11/2021,Thai Poultry Veterinary Association,,,,,
Achievements,96214,41336,Hygiene & Biosecurity Short Course,,29/04/2015,29/04/2015,29/04/2020,Thai Poultry Veterinary Association,,,,,
Achievements,96214,41337,Manual Handling Short Course,,29/04/2015,29/04/2015,29/04/2020,Thai Poultry Veterinary Association,,,,,
Achievements,96214,41338,Poultry Welfare Short Course,,28/04/2015,28/04/2015,28/04/2020,Thai Poultry Veterinary Association,,,,,
Achievements,96214,41341,First Aid Qualification,,20/10/2016,20/10/2016,20/10/2021,First Aid and Health Care Training Centre Thai Red Cross Society,,,,,
Achievements,96216,41335,Health & Safety Short Course,,24/11/2016,24/11/2016,24/11/2021,Thai Poultry Veterinary Association,,,,,
Achievements,96216,41336,Hygiene & Biosecurity Short Course,,29/04/2015,29/04/2015,29/04/2020,Thai Poultry Veterinary Association,,,,,
Achievements,96216,41337,Manual Handling Short Course,,29/04/2015,29/04/2015,29/04/2020,Thai Poultry Veterinary Association,,,,,
Achievements,96216,41338,Poultry Welfare Short Course,,28/04/2015,28/04/2015,28/04/2020,Thai Poultry Veterinary Association,,,,,
Achievements,96216,41341,First Aid Qualification,,20/10/2016,20/10/2016,20/10/2021,First Aid and Health Care Training Centre Thai Red Cross Society,,,,,
Achievements,96217,41335,Health & Safety Short Course,,25/10/2016,25/10/2016,25/10/2021,Thai Poultry Veterinary Association,,,,,
Achievements,96217,41336,Hygiene & Biosecurity Short Course,,08/04/2015,08/04/2015,08/04/2020,Thai Poultry Veterinary Association,,,,,
Achievements,96217,41337,Manual Handling Short Course,,07/04/2015,07/04/2015,07/04/2020,Thai Poultry Veterinary Association,,,,,
Achievements,96217,41338,Poultry Welfare Short Course,,07/04/2015,07/04/2015,07/04/2020,Thai Poultry Veterinary Association,,,,,
Achievements,96217,41341,First Aid Qualification,,19/10/2016,19/10/2016,19/10/2021,First Aid and Health Care Training Centre Thai Red Cross Society,,,,,
Achievements,96218,41335,Health & Safety Short Course,,24/11/2016,24/11/2016,24/11/2021,Thai Poultry Veterinary Association,,,,,
Achievements,96218,41336,Hygiene & Biosecurity Short Course,,29/04/2015,29/04/2015,29/04/2020,Thai Poultry Veterinary Association,,,,,
Achievements,96218,41337,Manual Handling Short Course,,29/04/2015,29/04/2015,29/04/2020,Thai Poultry Veterinary Association,,,,,
Achievements,96218,41338,Poultry Welfare Short Course,,28/04/2015,28/04/2015,28/04/2020,Thai Poultry Veterinary Association,,,,,
Achievements,96218,41341,First Aid Qualification,,20/10/2016,20/10/2016,20/10/2021,First Aid and Health Care Training Centre Thai Red Cross Society,,,,,
Achievements,96219,41335,Health & Safety Short Course,,25/10/2016,25/10/2016,25/10/2021,Thai Poultry Veterinary Association,,,,,
Achievements,96219,41336,Hygiene & Biosecurity Short Course,,08/04/2015,08/04/2015,08/04/2020,Thai Poultry Veterinary Association,,,,,
Achievements,96219,41337,Manual Handling Short Course,,07/04/2015,07/04/2015,07/04/2020,Thai Poultry Veterinary Association,,,,,
Achievements,96219,41338,Poultry Welfare Short Course,,07/04/2015,07/04/2015,07/04/2020,Thai Poultry Veterinary Association,,,,,
Achievements,96219,41341,First Aid Qualification,,19/10/2016,19/10/2016,19/10/2021,First Aid and Health Care Training Centre Thai Red Cross Society,,,,,
Achievements,96220,41335,Health & Safety Short Course,,24/11/2016,24/11/2016,24/11/2021,Thai Poultry Veterinary Association,,,,,
Achievements,96220,41336,Hygiene & Biosecurity Short Course,,29/04/2015,29/04/2015,29/04/2020,Thai Poultry Veterinary Association,,,,,
Achievements,96220,41337,Manual Handling Short Course,,29/04/2015,29/04/2015,29/04/2020,Thai Poultry Veterinary Association,,,,,
Achievements,96220,41338,Poultry Welfare Short Course,,28/04/2015,28/04/2015,28/04/2020,Thai Poultry Veterinary Association,,,,,
Achievements,96220,41341,First Aid Qualification,,19/10/2016,19/10/2016,19/10/2021,First Aid and Health Care Training Centre Thai Red Cross Society,,,,,
Achievements,96222,41335,Health & Safety Short Course,,24/11/2016,24/11/2016,24/11/2021,Thai Poultry Veterinary Association,,,,,
Achievements,96222,41336,Hygiene & Biosecurity Short Course,,29/04/2015,29/04/2015,29/04/2020,Thai Poultry Veterinary Association,,,,,
Achievements,96222,41337,Manual Handling Short Course,,29/04/2015,29/04/2015,29/04/2020,Thai Poultry Veterinary Association,,,,,
Achievements,96222,41338,Poultry Welfare Short Course,,28/04/2015,28/04/2015,28/04/2019,Thai Poultry Veterinary Association,,,,,
Achievements,96222,41341,First Aid Qualification,,20/10/2016,20/10/2016,20/10/2021,First Aid and Health Care Training Centre Thai Red Cross Society,,,,,
Achievements,96223,41335,Health & Safety Short Course,,25/10/2016,25/10/2016,25/10/2021,Thai Poultry Veterinary Association,,,,,
Achievements,96223,41336,Hygiene & Biosecurity Short Course,,29/04/2015,29/04/2015,29/04/2020,Thai Poultry Veterinary Association,,,,,
Achievements,96223,41337,Manual Handling Short Course,,29/04/2015,29/04/2015,29/04/2020,Thai Poultry Veterinary Association,,,,,
Achievements,96223,41338,Poultry Welfare Short Course,,28/04/2015,28/04/2015,28/04/2020,Thai Poultry Veterinary Association,,,,,
Achievements,96223,41341,First Aid Qualification,,20/10/2016,20/10/2016,20/10/2021,First Aid and Health Care Training Centre Thai Red Cross Society,,,,,
Achievements,96224,41335,Health & Safety Short Course,,25/10/2016,25/10/2016,25/10/2021,Thai Poultry Veterinary Association,,,,,
Achievements,96224,41336,Hygiene & Biosecurity Short Course,,29/04/2015,29/04/2015,29/04/2020,Thai Poultry Veterinary Association,,,,,
Achievements,96224,41337,Manual Handling Short Course,,29/04/2015,29/04/2015,29/04/2020,Thai Poultry Veterinary Association,,,,,
Achievements,96224,41338,Poultry Welfare Short Course,,28/04/2015,28/04/2015,28/04/2020,Thai Poultry Veterinary Association,,,,,
Achievements,96224,41341,First Aid Qualification,,19/10/2016,19/10/2016,19/10/2021,First Aid and Health Care Training Centre Thai Red Cross Society,,,,,
Achievements,96225,41335,Health & Safety Short Course,,25/10/2016,25/10/2016,25/10/2021,Thai Poultry Veterinary Association,,,,,
Achievements,96225,41336,Hygiene & Biosecurity Short Course,,29/04/2015,29/04/2015,29/04/2020,Thai Poultry Veterinary Association,,,,,
Achievements,96225,41337,Manual Handling Short Course,,28/04/2015,28/04/2015,29/04/2020,Thai Poultry Veterinary Association,,,,,
Achievements,96225,41338,Poultry Welfare Short Course,,28/04/2015,28/04/2015,28/04/2020,Thai Poultry Veterinary Association,,,,,
Achievements,96225,41341,First Aid Qualification,,20/10/2016,20/10/2016,20/10/2021,First Aid and Health Care Training Centre Thai Red Cross Society,,,,,
Achievements,96226,41335,Health & Safety Short Course,,24/11/2016,24/11/2016,24/11/2021,Thai Poultry Veterinary Association,,,,,
Achievements,96226,41336,Hygiene & Biosecurity Short Course,,29/04/2015,29/04/2015,29/04/2020,Thai Poultry Veterinary Association,,,,,
Achievements,96226,41337,Manual Handling Short Course,,29/04/2015,29/04/2015,29/04/2020,Thai Poultry Veterinary Association,,,,,
Achievements,96226,41338,Poultry Welfare Short Course,,28/04/2015,28/04/2015,28/04/2020,Thai Poultry Veterinary Association,,,,,
Achievements,96226,41341,First Aid Qualification,,19/10/2016,19/10/2016,19/10/2021,First Aid and Health Care Training Centre Thai Red Cross Society,,,,,
Achievements,96228,41335,Health & Safety Short Course,,24/11/2016,24/11/2016,24/11/2021,Thai Poultry Veterinary Association,,,,,
Achievements,96228,41336,Hygiene & Biosecurity Short Course,,29/04/2015,29/04/2015,29/04/2020,Thai Poultry Veterinary Association,,,,,
Achievements,96228,41337,Manual Handling Short Course,,29/04/2015,29/04/2015,29/04/2020,Thai Poultry Veterinary Association,,,,,
Achievements,96228,41338,Poultry Welfare Short Course,,28/04/2015,28/04/2015,28/04/2020,Thai Poultry Veterinary Association,,,,,
Achievements,96228,41341,First Aid Qualification,,20/10/2016,20/10/2016,20/10/2021,First Aid and Health Care Training Centre Thai Red Cross Society,,,,,
Achievements,96229,41335,Health & Safety Short Course,,24/11/2016,24/11/2016,24/11/2021,Thai Poultry Veterinary Association,,,,,
Achievements,96229,41336,Hygiene & Biosecurity Short Course,,08/04/2015,08/04/2015,08/04/2020,Thai Poultry Veterinary Association,,,,,
Achievements,96229,41337,Manual Handling Short Course,,07/04/2015,07/04/2015,07/04/2020,Thai Poultry Veterinary Association,,,,,
Achievements,96229,41338,Poultry Welfare Short Course,,07/04/2015,07/04/2015,07/04/2020,Thai Poultry Veterinary Association,,,,,
Achievements,96229,41341,First Aid Qualification,,20/10/2016,20/10/2016,20/10/2021,First Aid and Health Care Training Centre Thai Red Cross Society,,,,,
Achievements,96230,41335,Health & Safety Short Course,,24/11/2016,24/11/2016,24/11/2021,Thai Poultry Veterinary Association,,,,,
Achievements,96230,41336,Hygiene & Biosecurity Short Course,,29/04/2015,29/04/2015,29/04/2020,Thai Poultry Veterinary Association,,,,,
Achievements,96230,41337,Manual Handling Short Course,,29/04/2015,29/04/2015,29/04/2020,Thai Poultry Veterinary Association,,,,,
Achievements,96230,41338,Poultry Welfare Short Course,,28/04/2015,28/04/2015,28/04/2020,Thai Poultry Veterinary Association,,,,,
Achievements,96230,41341,First Aid Qualification,,20/10/2016,20/10/2016,20/10/2021,First Aid and Health Care Training Centre Thai Red Cross Society,,,,,
Achievements,96232,41335,Health & Safety Short Course,,25/10/2016,25/10/2016,25/10/2021,Thai Poultry Veterinary Association,,,,,
Achievements,96232,41336,Hygiene & Biosecurity Short Course,,29/04/2015,29/04/2015,29/04/2020,Thai Poultry Veterinary Association,,,,,
Achievements,96232,41337,Manual Handling Short Course,,29/04/2015,29/04/2015,29/04/2020,Thai Poultry Veterinary Association,,,,,
Achievements,96232,41338,Poultry Welfare Short Course,,28/04/2015,28/04/2015,28/04/2020,Thai Poultry Veterinary Association,,,,,
Achievements,96232,41341,First Aid Qualification,,19/10/2016,19/10/2016,19/10/2021,First Aid and Health Care Training Centre Thai Red Cross Society,,,,,
Achievements,96233,41335,Health & Safety Short Course,,24/11/2016,24/11/2016,24/11/2021,Thai Poultry Veterinary Association,,,,,
Achievements,96233,41336,Hygiene & Biosecurity Short Course,,29/04/2015,29/04/2015,29/04/2020,Thai Poultry Veterinary Association,,,,,
Achievements,96233,41337,Manual Handling Short Course,,29/04/2015,29/04/2015,29/04/2020,Thai Poultry Veterinary Association,,,,,
Achievements,96233,41338,Poultry Welfare Short Course,,28/04/2015,28/04/2015,28/04/2020,Thai Poultry Veterinary Association,,,,,
Achievements,96233,41341,First Aid Qualification,,20/10/2016,20/10/2016,20/10/2021,First Aid and Health Care Training Centre Thai Red Cross Society,,,,,
Achievements,96234,41335,Health & Safety Short Course,,24/11/2016,24/11/2016,24/11/2021,Thai Poultry Veterinary Association,,,,,
Achievements,96234,41336,Hygiene & Biosecurity Short Course,,29/04/2015,29/04/2015,29/04/2020,Thai Poultry Veterinary Association,,,,,
Achievements,96234,41337,Manual Handling Short Course,,29/04/2015,29/04/2015,29/04/2020,Thai Poultry Veterinary Association,,,,,
Achievements,96234,41338,Poultry Welfare Short Course,,28/04/2015,28/04/2015,28/04/2020,Thai Poultry Veterinary Association,,,,,
Achievements,96234,41341,First Aid Qualification,,20/10/2016,20/10/2016,20/10/2021,First Aid and Health Care Training Centre Thai Red Cross Society,,,,,
Achievements,96235,41335,Health & Safety Short Course,,25/10/2016,25/10/2016,25/10/2021,Thai Poultry Veterinary Association,,,,,
Achievements,96235,41336,Hygiene & Biosecurity Short Course,,29/04/2015,29/04/2015,29/04/2020,Thai Poultry Veterinary Association,,,,,
Achievements,96235,41337,Manual Handling Short Course,,29/04/2015,29/04/2015,29/04/2020,Thai Poultry Veterinary Association,,,,,
Achievements,96235,41338,Poultry Welfare Short Course,,28/04/2015,28/04/2015,28/04/2020,Thai Poultry Veterinary Association,,,,,
Achievements,96235,41341,First Aid Qualification,,19/10/2016,19/10/2016,19/10/2021,First Aid and Health Care Training Centre Thai Red Cross Society,,,,,
Achievements,96241,41335,Health & Safety Short Course,,25/11/2016,25/11/2016,25/11/2021,Thai Poultry Veterinary Association,,,,,
Achievements,96241,41336,Hygiene & Biosecurity Short Course,,08/07/2015,08/07/2015,08/07/2020,Thai Poultry Veterinary Association,,,,,
Achievements,96241,41337,Manual Handling Short Course,,08/07/2015,08/07/2015,08/07/2020,Thai Poultry Veterinary Association,,,,,
Achievements,96241,41338,Poultry Welfare Short Course,,07/07/2015,07/07/2015,07/07/2020,Thai Poultry Veterinary Association,,,,,
Achievements,96241,41341,First Aid Qualification,,22/02/2018,22/02/2018,22/02/2023,Thai Red Cross,,,,,
Achievements,96241,41342,Level 3 Diploma in Work-based Agriculture or Equivalent,,31/05/2005,25/03/2009,,Maejo University,,,,,
Achievements,96242,41335,Health & Safety Short Course,,25/11/2016,25/11/2016,25/11/2021,Thai Poultry Veterinary Association,,,,,
Achievements,96242,41336,Hygiene & Biosecurity Short Course,,08/07/2015,08/07/2015,08/07/2020,Thai Poultry Veterinary Association,,,,,
Achievements,96242,41337,Manual Handling Short Course,,08/07/2015,08/07/2015,08/07/2020,Thai Poultry Veterinary Association,,,,,
Achievements,96242,41338,Poultry Welfare Short Course,,07/07/2015,07/07/2015,07/07/2020,Thai Poultry Veterinary Association,,,,,
Achievements,96242,41341,First Aid Qualification,,22/02/2018,22/02/2018,22/02/2023,Thai Red Cross,,,,,
Achievements,96242,,Graduation of Junior High School Certificate,,25/03/1980,25/03/1980,,Takfawichaprasit School,,,,,
Achievements,96247,41335,Health & Safety Short Course,,25/11/2016,25/11/2016,25/11/2021,Thai Poultry Veterinary Association,,,,,
Achievements,96247,41336,Hygiene & Biosecurity Short Course,,08/07/2015,08/07/2015,08/07/2020,Thai Poultry Veterinary Association,,,,,
Achievements,96247,41337,Manual Handling Short Course,,08/07/2015,08/07/2015,08/07/2020,Thai Poultry Veterinary Association,,,,,
Achievements,96247,41338,Poultry Welfare Short Course,,07/07/2015,07/07/2015,07/07/2020,Thai Poultry Veterinary Association,,,,,
Achievements,96247,41341,First Aid Qualification,,22/02/2018,22/02/2018,22/02/2023,Thai Red Cross,,,,,
Achievements,96247,,High School Graduation Certificate,,15/03/1978,15/03/1978,,Sapphayawitthaya School,,,,,
Achievements,96248,41335,Health & Safety Short Course,,24/11/2016,24/11/2016,24/11/2021,Thai Poultry Veterinary Association,,,,,
Achievements,96248,41336,Hygiene & Biosecurity Short Course,,13/11/2015,13/11/2015,13/11/2020,Thai Poultry Veterinary Association,,,,,
Achievements,96248,41337,Manual Handling Short Course,,13/11/2015,13/11/2015,13/11/2020,Thai Poultry Veterinary Association,,,,,
Achievements,96248,41338,Poultry Welfare Short Course,,12/11/2015,12/11/2015,12/11/2020,Thai Poultry Veterinary Association,,,,,
Achievements,96248,41341,First Aid Qualification,,22/02/2018,22/02/2018,22/02/2023,Thai Red Cross,,,,,
Achievements,96248,,Degree in Master of Public Administration,,12/09/2009,03/06/2011,,Thepsatri Rajabhat University,,,,,
Achievements,96250,41335,Health & Safety Short Course,,25/11/2016,25/11/2016,25/11/2021,Thai Poultry Veterinary Association,,,,,
Achievements,96250,41336,Hygiene & Biosecurity Short Course,,28/08/2015,28/08/2015,28/08/2020,Thai Poultry Veterinary Association,,,,,
Achievements,96250,41337,Manual Handling Short Course,,28/08/2015,28/08/2015,28/08/2020,Thai Poultry Veterinary Association,,,,,
Achievements,96250,41338,Poultry Welfare Short Course,,27/08/2015,27/08/2015,27/08/2020,Thai Poultry Veterinary Association,,,,,
Achievements,96256,41335,Health & Safety Short Course,,25/11/2016,25/11/2016,25/11/2021,Thai Poultry Veterinary Association,,,,,
Achievements,96256,41336,Hygiene & Biosecurity Short Course,,08/07/2015,08/07/2015,08/07/2020,Thai Poultry Veterinary Association,,,,,
Achievements,96256,41337,Manual Handling Short Course,,08/07/2015,08/07/2015,08/07/2020,Thai Poultry Veterinary Association,,,,,
Achievements,96256,41338,Poultry Welfare Short Course,,07/07/2015,07/07/2015,07/07/2020,Thai Poultry Veterinary Association,,,,,
Achievements,96256,41341,First Aid Qualification,,22/02/2018,22/02/2018,22/02/2023,Thai Red Cross,,,,,
Achievements,96256,,Degree in Master of Business Administration,,29/04/2010,29/04/2010,,Thepsatri Rajabhat University,,,,,
Achievements,102201,41335,Health & Safety Short Course,,25/11/2016,25/11/2016,25/11/2021,Thai Poultry Veterinary Associtation,,,,,
Achievements,102201,41336,Hygiene & Biosecurity Short Course,,08/07/2015,08/07/2015,08/07/2020,Thai Poultry Veterinary Associtation,,,,,
Achievements,102201,41337,Manual Handling Short Course,,08/07/2015,08/07/2015,08/07/2020,Thai Poultry Veterinary Associtation,,,,,
Achievements,102201,41338,Poultry Welfare Short Course,,07/07/2015,07/07/2015,07/07/2020,Thai Poultry Veterinary Associtation,,,,,
Achievements,102201,41341,First Aid Qualification,,22/02/2018,22/02/2018,22/02/2023,Thai Red Cross,,,,,
Achievements,102201,41342,Level 3 Diploma in Work-based Agriculture or Equivalent,,01/06/2008,20/05/2012,,Rajamangala University of Technology,,,,,
Achievements,109332,41335,Health & Safety Short Course,,24/11/2017,24/11/2017,24/11/2022,Thai Poultry Veterinary Association,,,,,
Achievements,109332,41336,Hygiene & Biosecurity Short Course,,23/11/2017,23/11/2017,23/11/2022,Thai Poultry Veterinary Association,,,,,
Achievements,109332,41337,Manual Handling Short Course,,24/11/2017,24/11/2017,24/11/2022,Thai Poultry Veterinary Association,,,,,
Achievements,109332,41338,Poultry Welfare Short Course,,23/11/2017,23/11/2017,23/11/2022,Thai Poultry Veterinary Association,,,,,
Achievements,109332,41341,First Aid Qualification,,21/02/2018,21/02/2018,21/02/2023,Thai Red Cross,,,,,
Achievements,109332,,Degree in Bachelor of Engineering (Civil Engineering),,27/04/2001,07/03/2004,,Rajamangala Institute of Technology,,,,,
Achievements,96260,41335,Health & Safety Short Course,,24/11/2016,24/11/2016,24/11/2021,Thai Poultry Veterinary Association,,,,,
Achievements,96260,41336,Hygiene & Biosecurity Short Course,,08/07/2015,08/07/2015,08/07/2020,Thai Poultry Veterinary Association,,,,,
Achievements,96260,41337,Manual Handling Short Course,,08/07/2015,08/07/2015,08/07/2020,Thai Poultry Veterinary Association,,,,,
Achievements,96260,41338,Poultry Welfare Short Course,,07/07/2015,07/07/2015,07/07/2020,Thai Poultry Veterinary Association,,,,,
Achievements,96260,41341,First Aid Qualification,,21/02/2018,21/02/2018,21/02/2023,Thai Red Cross,,,,,
Achievements,96260,41342,Level 3 Diploma in Work-based Agriculture or Equivalent,,12/05/2009,14/06/2011,,Ramkhamhaeng University,,,,,
Achievements,96261,41335,Health & Safety Short Course,,24/11/2016,24/11/2016,24/11/2021,Thai Poultry Veterinary Association,,,,,
Achievements,96261,41336,Hygiene & Biosecurity Short Course,,13/11/2015,13/11/2015,13/11/2020,Thai Poultry Veterinary Association,,,,,
Achievements,96261,41337,Manual Handling Short Course,,13/11/2015,13/11/2015,13/11/2020,Thai Poultry Veterinary Association,,,,,
Achievements,96261,41338,Poultry Welfare Short Course,,12/11/2015,12/11/2015,12/11/2020,Thai Poultry Veterinary Association,,,,,
Achievements,96261,41341,First Aid Qualification,,21/02/2018,21/02/2018,21/02/2023,Thai Red Cross,,,,,
Achievements,96261,,Bachelor of Engineering - Ceramic Engineering,,26/05/1997,03/04/2001,,Suranareee University of Technology,,,,,
Achievements,95379,41335,Health & Safety Short Course,,24/11/2016,24/11/2016,24/11/2021,Thai Poultry Veterinary Association,,,,,
Achievements,95379,41336,Hygiene & Biosecurity Short Course,,08/07/2015,08/07/2015,08/07/2020,Thai Poultry Veterinary Association,,,,,
Achievements,95379,41337,Manual Handling Short Course,,08/07/2015,08/07/2015,08/07/2020,Thai Poultry Veterinary Association,,,,,
Achievements,95379,41338,Poultry Welfare Short Course,,07/07/2015,07/07/2015,07/07/2020,Thai Poultry Veterinary Association,,,,,
Achievements,95379,41341,First Aid Qualification,,22/02/2018,22/02/2018,22/02/2023,Thai Red Cross,,,,,
Achievements,95379,41342,Level 3 Diploma in Work-based Agriculture or Equivalent,,07/10/1995,07/10/1995,,Kasetsart University,,,,,
Achievements,95380,41336,Hygiene & Biosecurity Short Course,,08/04/2015,08/04/2015,08/04/2020,Thai Poultry Veterinary Association,,,,,
Achievements,95380,41337,Manual Handling Short Course,,07/04/2015,07/04/2015,07/04/2020,Thai Poultry Veterinary Association,,,,,
Achievements,95380,41338,Poultry Welfare Short Course,,07/04/2015,07/04/2015,07/04/2020,Thai Poultry Veterinary Association,,,,,
Achievements,95380,41336,Hygiene & Biosecurity Short Course,,08/04/2015,08/04/2015,08/04/2020,Thai Poultry Veterinary Association,,,,,
Achievements,95380,41337,Manual Handling Short Course,,07/04/2015,07/04/2015,07/04/2020,Thai Poultry Veterinary Association,,,,,
Achievements,95380,41338,Poultry Welfare Short Course,,07/04/2015,07/04/2015,07/04/2020,Thai Poultry Veterinary Association,,,,,
Achievements,95381,41335,Health & Safety Short Course,,27/07/2017,27/07/2017,27/07/2022,Thai Poultry Veterinary Association,,,,,
Achievements,95381,41336,Hygiene & Biosecurity Short Course,,31/03/2016,31/03/2016,31/03/2021,Thai Poultry Veterinary Association,,,,,
Achievements,95381,41337,Manual Handling Short Course,,31/03/2016,31/03/2016,31/03/2021,Thai Poultry Veterinary Association,,,,,
Achievements,95381,41338,Poultry Welfare Short Course,,30/03/2016,30/03/2016,30/03/2021,Thai Poultry Veterinary Association,,,,,
Achievements,96263,41335,Health & Safety Short Course,,29/09/2016,29/09/2016,29/09/2021,Thai Poultry Veterinary Association,,,,,
Achievements,96263,41336,Hygiene & Biosecurity Short Course,,23/11/2017,23/11/2017,23/11/2022,Thai Poultry Veterinary Association,,,,,
Achievements,96263,41337,Manual Handling Short Course,,24/11/2017,24/11/2017,24/11/2022,Thai Poultry Veterinary Association,,,,,
Achievements,96263,41338,Poultry Welfare Short Course,,23/11/2017,23/11/2017,23/11/2022,Thai Poultry Veterinary Association,,,,,
Achievements,96263,41341,First Aid Qualification,,14/08/2018,14/08/2018,14/08/2023,First Aid Training Bangkok,,,,,
Achievements,95380,41336,Hygiene & Biosecurity Short Course,,08/04/2015,08/04/2015,08/04/2020,Thai Poultry Veterinary Association,,,,,
Achievements,95380,41337,Manual Handling Short Course,,07/04/2015,07/04/2015,07/04/2020,Thai Poultry Veterinary Association,,,,,
Achievements,95380,41338,Poultry Welfare Short Course,,07/04/2015,07/04/2015,07/04/2020,Thai Poultry Veterinary Association,,,,,
Achievements,96264,41336,Hygiene & Biosecurity Short Course,,26/07/2017,26/07/2017,26/07/2022,Thai Poultry Veterinary Association,,,,,
Achievements,96264,41338,Poultry Welfare Short Course,,27/07/2017,27/07/2017,27/07/2022,Thai Poultry Veterinary Association,,,,,
Achievements,95380,41336,Hygiene & Biosecurity Short Course,,08/04/2015,08/04/2015,08/04/2020,Thai Poultry Veterinary Association,,,,,
Achievements,95380,41337,Manual Handling Short Course,,07/04/2015,07/04/2015,07/04/2020,Thai Poultry Veterinary Association,,,,,
Achievements,95380,41338,Poultry Welfare Short Course,,07/04/2015,07/04/2015,07/04/2020,Thai Poultry Veterinary Association,,,,,
Achievements,95382,41335,Health & Safety Short Course,,27/07/2017,27/07/2017,27/07/2022,Thai Poultry Veterinary Association,,,,,
Achievements,95382,41336,Hygiene & Biosecurity Short Course,,31/03/2016,31/03/2016,31/03/2021,Thai Poultry Veterinary Association,,,,,
Achievements,95382,41337,Manual Handling Short Course,,31/03/2016,31/03/2016,31/03/2021,Thai Poultry Veterinary Association,,,,,
Achievements,95382,41338,Poultry Welfare Short Course,,30/03/2016,30/03/2016,30/03/2021,Thai Poultry Veterinary Association,,,,,
Achievements,95382,41341,First Aid Qualification,,14/08/2018,14/08/2018,14/08/2023,First Aid Training Bangkok,,,,,
Achievements,96265,41336,Hygiene & Biosecurity Short Course,,26/07/2017,26/07/2017,26/07/2022,Thai Poultry Veterinary Association,,,,,
Achievements,96265,41337,Manual Handling Short Course,,26/07/2017,26/07/2017,26/07/2022,Thai Poultry Veterinary Association,,,,,
Achievements,96265,41338,Poultry Welfare Short Course,,27/07/2017,27/07/2017,27/07/2022,Thai Poultry Veterinary Association,,,,,
Achievements,95380,41336,Hygiene & Biosecurity Short Course,,08/04/2015,08/04/2015,08/04/2020,Thai Poultry Veterinary Association,,,,,
Achievements,95380,41337,Manual Handling Short Course,,07/04/2015,07/04/2015,07/04/2020,Thai Poultry Veterinary Association,,,,,
Achievements,95380,41338,Poultry Welfare Short Course,,07/04/2015,07/04/2015,07/04/2020,Thai Poultry Veterinary Association,,,,,
Achievements,95384,41335,Health & Safety Short Course,,27/07/2017,27/07/2017,27/07/2022,Thai Poultry Veterinary Association,,,,,
Achievements,95384,41336,Hygiene & Biosecurity Short Course,,31/03/2016,31/03/2016,31/03/2021,Thai Poultry Veterinary Association,,,,,
Achievements,95384,41337,Manual Handling Short Course,,31/03/2016,31/03/2016,31/03/2021,Thai Poultry Veterinary Association,,,,,
Achievements,95384,41338,Poultry Welfare Short Course,,30/03/2016,30/03/2016,30/03/2021,Thai Poultry Veterinary Association,,,,,
Achievements,95384,41341,First Aid Qualification,,14/08/2018,14/08/2018,14/08/2023,First Aid Training Bangkok,,,,,
Achievements,96267,41335,Health & Safety Short Course,,29/09/2016,29/09/2016,29/09/2021,Thai Poultry Veterinary Association,,,,,
Achievements,96267,41336,Hygiene & Biosecurity Short Course,,26/07/2017,26/07/2017,26/07/2022,Thai Poultry Veterinary Association,,,,,
Achievements,96267,41337,Manual Handling Short Course,,26/07/2017,26/07/2017,26/07/2022,Thai Poultry Veterinary Association,,,,,
Achievements,96267,41338,Poultry Welfare Short Course,,27/07/2017,27/07/2017,27/07/2022,Thai Poultry Veterinary Association,,,,,
Achievements,96267,41341,First Aid Qualification,,24/08/2018,24/08/2018,24/08/2023,First Aid Training Bangkok,,,,,
Achievements,103627,41341,First Aid Qualification,,14/08/2018,14/08/2018,14/08/2023,First Aid Training Bangkok,,,,,
Achievements,95380,41336,Hygiene & Biosecurity Short Course,,08/04/2015,08/04/2015,08/04/2020,Thai Poultry Veterinary Association,,,,,
Achievements,95380,41337,Manual Handling Short Course,,07/04/2015,07/04/2015,07/04/2020,Thai Poultry Veterinary Association,,,,,
Achievements,95380,41338,Poultry Welfare Short Course,,07/04/2015,07/04/2015,07/04/2020,Thai Poultry Veterinary Association,,,,,
Achievements,96271,41335,Health & Safety Short Course,,29/09/2016,29/09/2016,29/09/2021,Thai Poultry Veterinary Association,,,,,
Achievements,96271,41336,Hygiene & Biosecurity Short Course,,26/07/2017,26/07/2017,26/07/2022,Thai Poultry Veterinary Association,,,,,
Achievements,96271,41337,Manual Handling Short Course,,26/07/2017,26/07/2017,26/07/2022,Thai Poultry Veterinary Association,,,,,
Achievements,96271,41338,Poultry Welfare Short Course,,27/07/2017,27/07/2017,27/07/2022,Thai Poultry Veterinary Association,,,,,
Achievements,103628,41341,First Aid Qualification,,14/08/2018,14/08/2018,14/08/2023,First Aid Training Bangkok,,,,,
Achievements,95380,41336,Hygiene & Biosecurity Short Course,,08/04/2015,08/04/2015,08/04/2020,Thai Poultry Veterinary Association,,,,,
Achievements,95380,41337,Manual Handling Short Course,,07/04/2015,07/04/2015,07/04/2020,Thai Poultry Veterinary Association,,,,,
Achievements,95380,41338,Poultry Welfare Short Course,,07/04/2015,07/04/2015,07/04/2020,Thai Poultry Veterinary Association,,,,,
Achievements,96273,41335,Health & Safety Short Course,,27/07/2017,27/07/2017,27/07/2022,Thai Poultry Veterinary Association,,,,,
Achievements,96273,41336,Hygiene & Biosecurity Short Course,,31/03/2016,31/03/2016,31/03/2021,Thai Poultry Veterinary Association,,,,,
Achievements,96273,41337,Manual Handling Short Course,,31/03/2016,31/03/2016,31/03/2021,Thai Poultry Veterinary Association,,,,,
Achievements,96273,41338,Poultry Welfare Short Course,,30/03/2016,30/03/2016,30/03/2021,Thai Poultry Veterinary Association,,,,,
Achievements,96273,41341,First Aid Qualification,,14/08/2018,14/08/2018,14/08/2023,First Aid Training Bangkok,,,,,
Achievements,96274,41335,Health & Safety Short Course,,29/09/2016,29/09/2016,29/09/2021,Thai Poultry Veterinary Association,,,,,
Achievements,96274,41336,Hygiene & Biosecurity Short Course,,26/07/2017,26/07/2017,26/07/2022,Thai Poultry Veterinary Association,,,,,
Achievements,96274,41337,Manual Handling Short Course,,26/07/2017,26/07/2017,26/07/2022,Thai Poultry Veterinary Association,,,,,
Achievements,96274,41338,Poultry Welfare Short Course,,27/07/2017,27/07/2017,27/07/2022,Thai Poultry Veterinary Association,,,,,
Achievements,96274,41341,First Aid Qualification,,14/08/2018,14/08/2018,14/08/2023,First Aid Training Bangkok,,,,,
Achievements,108430,41341,First Aid Qualification,,14/08/2018,14/08/2018,14/08/2023,First Aid Training Bangkok,,,,,
Achievements,95380,41336,Hygiene & Biosecurity Short Course,,08/04/2015,08/04/2015,08/04/2020,Thai Poultry Veterinary Association,,,,,
Achievements,95380,41337,Manual Handling Short Course,,07/04/2015,07/04/2015,07/04/2020,Thai Poultry Veterinary Association,,,,,
Achievements,95380,41338,Poultry Welfare Short Course,,07/04/2015,07/04/2015,07/04/2020,Thai Poultry Veterinary Association,,,,,
Achievements,95385,41335,Health & Safety Short Course,,27/07/2017,27/07/2017,27/07/2022,Thai Poultry Veterinary Association,,,,,
Achievements,96275,41335,Health & Safety Short Course,,29/09/2016,29/09/2016,29/09/2021,Thai Poultry Veterinary Association,,,,,
Achievements,96275,41336,Hygiene & Biosecurity Short Course,,26/07/2017,26/07/2017,26/07/2022,Thai Poultry Veterinary Association,,,,,
Achievements,96275,41337,Manual Handling Short Course,,26/07/2017,26/07/2017,26/07/2022,Thai Poultry Veterinary Association,,,,,
Achievements,96275,41338,Poultry Welfare Short Course,,27/07/2017,27/07/2017,27/07/2022,Thai Poultry Veterinary Association,,,,,
Achievements,96275,41341,First Aid Qualification,,14/08/2018,14/08/2018,14/08/2023,First Aid Training Bangkok,,,,,
Achievements,95380,41336,Hygiene & Biosecurity Short Course,,08/04/2015,08/04/2015,08/04/2020,Thai Poultry Veterinary Association,,,,,
Achievements,95380,41337,Manual Handling Short Course,,07/04/2015,07/04/2015,07/04/2020,Thai Poultry Veterinary Association,,,,,
Achievements,95380,41338,Poultry Welfare Short Course,,07/04/2015,07/04/2015,07/04/2020,Thai Poultry Veterinary Association,,,,,
Achievements,95380,41336,Hygiene & Biosecurity Short Course,,08/04/2015,08/04/2015,08/04/2020,Thai Poultry Veterinary Association,,,,,
Achievements,95380,41337,Manual Handling Short Course,,07/04/2015,07/04/2015,07/04/2020,Thai Poultry Veterinary Association,,,,,
Achievements,95380,41338,Poultry Welfare Short Course,,07/04/2015,07/04/2015,07/04/2020,Thai Poultry Veterinary Association,,,,,
Achievements,95387,41335,Health & Safety Short Course,,27/07/2017,27/07/2017,27/07/2022,TVPA,,,,,
Achievements,95387,41336,Hygiene & Biosecurity Short Course,,31/03/2016,31/03/2016,31/03/2021,TVPA,,,,,
Achievements,95387,41337,Manual Handling Short Course,,31/03/2016,31/03/2016,31/03/2021,TVPA,,,,,
Achievements,95387,41338,Poultry Welfare Short Course,,30/03/2016,30/03/2016,30/03/2021,TVPA,,,,,
Achievements,95387,,Requirement and Interpretation of ISO 9001:2015,,14/06/2016,14/06/2016,14/06/2021,SGS,,,,,
Achievements,95387,,Risk Management for QMS,,16/06/2016,16/06/2016,16/06/2021,SGS,,,,,
Achievements,95387,,ISO 9001:2015 Internal Quality Audit,,28/06/2016,28/06/2016,28/06/2021,SGS,,,,,
Achievements,95387,,Perfect Health Training Certificate,,08/04/2010,08/04/2010,08/04/2015,Perfect Health,,,,,
Achievements,103781,41335,Health & Safety Short Course,,29/09/2013,29/09/2016,29/09/2021,TVPA,,,,,
Achievements,103781,41336,Hygiene & Biosecurity Short Course,,26/07/2017,26/07/2017,26/07/2022,TVPA,,,,,
Achievements,103781,41337,Manual Handling Short Course,,26/07/2017,26/07/2017,26/07/2022,TPVA,,,,,
Achievements,103781,41338,Poultry Welfare Short Course,,27/07/2017,27/07/2017,27/07/2022,TVPA,,,,,
Achievements,103781,,Salmonella Control in Poultry Farm and Hatchery,,18/03/2016,18/03/2016,18/03/2021,MSD Animal Health,,,,,
Achievements,95389,41335,Health & Safety Short Course,,27/07/2017,27/07/2017,27/07/2022,Thai Poultry Veterinary Association,,,,,
Achievements,95389,41336,Hygiene & Biosecurity Short Course,,31/03/2016,31/03/2016,31/03/2021,Thai Poultry Veterinary Association,,,,,
Achievements,95389,41337,Manual Handling Short Course,,31/03/2016,31/03/2016,31/03/2021,Thai Poultry Veterinary Association,,,,,
Achievements,95389,41338,Poultry Welfare Short Course,,30/03/2016,30/03/2016,30/03/2021,Thai Poultry Veterinary Association,,,,,
Achievements,96282,41335,Health & Safety Short Course,,29/09/2016,29/09/2016,29/09/2021,Thai Poultry Veterinary Association,,,,,
Achievements,96282,41336,Hygiene & Biosecurity Short Course,,26/07/2017,26/07/2017,26/07/2022,Thai Poultry Veterinary Association,,,,,
Achievements,96282,41337,Manual Handling Short Course,,26/07/2017,26/07/2017,26/07/2022,Thai Poultry Veterinary Association,,,,,
Achievements,96282,41338,Poultry Welfare Short Course,,27/07/2017,27/07/2017,27/07/2022,Thai Poultry Veterinary Association,,,,,
Achievements,96284,41335,Health & Safety Short Course,,29/09/2016,29/09/2016,29/09/2021,Thai Poultry Veterinary Association,,,,,
Achievements,96284,41336,Hygiene & Biosecurity Short Course,,26/07/2017,26/07/2017,26/07/2022,Thai Poultry Veterinary Association,,,,,
Achievements,96284,41338,Poultry Welfare Short Course,,27/07/2017,27/07/2017,27/07/2022,Thai Poultry Veterinary Association,,,,,
Achievements,96284,,Internal Auditor on Poultry Production for Export,,07/05/2015,08/05/2015,08/05/2020,Kasetsart University,,,,,
Achievements,95402,41335,Health & Safety Short Course,,29/09/2016,29/09/2016,29/09/2021,Thai Poultry Veterinary Association,,,,,
Achievements,95402,41336,Hygiene & Biosecurity Short Course,,08/04/2015,08/04/2015,08/04/2020,Thai Poultry Veterinary Association,,,,,
Achievements,95402,41337,Manual Handling Short Course,,07/04/2015,07/04/2015,07/04/2020,Thai Poultry Veterinary Association,,,,,
Achievements,95402,41338,Poultry Welfare Short Course,,07/04/2015,07/04/2015,07/04/2020,Thai Poultry Veterinary Association,,,,,
Achievements,96288,41335,Health & Safety Short Course,,25/10/2016,25/10/2016,25/10/2021,Thai Poultry Veterinary Association,,,,,
Achievements,96289,41335,Health & Safety Short Course,,25/10/2016,25/10/2016,25/10/2021,Thai Poultry Veterinary Association,,,,,
Achievements,96289,41341,First Aid Qualification,,23/06/2015,23/06/2015,23/06/2020,The Thai Red Cross Society,,,,,
Achievements,96290,41335,Health & Safety Short Course,,24/11/2017,24/11/2017,24/11/2022,Thai Poultry Veterinary Association,,,,,
Achievements,96290,41336,Hygiene & Biosecurity Short Course,,23/11/2017,23/11/2017,23/11/2022,Thai Poultry Veterinary Association,,,,,
Achievements,96290,41337,Manual Handling Short Course,,24/11/2017,24/11/2017,24/11/2022,Thai Poultry Veterinary Association,,,,,
Achievements,96290,41338,Poultry Welfare Short Course,,23/11/2017,23/11/2017,23/11/2022,Thai Poultry Veterinary Association,,,,,
Achievements,96291,41335,Health & Safety Short Course,,25/11/2016,25/11/2016,25/11/2021,Thai Poultry Veterinary Association,,,,,
Achievements,95436,41336,Hygiene & Biosecurity Short Course,,28/04/2015,28/04/2015,28/04/2020,Thai Poultry Veterinary Association,,,,,
Achievements,95436,41337,Manual Handling Short Course,,29/04/2015,29/04/2015,29/04/2020,Thai Poultry Veterinary Association,,,,,
Achievements,95436,41338,Poultry Welfare Short Course,,28/04/2015,28/04/2015,28/04/2020,Thai Poultry Veterinary Association,,,,,
Achievements,95436,41341,First Aid Qualification,,20/09/2017,20/09/2017,20/09/2022,Thai Red Cross,,,,,
Achievements,95440,41336,Hygiene & Biosecurity Short Course,,09/06/2015,09/06/2015,09/06/2020,Thai Poultry Veterinary Association,,,,,
Achievements,95440,41337,Manual Handling Short Course,,28/08/2015,28/08/2015,28/08/2020,Thai Poultry Veterinary Association,,,,,
Achievements,95440,41338,Poultry Welfare Short Course,,10/06/2015,10/06/2015,10/06/2020,Thai Poultry Veterinary Association,,,,,
Achievements,95440,41341,First Aid Qualification,,20/09/2017,20/09/2017,20/09/2022,Thai Red Cross,,,,,
Achievements,96298,41336,Hygiene & Biosecurity Short Course,,09/06/2015,09/06/2015,09/06/2020,Thai Poultry Veterinary Association,,,,,
Achievements,96298,41337,Manual Handling Short Course,,09/06/2015,09/06/2015,09/06/2020,Thai Poultry Veterinary Association,,,,,
Achievements,96298,41338,Poultry Welfare Short Course,,10/06/2015,10/06/2015,10/06/2020,Thai Poultry Veterinary Association,,,,,
Achievements,96298,41341,First Aid Qualification,,21/09/2017,21/09/2017,21/09/2022,Thai Red Cross,,,,,
Achievements,95451,41335,Health & Safety Short Course,,24/11/2016,24/11/2016,24/11/2021,Thai Poultry Veterinary Association,,,,,
Achievements,95459,41336,Hygiene & Biosecurity Short Course,,13/11/2015,13/11/2015,13/11/2020,Thai Poultry Veterinary Association,,,,,
Achievements,95459,41337,Manual Handling Short Course,,13/11/2015,13/11/2015,13/11/2020,Thai Poultry Veterinary Association,,,,,
Achievements,95459,41338,Poultry Welfare Short Course,,12/11/2015,12/11/2015,12/11/2020,Thai Poultry Veterinary Association,,,,,
Achievements,95459,41341,First Aid Qualification,,17/08/2016,17/08/2016,17/08/2021,Srimahaphot Hospital,,,,,
Achievements,95459,,TLS Internal Audit Technique,,08/11/2016,08/11/2016,08/11/2021,SGS,,,,,
Achievements,95459,,TLS Requirement and Interpretation,,07/11/2016,07/11/2016,07/11/2021,SGS,,,,,
Achievements,95460,41336,Hygiene & Biosecurity Short Course,,13/11/2015,13/11/2015,13/11/2020,Thai Poultry Veterinary Association,,,,,
Achievements,95460,41337,Manual Handling Short Course,,13/11/2015,13/11/2015,13/11/2020,Thai Poultry Veterinary Association,,,,,
Achievements,95460,41338,Poultry Welfare Short Course,,12/11/2015,12/11/2015,12/11/2020,Thai Poultry Veterinary Association,,,,,
Achievements,95460,41341,First Aid Qualification,,06/09/2016,06/09/2016,06/09/2021,Srimahaphot Hospital,,,,,
Achievements,95461,41336,Hygiene & Biosecurity Short Course,,28/08/2015,28/08/2015,28/08/2020,Thai Poultry Veterinary Association,,,,,
Achievements,95461,41337,Manual Handling Short Course,,28/08/2015,28/08/2015,28/08/2020,Thai Poultry Veterinary Association,,,,,
Achievements,95461,41338,Poultry Welfare Short Course,,27/08/2015,27/08/2015,27/08/2020,Thai Poultry Veterinary Association,,,,,
Achievements,95461,41341,First Aid Qualification,,17/08/2016,17/08/2016,17/08/2022,Srimahaphot Hospital,,,,,
Achievements,95461,,Requirement and Interpretation of ISO 9001:2015,,24/11/2015,24/11/2015,27/11/2020,SGS,,,,,
Achievements,95461,,Risk Management for QMS,,25/11/2015,25/11/2015,25/11/2020,SGS,,,,,
Achievements,95461,,Internal Audit Technique of ISO 9001:2015,,26/11/2015,26/11/2015,26/11/2020,SGS,,,,,
Achievements,95462,41336,Hygiene & Biosecurity Short Course,,28/08/2015,28/08/2015,28/08/2020,Thai Poultry Veterinary Association,,,,,
Achievements,95462,41337,Manual Handling Short Course,,28/08/2015,28/08/2015,28/08/2020,Thai Poultry Veterinary Association,,,,,
Achievements,95462,41338,Poultry Welfare Short Course,,27/08/2015,27/08/2015,27/08/2020,Thai Poultry Veterinary Association,,,,,
Achievements,95462,41341,First Aid Qualification,,06/09/2016,06/09/2016,06/09/2021,Srimahaphot Hospital,,,,,
Achievements,95463,41335,Health & Safety Short Course,,25/10/2016,25/10/2016,25/10/2021,Thai Poultry Veterinary Association,,,,,
Achievements,95463,41336,Hygiene & Biosecurity Short Course,,28/08/2015,28/08/2015,28/08/2020,TPVA,,,,,
Achievements,95463,41337,Manual Handling Short Course,,28/08/2015,28/08/2015,28/08/2020,TPVA,,,,,
Achievements,95463,41338,Poultry Welfare Short Course,,27/08/2015,27/08/2015,27/08/2020,TPVA,,,,,
Achievements,95463,41341,First Aid Qualification,,20/10/2015,20/10/2015,20/10/2020,Thai Heart Group,,,,,
Achievements,95463,,Degree of Vocational Diploma of Business Administration (Marketing),,25/03/1997,25/03/1997,,Bangkok Business College,,,,,
Achievements,95463,,Poultry Welfare Officer Farm,,21/09/2017,21/09/2017,21/09/2022,Animal Welfare Training,,,,,
Achievements,95464,41335,Health & Safety Short Course,,25/10/2016,25/10/2016,25/10/2021,Thai Poultry Veterinary Association,,,,,
Achievements,95464,41336,Hygiene & Biosecurity Short Course,,28/08/2015,28/08/2015,28/08/2020,TPVA,,,,,
Achievements,95464,41337,Manual Handling Short Course,,28/08/2015,28/08/2015,28/08/2020,TPVA,,,,,
Achievements,95464,41338,Poultry Welfare Short Course,,27/08/2015,27/08/2015,27/08/2020,TPVA,,,,,
Achievements,95464,41341,First Aid Qualification,,20/10/2015,20/10/2015,20/10/2020,Thai Heart Group,,,,,
Achievements,95464,41342,Level 3 Diploma in Work-based Agriculture or Equivalent,,26/07/2006,26/07/2006,,Maejo University,,,,,
Achievements,95464,,Poultry Welfare Officer Farm,,21/09/2017,21/09/2017,21/09/2022,Animal Welfare Training,,,,,
Achievements,95465,41335,Health & Safety Short Course,,25/10/2016,25/10/2016,25/10/2021,Thai Poultry Veterinary Association,,,,,
Achievements,95465,41336,Hygiene & Biosecurity Short Course,,28/08/2015,28/08/2015,28/08/2020,TPVA,,,,,
Achievements,95465,41337,Manual Handling Short Course,,28/08/2015,28/08/2015,28/08/2020,TPVA,,,,,
Achievements,95465,41338,Poultry Welfare Short Course,,27/08/2015,27/08/2015,27/08/2020,TPVA,,,,,
Achievements,95465,41341,First Aid Qualification,,20/10/2015,20/10/2015,20/10/2020,Thai Heart Group,,,,,
Achievements,95465,41342,Level 3 Diploma in Work-based Agriculture or Equivalent,,24/03/2001,24/03/2001,,Rajamangala Univeristy of Technology,,,,,
Achievements,95466,41335,Health & Safety Short Course,,25/10/2016,25/10/2016,25/10/2021,Thai Poultry Veterinary Association,,,,,
Achievements,95466,41336,Hygiene & Biosecurity Short Course,,28/08/2015,28/08/2015,28/08/2020,TPVA,,,,,
Achievements,95466,41337,Manual Handling Short Course,,28/08/2015,28/08/2015,28/08/2020,TPVA,,,,,
Achievements,95466,41338,Poultry Welfare Short Course,,27/08/2015,27/08/2015,27/08/2020,TPVA,,,,,
Achievements,95466,41342,Level 3 Diploma in Work-based Agriculture or Equivalent,,26/07/2001,26/07/2001,,Khonkaen College,,,,,
Achievements,94746,,Internal Quality Audit,,11/10/2010,11/10/2010,11/10/2015,Global Standard System Center,,,,,
Achievements,94746,,Good Agricultural Practice: GAP,,07/11/2010,07/11/2010,07/11/2015,Global Standard System Center,,,,,
Achievements,94746,,Hazard Analysis and Critical Control Point: HACCP,,07/11/2010,07/11/2010,07/11/2015,Global Standard System Center,,,,,
Achievements,94746,,GAP of Broiler Breeder Chicken Farm for Agriculturist,,23/02/2011,23/02/2011,23/02/2016,Department of Livestock Development,,,,,
Achievements,94746,,Safety Officer at Supervisor Level,,03/03/2011,03/03/2011,03/03/2016,CPF Training Center,,,,,
Achievements,94746,,CPF Young Leader,,19/12/2011,19/12/2011,19/12/2016,CPF Training Center,,,,,
Achievements,94746,,ISO9001:2008 Internal Audit,,24/02/2014,24/02/2014,24/02/2019,Intertek,,,,,
Achievements,94746,,GMP/HACCP Internal Audit,,21/02/2014,21/02/2014,21/02/2019,Intertek,,,,,
Achievements,94746,41341,First Aid Qualification,,25/08/2011,25/08/2011,25/08/2014,"Hospital Kabinburi, Prachinburi",,,,,
Achievements,94746,41342,Level 3 Diploma in Work-based Agriculture or Equivalent,,20/05/2010,20/05/2010,,King Mongkut's Institute of Technology Ladkrabang,,,,,
Achievements,94746,41336,Hygiene & Biosecurity Short Course,,10/06/2015,10/06/2015,10/06/2020,Thai Poultry Veterinary Association,,,,,
Achievements,94746,41337,Manual Handling Short Course,,10/06/2015,10/06/2015,10/06/2020,Thai Poultry Veterinary Association,,,,,
Achievements,94746,41338,Poultry Welfare Short Course,,10/06/2015,10/06/2015,10/06/2020,Thai Poultry Veterinary Association,,,,,
Achievements,94746,41342,Level 3 Diploma in Work-based Agriculture or Equivalent,,20/05/2010,20/05/2010,,King Mongkut's Institute of Technology,,,,,
Achievements,94750,,Entry Leader,,10/04/2014,10/04/2014,10/04/2019,CPF Training Center,,,,,
Achievements,94750,,Safety Officer at the Level of Supervisor,,22/01/2013,22/01/2013,22/01/2018,Pinthong Group Management and Consultants Co Ltd,,,,,
Achievements,94750,41336,Hygiene & Biosecurity Short Course,,09/06/2015,09/06/2015,09/06/2020,Thai Poultry Veterinary Association,,,,,
Achievements,94750,41337,Manual Handling Short Course,,09/06/2015,09/06/2015,09/06/2020,Thai Poultry Veterinary Association,,,,,
Achievements,94750,41338,Poultry Welfare Short Course,,10/06/2015,10/06/2015,10/06/2020,Thai Poultry Veterinary Association,,,,,
Achievements,94750,41342,Level 3 Diploma in Work-based Agriculture or Equivalent,,15/03/2012,15/03/2012,,Khon Kaen University,,,,,
Achievements,94754,41336,Hygiene & Biosecurity Short Course,,28/04/2015,28/04/2015,28/04/2020,Thai Poultry Veterinary Association,,,,,
Achievements,94754,41337,Manual Handling Short Course,,28/04/2015,28/04/2015,28/04/2020,Thai Poultry Veterinary Association,,,,,
Achievements,94754,41338,Poultry Welfare Short Course,,28/04/2015,28/04/2015,28/04/2020,Thai Poultry Veterinary Association,,,,,
Achievements,94755,,Internal Quality Audit,,11/10/2010,11/10/2010,11/10/2015,Global Standard System Center,,,,,
Achievements,94755,,Safety Officer at the Level of Executive,,26/02/2014,27/02/2014,27/02/2019,Benja Safety Service Center Co Ltd,,,,,
Achievements,94755,,Compartment Management of the Hatchery of Poultry for Agriculturist,,30/07/2013,30/07/2013,30/07/2018,Department of Livestock Development,,,,,
Achievements,94755,,GAP of Broiler Breeder Chicken Farm for Agriculturist,,30/07/2013,30/07/2013,30/07/2018,Department of Livestock Development,,,,,
Achievements,94755,,Poultry Welfare Officer Farm,,07/01/2014,07/01/2014,07/01/2019,Animal Welfare Training Ltd,,,,,
Achievements,94755,41336,Hygiene & Biosecurity Short Course,,28/04/2015,28/04/2015,28/04/2020,Thai Poultry Veterinary Association,,,,,
Achievements,94755,41337,Manual Handling Short Course,,28/04/2015,28/04/2015,28/04/2020,Thai Poultry Veterinary Association,,,,,
Achievements,94755,41338,Poultry Welfare Short Course,,28/04/2015,28/04/2015,28/04/2020,Thai Poultry Veterinary Association,,,,,
Achievements,94755,41342,Level 3 Diploma in Work-based Agriculture or Equivalent,,27/03/2009,27/03/2009,,Mahasarakham University,,,,,
Achievements,94756,41336,Hygiene & Biosecurity Short Course,,08/07/2015,08/07/2015,08/07/2020,Thai Poultry Veterinary Association,,,,,
Achievements,94756,41337,Manual Handling Short Course,,08/07/2015,08/07/2015,08/07/2020,Thai Poultry Veterinary Association,,,,,
Achievements,94756,41338,Poultry Welfare Short Course,,07/07/2015,07/07/2015,07/07/2020,Thai Poultry Veterinary Association,,,,,
Achievements,94756,41342,Level 3 Diploma in Work-based Agriculture or Equivalent,,16/03/2012,16/03/2012,,Meajo University,,,,,
Achievements,94761,41336,Hygiene & Biosecurity Short Course,,28/04/2015,28/04/2015,28/04/2020,Thai Poultry Veterinary Association,,,,,
Achievements,94761,41337,Manual Handling Short Course,,28/04/2015,28/04/2015,28/04/2020,Thai Poultry Veterinary Association,,,,,
Achievements,94761,41338,Poultry Welfare Short Course,,28/04/2015,28/04/2015,28/04/2020,Thai Poultry Veterinary Association,,,,,
Achievements,94761,41342,Level 3 Diploma in Work-based Agriculture or Equivalent,,19/03/2003,19/03/2003,,Ubon Ratchathani University,,,,,
Achievements,96075,41335,Health & Safety Short Course,,29/09/2016,29/09/2016,29/09/2021,Thai Poultry Veterinary Association,,,,,
Achievements,96076,41335,Health & Safety Short Course,,25/10/2016,25/10/2016,25/10/2021,Thai Poultry Veterinary Association,,,,,
Achievements,96077,41335,Health & Safety Short Course,,25/10/2016,25/10/2016,25/10/2021,Thai Poultry Veterinary Association,,,,,
Achievements,96301,41336,Hygiene & Biosecurity Short Course,,17/06/2016,17/06/2016,17/06/2021,Thai Poultry Veterinary Association,,,,,
Achievements,96301,41337,Manual Handling Short Course,,17/06/2016,17/06/2016,17/06/2021,Thai Poultry Veterinary Association,,,,,
Achievements,96301,41338,Poultry Welfare Short Course,,16/06/2016,16/06/2016,16/06/2021,Thai Poultry Veterinary Association,,,,,
Achievements,95499,41336,Hygiene & Biosecurity Short Course,,17/06/2016,17/06/2016,17/06/2021,Thai Poultry Veterinary Assocation,,,,,
Achievements,95499,41337,Manual Handling Short Course,,17/06/2016,17/06/2016,17/06/2021,Thai Poultry Veterinary Assocation,,,,,
Achievements,95499,41338,Poultry Welfare Short Course,,16/06/2016,16/06/2016,16/06/2021,Thai Poultry Veterinary Association,,,,,
Achievements,96304,41336,Hygiene & Biosecurity Short Course,,17/06/2016,17/06/2016,17/06/2021,Thai Poultry Veterinary Association,,,,,
Achievements,96304,41337,Manual Handling Short Course,,17/06/2016,17/06/2016,17/06/2021,Thai Poultry Veterinary Association,,,,,
Achievements,96304,41338,Poultry Welfare Short Course,,16/06/2016,16/06/2016,16/06/2021,Thai Poultry Veterinary Association,,,,,
Achievements,96307,41336,Hygiene & Biosecurity Short Course,,17/06/2016,17/06/2016,17/06/2021,Thai Poultry Veterinary Association,,,,,
Achievements,96307,41337,Manual Handling Short Course,,17/06/2016,17/06/2016,17/06/2021,Thai Poultry Veterinary Association,,,,,
Achievements,96307,41338,Poultry Welfare Short Course,,16/06/2016,16/06/2016,16/06/2021,Thai Poultry Veterinary Association,,,,,
Achievements,95506,41341,First Aid Qualification,,20/09/2017,20/09/2017,20/09/2022,Thai Red Cross,,,,,
Achievements,95526,41335,Health & Safety Short Course,,25/10/2016,25/10/2016,25/10/2021,Thai Poultry Veterinary Association,,,,,
Achievements,95527,41335,Health & Safety Short Course,,25/10/2016,25/10/2016,25/10/2021,Thai Poultry Veterinary Association,,,,,
Achievements,95527,41336,Hygiene & Biosecurity Short Course,,17/06/2016,17/06/2016,17/06/2021,Thai Poultry Veterinary Association,,,,,
Achievements,95527,41337,Manual Handling Short Course,,17/06/2016,17/06/2016,17/06/2021,Thai Poultry Veterinary Association,,,,,
Achievements,95527,41338,Poultry Welfare Short Course,,16/06/2016,16/06/2016,16/06/2021,Thai Poultry Veterinary Association,,,,,
Achievements,96328,41335,Health & Safety Short Course,,25/10/2016,25/10/2016,25/10/2021,Thai Poultry Veterinary Association,,,,,
Achievements,95153,41335,Health & Safety Short Course,,29/09/2016,29/09/2016,29/09/2021,Thai Poultry Veterinary Association,,,,,
Achievements,95153,41336,Hygiene & Biosecurity Short Course,,18/09/2015,18/09/2015,18/09/2020,Thai Poultry Veterinary Association,,,,,
Achievements,95153,41337,Manual Handling Short Course,,18/09/2015,18/09/2015,18/09/2020,Thai Poultry Veterinary Association,,,,,
Achievements,95153,41338,Poultry Welfare Short Course,,17/09/2015,17/09/2015,17/09/2020,Thai Poultry Veterinary Association,,,,,
Achievements,95153,41341,First Aid Qualification,,24/04/2015,24/04/2015,24/04/2020,Chokchai Hospital,,,,,
Achievements,95153,41342,Level 3 Diploma in Work-based Agriculture or Equivalent,,06/03/2013,06/03/2013,,Ubon Ratchathani University,,,,,
Achievements,95530,41335,Health & Safety Short Course,,25/10/2016,25/10/2016,25/10/2021,Thai Poultry Veterinary Association,,,,,
Achievements,95530,41336,Hygiene & Biosecurity Short Course,,13/11/2015,13/11/2015,13/11/2020,Thai Poultry Veterinary Association,,,,,
Achievements,95530,41337,Manual Handling Short Course,,13/11/2015,13/11/2015,13/11/2020,Thai Poultry Veterinary Association,,,,,
Achievements,95530,41338,Poultry Welfare Short Course,,12/11/2015,12/11/2015,12/11/2020,Thai Poultry Veterinary Association,,,,,
Achievements,95530,41341,First Aid Qualification,,18/11/2016,18/11/2016,18/11/2021,Bangkok Ratchasima Hospital,,,,,
Achievements,95530,41342,Level 3 Diploma in Work-based Agriculture or Equivalent,,25/05/2015,25/05/2015,,Kasetsart University,,,,,
Achievements,96331,41336,Hygiene & Biosecurity Short Course,,31/03/2016,31/03/2016,31/03/2021,Thai Poultry Veterinary Association,,,,,
Achievements,96331,41337,Manual Handling Short Course,,31/03/2016,31/03/2016,31/03/2021,Thai Poultry Veterinary Association,,,,,
Achievements,96331,41338,Poultry Welfare Short Course,,30/03/2016,30/03/2016,30/03/2021,Thai Poultry Veterinary Association,,,,,
Achievements,96331,41342,Level 3 Diploma in Work-based Agriculture or Equivalent,,19/05/2015,19/05/2015,,Silpakorn University,,,,,
Achievements,95551,41335,Health & Safety Short Course,,25/11/2016,25/11/2016,25/11/2021,Thai Poultry Veterinary Association,,,,,
Achievements,96332,41335,Health & Safety Short Course,,25/11/2016,25/11/2016,25/11/2021,Thai Poultry Veterinary Association,,,,,
Achievements,95552,41335,Health & Safety Short Course,,25/10/2016,25/10/2016,25/10/2021,Thai Poultry Veterinary Association,,,,,
Achievements,96333,41335,Health & Safety Short Course,,25/10/2016,25/10/2016,25/10/2021,Thai Poultry Veterinary Association,,,,,
Achievements,102194,41335,Health & Safety Short Course,,25/11/2016,25/11/2016,25/11/2021,Thai Poultry Veterinary Association,,,,,
Achievements,102194,41336,Hygiene & Biosecurity Short Course,,26/07/2017,26/07/2017,26/07/2022,Thai Poultry Veterinary Association,,,,,
Achievements,102194,41337,Manual Handling Short Course,,26/07/2017,26/07/2017,26/07/2022,Thai Poultry Veterinary Association,,,,,
Achievements,102194,41338,Poultry Welfare Short Course,,27/07/2017,27/07/2017,27/07/2022,Thai Poultry Veterinary Association,,,,,
Achievements,95554,41336,Hygiene & Biosecurity Short Course,,28/08/2015,28/08/2015,28/08/2020,Thai Poultry Veterinary Association,,,,,
Achievements,95554,41337,Manual Handling Short Course,,28/08/2015,28/08/2015,28/08/2020,Thai Poultry Veterinary Association,,,,,
Achievements,95554,41338,Poultry Welfare Short Course,,27/08/2015,27/08/2015,27/08/2020,Thai Poultry Veterinary Association,,,,,
Achievements,96335,41336,Hygiene & Biosecurity Short Course,,28/08/2015,28/08/2015,28/08/2020,Thai Poultry Veterinary Association,,,,,
Achievements,96335,41337,Manual Handling Short Course,,28/08/2015,28/08/2015,28/08/2020,Thai Poultry Veterinary Association,,,,,
Achievements,96335,41338,Poultry Welfare Short Course,,27/08/2015,27/08/2015,27/08/2020,Thai Poultry Veterinary Association,,,,,
Achievements,96345,41336,Hygiene & Biosecurity Short Course,,28/08/2015,28/08/2015,28/08/2020,Thai Poultry Veterinary Association,,,,,
Achievements,96345,41337,Manual Handling Short Course,,28/08/2015,28/08/2015,28/08/2020,Thai Poultry Veterinary Association,,,,,
Achievements,96345,41338,Poultry Welfare Short Course,,27/08/2015,27/08/2015,27/08/2020,Thai Poultry Veterinary Association,,,,,
Achievements,95558,41336,Hygiene & Biosecurity Short Course,,13/11/2015,13/11/2015,13/11/2020,Thai Poultry Veterinary Association,,,,,
Achievements,95558,41337,Manual Handling Short Course,,13/11/2015,13/11/2015,13/11/2020,Thai Poultry Veterinary Association,,,,,
Achievements,95558,41338,Poultry Welfare Short Course,,12/11/2015,12/11/2015,12/11/2020,Thai Poultry Veterinary Association,,,,,
Achievements,95559,41336,Hygiene & Biosecurity Short Course,,28/08/2015,28/08/2015,28/08/2020,Thai Poultry Veterinary Association,,,,,
Achievements,95559,41337,Manual Handling Short Course,,28/08/2015,28/08/2015,28/08/2020,Thai Poultry Veterinary Association,,,,,
Achievements,95559,41338,Poultry Welfare Short Course,,27/08/2015,27/08/2015,27/08/2020,Thai Poultry Veterinary Association,,,,,
Achievements,95559,41341,First Aid Qualification,,21/09/2016,21/09/2017,21/09/2022,Thai Red Cross,,,,,
Achievements,95561,41336,Hygiene & Biosecurity Short Course,,13/11/2015,13/11/2015,13/11/2020,Thai Poultry Veterinary Association,,,,,
Achievements,95561,41337,Manual Handling Short Course,,13/11/2015,13/11/2015,13/11/2020,Thai Poultry Veterinary Association,,,,,
Achievements,95561,41338,Poultry Welfare Short Course,,12/11/2015,12/11/2015,12/11/2020,Thai Poultry Veterinary Association,,,,,
Achievements,95561,41341,First Aid Qualification,,21/09/2017,21/09/2017,21/09/2022,Thai Red Cross,,,,,
Achievements,95563,41336,Hygiene & Biosecurity Short Course,,28/08/2015,28/08/2015,28/08/2020,Thai Poultry Veterinary Association,,,,,
Achievements,95563,41337,Manual Handling Short Course,,28/08/2015,28/08/2015,28/08/2020,Thai Poultry Veterinary Association,,,,,
Achievements,95563,41338,Poultry Welfare Short Course,,27/08/2015,27/08/2015,27/08/2020,Thai Poultry Veterinary Association,,,,,
Achievements,95596,41336,Hygiene & Biosecurity Short Course,,13/11/2015,13/11/2015,13/11/2020,Thai Poultry Veterinary Association,,,,,
Achievements,95596,41337,Manual Handling Short Course,,13/11/2015,13/11/2015,13/11/2020,Thai Poultry Veterinary Association,,,,,
Achievements,95596,41338,Poultry Welfare Short Course,,12/11/2015,12/11/2015,12/11/2020,Thai Poultry Veterinary Association,,,,,
Achievements,95596,41341,First Aid Qualification,,20/09/2017,20/09/2017,20/09/2022,Thai Red Cross,,,,,
Achievements,95566,41336,Hygiene & Biosecurity Short Course,,13/11/2015,13/11/2015,13/11/2020,Thai Poultry Veterinary Association,,,,,
Achievements,95566,41337,Manual Handling Short Course,,13/11/2015,13/11/2015,13/11/2020,Thai Poultry Veterinary Association,,,,,
Achievements,95566,41338,Poultry Welfare Short Course,,12/11/2015,12/11/2015,12/11/2020,Thai Poultry Veterinary Association,,,,,
Achievements,95566,41341,First Aid Qualification,,20/09/2017,20/09/2017,20/09/2022,Thai Red Cross,,,,,
Achievements,95567,41336,Hygiene & Biosecurity Short Course,,09/06/2015,09/06/2015,09/06/2020,Thai Poultry Veterinary Association,,,,,
Achievements,95567,41337,Manual Handling Short Course,,09/06/2015,09/06/2015,09/06/2020,Thai Poultry Veterinary Association,,,,,
Achievements,95567,41338,Poultry Welfare Short Course,,10/06/2015,10/06/2015,10/06/2020,Thai Poultry Veterinary Association,,,,,
Achievements,96347,41336,Hygiene & Biosecurity Short Course,,09/06/2015,09/06/2015,09/06/2020,Thai Poultry Veterinary Association,,,,,
Achievements,96347,41337,Manual Handling Short Course,,09/06/2015,09/06/2015,09/06/2020,Thai Poultry Veterinary Association,,,,,
Achievements,96347,41338,Poultry Welfare Short Course,,10/06/2015,10/06/2015,10/06/2020,Thai Poultry Veterinary Association,,,,,
Achievements,95597,41335,Health & Safety Short Course,,29/09/2016,29/09/2016,29/09/2021,Thai Poultry Veterinary Association,,,,,
Achievements,95597,41336,Hygiene & Biosecurity Short Course,,25/03/2015,25/03/2015,25/03/2020,Thai Poultry Veterinary Association,,,,,
Achievements,95597,41337,Manual Handling Short Course,,25/03/2015,25/03/2015,25/03/2020,Thai Poultry Veterinary Association,,,,,
Achievements,95597,41338,Poultry Welfare Short Course,,24/03/2015,24/03/2015,24/03/2020,Thai Poultry Veterinary Association,,,,,
Achievements,95616,41335,Health & Safety Short Course,,29/09/2016,29/09/2016,29/09/2021,Thai Poultry Veterinary Association,,,,,
Achievements,95616,41336,Hygiene & Biosecurity Short Course,,08/04/2015,08/04/2015,08/04/2020,Thai Poultry Veterinary Association,,,,,
Achievements,95616,41337,Manual Handling Short Course,,07/04/2015,07/04/2015,07/04/2020,Thai Poultry Veterinary Association,,,,,
Achievements,95616,41338,Poultry Welfare Short Course,,07/04/2015,07/04/2015,06/04/2020,Thai Poultry Veterinary Association,,,,,
Achievements,95617,41336,Hygiene & Biosecurity Short Course,,29/04/2015,29/04/2015,29/04/2020,Thai Poultry Veterinary Association,,,,,
Achievements,95617,41337,Manual Handling Short Course,,29/04/2015,29/04/2015,29/04/2020,Thai Poultry Veterinary Association,,,,,
Achievements,95617,41338,Poultry Welfare Short Course,,28/04/2015,28/04/2015,28/04/2020,Thai Poultry Veterinary Association,,,,,
Achievements,95619,41336,Hygiene & Biosecurity Short Course,,08/04/2015,08/04/2015,08/04/2020,Thai Poultry Veterinary Association,,,,,
Achievements,95619,41337,Manual Handling Short Course,,07/04/2015,07/04/2015,07/04/2020,Thai Poultry Veterinary Association,,,,,
Achievements,95619,41338,Poultry Welfare Short Course,,07/04/2015,07/04/2015,07/04/2020,Thai Poultry Veterinary Association,,,,,
Achievements,95622,41335,Health & Safety Short Course,,25/11/2016,25/11/2016,25/11/2021,Thai Poultry Veterinary Association,,,,,
Achievements,95622,41336,Hygiene & Biosecurity Short Course,,25/03/2015,25/03/2015,25/03/2020,Thai Poultry Veterinary Association,,,,,
Achievements,95622,41337,Manual Handling Short Course,,25/03/2015,25/03/2015,25/03/2020,Thai Poultry Veterinary Association,,,,,
Achievements,95622,41338,Poultry Welfare Short Course,,24/03/2015,24/03/2015,24/03/2020,Thai Poultry Veterinary Association,,,,,
Achievements,95623,41336,Hygiene & Biosecurity Short Course,,25/03/2015,25/03/2015,25/03/2020,Thai Poultry Veterinary Association,,,,,
Achievements,95623,41337,Manual Handling Short Course,,25/03/2015,25/03/2015,25/03/2020,Thai Poultry Veterinary Association,,,,,
Achievements,95623,41338,Poultry Welfare Short Course,,24/03/2015,24/03/2015,24/03/2020,Thai Poultry Veterinary Association,,,,,
Achievements,95627,41336,Hygiene & Biosecurity Short Course,,31/03/2016,31/03/2016,31/03/2021,Thai Poultry Veterinary Association,,,,,
Achievements,95627,41337,Manual Handling Short Course,,31/03/2016,31/03/2016,31/03/2021,Thai Poultry Veterinary Association,,,,,
Achievements,95627,41338,Poultry Welfare Short Course,,30/03/2016,30/03/2016,30/03/2021,Thai Poultry Veterinary Association,,,,,
Achievements,95648,41335,Health & Safety Short Course,,25/10/2016,25/10/2016,25/10/2021,Thai Poultry Veterinary Association,,,,,
Achievements,95648,41336,Hygiene & Biosecurity Short Course,,29/04/2015,29/04/2015,29/04/2020,Thai Poultry Veterinary Association,,,,,
Achievements,95648,41337,Manual Handling Short Course,,29/04/2015,29/04/2015,29/04/2020,Thai Poultry Veterinary Association,,,,,
Achievements,95648,41338,Poultry Welfare Short Course,,28/04/2015,28/04/2015,28/04/2020,Thai Poultry Veterinary Association,,,,,
Achievements,95650,41335,Health & Safety Short Course,,25/11/2016,25/11/2016,25/11/2021,Thai Poultry Veterinary Association,,,,,
Achievements,95650,41336,Hygiene & Biosecurity Short Course,,28/08/2015,28/08/2015,28/08/2020,Thai Poultry Veterinary Association,,,,,
Achievements,95650,41337,Manual Handling Short Course,,28/08/2015,28/08/2015,28/08/2020,Thai Poultry Veterinary Association,,,,,
Achievements,95650,41338,Poultry Welfare Short Course,,27/08/2015,27/08/2015,27/08/2020,Thai Poultry Veterinary Association,,,,,
Achievements,95654,41336,Hygiene & Biosecurity Short Course,,13/11/2015,13/11/2015,13/10/2020,Thai Poultry Veterinary Association,,,,,
Achievements,95654,41337,Manual Handling Short Course,,13/11/2015,13/11/2015,13/11/2020,Thai Poultry Veterinary Association,,,,,
Achievements,95654,41338,Poultry Welfare Short Course,,12/11/2015,12/11/2015,12/11/2020,Thai Poultry Veterinary Association,,,,,
Achievements,103576,41336,Hygiene & Biosecurity Short Course,,25/03/2015,25/03/2015,25/03/2020,Thai Poultry Veterinary Association,,,,,
Achievements,103576,41337,Manual Handling Short Course,,25/03/2015,25/03/2015,25/03/2020,Thai Poultry Veterinary Association,,,,,
Achievements,103576,41338,Poultry Welfare Short Course,,24/03/2015,24/03/2015,24/03/2020,Thai Poultry Veterinary Association,,,,,
Achievements,95659,41336,Hygiene & Biosecurity Short Course,,30/07/2015,30/07/2015,30/07/2020,WFT Academy,,,,,
Achievements,95659,41338,Poultry Welfare Short Course,,30/07/2015,30/07/2015,30/07/2020,WFT Academy,,,,,
Achievements,95660,41336,Hygiene & Biosecurity Short Course,,30/07/2015,30/07/2015,30/06/2020,WFT Academy,,,,,
Achievements,95660,41338,Poultry Welfare Short Course,,30/07/2015,30/07/2015,30/07/2020,WFT Academy,,,,,
Achievements,95661,41336,Hygiene & Biosecurity Short Course,,30/07/2015,30/07/2015,30/07/2020,WFT Academy,,,,,
Achievements,95661,41338,Poultry Welfare Short Course,,30/07/2015,30/07/2015,30/07/2020,WFT Academy,,,,,
Achievements,95662,41336,Hygiene & Biosecurity Short Course,,30/07/2015,30/07/2015,30/07/2020,WFT Academy,,,,,
Achievements,95662,41338,Poultry Welfare Short Course,,30/07/2015,30/07/2015,30/07/2020,WFT Academy,,,,,
Achievements,95664,41336,Hygiene & Biosecurity Short Course,,30/07/2015,30/07/2015,30/07/2020,WFT Academy,,,,,
Achievements,95664,41338,Poultry Welfare Short Course,,30/07/2015,30/07/2015,30/07/2020,WFT Academy,,,,,
Achievements,95665,41336,Hygiene & Biosecurity Short Course,,30/07/2015,30/07/2015,30/07/2020,WFT Academy,,,,,
Achievements,95665,41338,Poultry Welfare Short Course,,30/07/2015,30/07/2015,30/07/2020,WFT Academy,,,,,
Achievements,95668,41336,Hygiene & Biosecurity Short Course,,30/07/2015,30/07/2015,30/07/2020,WFT Academy,,,,,
Achievements,95668,41338,Poultry Welfare Short Course,,30/07/2015,30/07/2015,30/07/2020,WFT Academy,,,,,
Achievements,95669,41336,Hygiene & Biosecurity Short Course,,30/07/2015,30/07/2015,30/07/2020,WFT Academy,,,,,
Achievements,95669,41338,Poultry Welfare Short Course,,30/07/2015,30/07/2015,30/07/2020,WFT Academy,,,,,
Achievements,95678,41335,Health & Safety Short Course,,24/11/2016,24/11/2016,24/11/2021,Thai Poultry Veterinary Association,,,,,
Achievements,95678,41336,Hygiene & Biosecurity Short Course,,17/06/2016,17/06/2016,17/06/2021,Thai Poultry Veterinary Association,,,,,
Achievements,95678,41337,Manual Handling Short Course,,17/06/2016,17/06/2016,17/06/2021,Thai Poultry Veterinary Association,,,,,
Achievements,95678,41338,Poultry Welfare Short Course,,16/06/2016,16/06/2016,16/06/2021,Thai Poultry Veterinary Association,,,,,
Achievements,95679,41335,Health & Safety Short Course,,24/11/2016,24/11/2016,24/11/2021,Thai Poultry Veterinary Association,,,,,
Achievements,95679,41336,Hygiene & Biosecurity Short Course,,17/06/2016,17/06/2016,17/06/2021,Thai Poultry Veterinary Association,,,,,
Achievements,95679,41337,Manual Handling Short Course,,17/06/2016,17/06/2016,17/06/2021,Thai Poultry Veterinary Association,,,,,
Achievements,95679,41338,Poultry Welfare Short Course,,16/06/2016,16/06/2016,16/06/2021,Thai Poultry Veterinary Association,,,,,
Achievements,95682,,Health & Safety Certificate,,05/01/2011,05/01/2011,05/01/2016,DanHatch Poland,,,,,
Achievements,95682,,Optimising PS Performance and Economic Returns,,12/09/2014,12/09/2014,12/09/2019,Aviagen EMEA School,,,,,
Achievements,95682,,The Impact of Parental Flock Rearing to the Subsequent Production Results,,04/06/2014,04/06/2014,04/06/2019,DanHatch Poland,,,,,
Achievements,95682,,Bio-security as Nessesary Part of Flock Management,,04/06/2014,04/06/2014,04/06/2019,DanHatch Poland,,,,,
Achievements,95682,,Protection of the Embryo,,04/06/2014,04/06/2014,04/06/2019,DanHatch Poland,,,,,
Achievements,95682,,The Importance of Quality of Drinking Water in Poultry Production,,04/06/2014,04/06/2014,04/06/2019,DanHatch Poland,,,,,
Achievements,95682,,New Trends in Reproductive Flock Management,,10/06/2015,10/06/2015,10/06/2020,DanHatch Poland,,,,,
Achievements,95682,,The Characteristics of the Poultry Market in Poland,,04/06/2014,04/06/2014,04/06/2019,DanHatch Poland,,,,,
Achievements,95682,,Flock Management,,10/06/2015,10/06/2015,10/06/2020,DanHatch Poland,,,,,
Achievements,95682,,Principles of Proper Vaccination of Poultry,,10/06/2015,10/06/2015,10/06/2020,DanHatch Poland,,,,,
Achievements,95682,,Examinations in Reporductive Flocks,,10/06/2015,10/06/2015,10/06/2020,DanHatch Poland,,,,,
Achievements,95682,,Practical Aspects of Bio-security,,10/06/2015,10/06/2015,10/06/2020,DanHatch Poland,,,,,
Achievements,95682,,Preparation for the Flock Placement,,29/09/2015,29/09/2015,29/09/2020,DanHatch Poland,,,,,
Achievements,95682,,Critical Points During Flock Placement,,29/09/2015,29/09/2015,29/09/2020,DanHatch Poland,,,,,
Achievements,95682,,Management Requirements for Males and Females During Rear,,29/09/2015,29/09/2015,29/09/2020,DanHatch Poland,,,,,
Achievements,95682,,Vaccination Methods,,29/09/2015,29/09/2015,29/09/2020,DanHatch Poland,,,,,
Achievements,95682,,"Water, Feed, Ventilation, Temperature and humidity Management",,29/09/2015,29/09/2015,29/09/2020,DanHatch Poland,,,,,
Achievements,95682,,Bio-Security on Farm,,29/09/2015,29/09/2015,29/09/2020,DanHatch Poland,,,,,
Achievements,95682,,Rearing Flock Documentation and Analysis,,30/09/2015,30/09/2015,30/09/2020,DanHatch Poland,,,,,
Achievements,95682,,Bacterial Infections - Bio-security as a part of Prevention,,30/09/2015,30/09/2015,30/09/2020,DanHatch Poland,,,,,
Achievements,95682,,E.Coli - Latest Reseach on Strains and Vaccinations Effectiveness,,30/09/2015,30/09/2015,30/09/2020,DanHatch Poland,,,,,
Achievements,95682,,Production Management School - Breeder Module,,01/08/2012,01/08/2012,01/08/2017,Aviagen Production Management School,,,,,
Achievements,95682,,Hygiene and Bio-security for production Poultry Farm,,07/03/2016,07/03/2016,07/03/2021,DanHatch Poland,,,,,
Achievements,95682,,Poultry Welfare Certificate,,07/03/2016,07/03/2016,07/03/2021,DanHatch Poland,,,,,
Achievements,95685,,Health & Safety Certificate,,08/04/2014,08/04/2014,08/04/2019,DanHatch Poland,,,,,
Achievements,95685,,Poultry Welfare Certificate,,07/03/2016,07/03/2016,07/03/2021,DanHatch Poland,,,,,
Achievements,95686,,Health and Safety Certificate,,16/02/2016,16/02/2016,16/02/2021,DanHatch Poland,,,,,
Achievements,95686,,Poultry Welfare Certificate,,07/03/2016,07/03/2016,07/03/2021,DanHatch Poland,,,,,
Achievements,95687,,Health and Safety Certificate,,02/11/2015,02/11/2015,02/11/2020,DanHatch Poland,,,,,
Achievements,95687,,Poultry Welfare Certificate,,07/03/2016,07/03/2016,07/03/2021,DanHatch Poland,,,,,
Achievements,95688,,Health and Safety Certificate,,02/09/2013,02/09/2013,02/09/2018,DanHatch Poland,,,,,
Achievements,95688,,Poultry Welfare Certificate,,07/03/2016,07/03/2016,07/03/2021,DanHatch Poland,,,,,
Achievements,95689,,Health and Safety Certificate,,04/01/2016,04/01/2016,04/01/2021,DanHatch Poland,,,,,
Achievements,95689,,Poultry Welfare Certificate,,07/03/2016,07/03/2016,07/03/2021,DanHatch Poland,,,,,
Achievements,95690,,Poultry Welfare Certificate,,07/03/2016,07/03/2016,07/03/2021,DanHatch Poland,,,,,
Achievements,95690,,Health and Safety Certificate,,01/02/2016,01/02/2016,01/02/2021,DanHatch Poland,,,,,
Achievements,95691,,Health & Safety Certificate,,01/06/2015,01/06/2015,01/06/2020,DanHatch Poland,,,,,
Achievements,95691,,Poultry Welfare Certificate,,05/10/2015,05/10/2015,05/10/2020,DanHatch Poland,,,,,
Achievements,95691,,Rearing Flock Documentation and Analysis,,30/09/2015,30/09/2015,30/09/2020,DanHatch Poland,,,,,
Achievements,95691,,Bacterial Infections - Bio-security as a Part of Prevention,,30/09/2015,30/09/2015,30/09/2020,DanHatch Poland,,,,,
Achievements,95691,,E.Coli - Latest Reseach on Strains and Vaccinations Effectiveness,,30/09/2015,30/09/2015,30/09/2020,DanHatch Poland,,,,,
Achievements,95692,,Health & Safety Certificate,,21/09/2015,21/09/2015,21/09/2020,DanHatch Poland,,,,,
Achievements,95692,,Poultry Welfare Certificate,,05/10/2015,05/10/2015,05/10/2020,DanHatch Poland,,,,,
Achievements,95693,41341,First Aid Qualification,,27/05/2014,27/05/2014,27/05/2019,Teppel i Baczyk s.c.,,,,,
Achievements,95693,41342,Level 3 Diploma in Work-based Agriculture or Equivalent,,30/06/2007,30/06/2007,,University in Zielona Gora,,,,,
Achievements,95693,,Health and Safety,,12/12/2014,12/12/2014,12/12/2019,Teppel i Baczyk s.c.,,,,,
Achievements,95693,,Hygiene & Biosecurity,,31/03/2016,31/03/2016,31/03/2021,DanHatch Poland,,,,,
Achievements,95693,,Manual Handling,,31/03/2016,31/03/2016,31/03/2021,DanHatch Poland,,,,,
Achievements,95693,,Poultry Welfare,,31/03/2016,31/03/2016,31/03/2021,DanHatch Poland,,,,,
Achievements,95693,,"Mobbing - Counteraction, Reaction",,23/09/2014,23/09/2014,23/09/2019,Open Konsultacje i Szkolenia,,,,,
Achievements,95693,,Selected Issues of Labour Law,,04/12/2014,04/12/2014,04/12/2019,Rucinski & Lyko,,,,,
Achievements,95694,41341,First Aid Qualification,,07/09/2015,07/09/2015,07/09/2020,Health & Safety Service Company,,,,,
Achievements,95694,41342,Level 3 Diploma in Work-based Agriculture or Equivalent,,24/06/1987,24/06/1987,,Agricultural Technical School,,,,,
Achievements,95694,,Health & Safety,,03/07/2013,03/07/2013,03/07/2018,Health & Safety Service Company,,,,,
Achievements,95694,,Hygiene & Biosecurity,,31/03/2016,31/03/2016,31/03/2021,DanHatch Poland,,,,,
Achievements,95694,,Manual Handling,,31/03/2016,31/03/2016,31/03/2021,DanHatch Poland,,,,,
Achievements,95694,,Poultry Welfare,,31/03/2016,31/03/2016,31/03/2021,DanHatch Poland,,,,,
Achievements,95694,,"Mobbing - Counteraction, Reaction",,24/09/2014,24/09/2014,24/09/2019,Open Consulting & Training,,,,,
Achievements,95694,,Management of the Production Team,,06/05/2015,06/05/2015,06/05/2020,DanHatch Poland,,,,,
Achievements,95694,,Selected Issues of Labour Law,,04/12/2014,04/12/2014,04/12/2019,DanHatch Poland,,,,,
Achievements,95695,41341,First Aid Qualification,,07/09/2015,07/09/2015,07/09/2020,DanHatch Poland,,,,,
Achievements,95695,41342,Level 3 Diploma in Work-based Agriculture or Equivalent,,05/07/2013,05/07/2013,,Poznan University of Life Sciences,,,,,
Achievements,95695,,Health & Safety,,02/03/2015,02/03/2015,02/03/2020,Health & Safety Service Company,,,,,
Achievements,95695,,Hygiene & Biosecurity,,31/03/2016,31/03/2016,31/03/2021,DanHatch Poland,,,,,
Achievements,95695,,Manual Handling,,31/03/2016,31/03/2016,31/03/2021,DanHatch Poland,,,,,
Achievements,95695,,Poultry Welfare,,31/03/2016,31/03/2016,31/03/2021,DanHatch Poland,,,,,
Achievements,95695,,"Mobbing - Counteraction, Reaction",,24/09/2014,24/09/2014,24/09/2019,Open Consulting & Training,,,,,
Achievements,95696,41339,Level 2 Diploma in Work-based Agriculture or Equivalent,,06/06/1989,06/06/1989,,Agricultural Technical School,,,,,
Achievements,95696,,Health & Safety,,08/01/2014,08/01/2014,08/01/2019,Health & Safety Service Company,,,,,
Achievements,95696,41341,First Aid Qualification,,07/09/2015,07/09/2015,07/09/2020,Health & Safety Service Company,,,,,
Achievements,95696,,Hygiene and Biosecurity,,31/03/2016,31/03/2016,31/03/2021,DanHatch Poland,,,,,
Achievements,95696,,Manual Handling,,31/03/2016,31/03/2016,31/03/2021,DanHatch Poland,,,,,
Achievements,95696,,Poultry Welfare,,31/03/2016,31/03/2016,31/03/2021,DanHatch Poland,,,,,
Achievements,95696,,"Mobbing - Counteraction, Reaction",,24/09/2014,24/09/2014,24/09/2019,DanHatch Poland,,,,,
Achievements,95697,41339,Level 2 Diploma in Work-based Agriculture or Equivalent,,09/06/1989,09/06/1989,,Agricultural Technical School,,,,,
Achievements,95697,,Health & Safety,,03/07/2013,03/07/2013,03/07/2018,Health & Safety Service Company,,,,,
Achievements,95697,41341,First Aid Qualification,,07/09/2015,07/09/2015,07/09/2020,DanHatch Poland,,,,,
Achievements,95697,,Hygiene & Biosecurity,,31/03/2016,31/03/2016,31/03/2021,DanHatch Poland,,,,,
Achievements,95697,,Manual Handling,,31/03/2016,31/03/2016,31/03/2021,DanHatch Poland,,,,,
Achievements,95697,,Poultry Welfare,,31/03/2016,31/03/2016,31/03/2021,DanHatch Poland,,,,,
Achievements,95697,,"Mobbing - Counteraction, Reaction",,24/09/2014,24/09/2014,24/09/2019,DanHatch Poland,,,,,
Achievements,95698,41339,Level 2 Diploma in Work-based Agriculture or Equivalent,,19/06/1996,19/06/1996,,DanHatch Poland,,,,,
Achievements,95698,,Health & Safety,,03/07/2013,03/07/2013,03/07/2018,Health & Safety Service Company,,,,,
Achievements,95698,,Hygiene & Biosecurity,,31/03/2016,31/03/2016,31/03/2021,DanHatch Poland,,,,,
Achievements,95698,,Manual Handling,,31/03/2016,31/03/2016,31/03/2021,DanHatch Poland,,,,,
Achievements,95698,,Poultry Welfare,,31/03/2016,31/03/2016,31/03/2021,DanHatch Poland,,,,,
Achievements,95698,,"Mobbing - Counteraction, Reaction",,24/09/2014,24/09/2014,24/09/2019,Open Consulting & Training,,,,,
Achievements,95700,41336,Hygiene & Biosecurity Short Course,,22/02/2016,22/02/2016,22/02/2021,WFT Academy,,,,,
Achievements,95700,41338,Poultry Welfare Short Course,,22/02/2016,22/02/2016,22/02/2021,WFT Academy,,,,,
Achievements,95701,41336,Hygiene & Biosecurity Short Course,,22/02/2016,22/02/2016,22/02/2021,WFT Academy,,,,,
Achievements,95701,41338,Poultry Welfare Short Course,,22/02/2016,22/02/2016,22/02/2021,WFT Academy,,,,,
Achievements,95702,41336,Hygiene & Biosecurity Short Course,,22/02/2016,22/02/2016,22/02/2021,WFT Academy,,,,,
Achievements,95702,41338,Poultry Welfare Short Course,,22/02/2016,22/02/2016,22/02/2021,WFT Academy,,,,,
Achievements,95705,41336,Hygiene & Biosecurity Short Course,,22/02/2016,22/02/2016,22/02/2021,WFT Academy,,,,,
Achievements,95705,41338,Poultry Welfare Short Course,,22/02/2016,22/02/2016,22/02/2021,WFT Academy,,,,,
Achievements,95706,41336,Hygiene & Biosecurity Short Course,,22/02/2016,22/02/2016,22/02/2021,WFT Academy,,,,,
Achievements,95706,41338,Poultry Welfare Short Course,,22/02/2016,22/02/2016,22/02/2021,WFT Academy,,,,,
Achievements,95707,41336,Hygiene & Biosecurity Short Course,,22/02/2016,22/02/2016,22/02/2021,WFT Academy,,,,,
Achievements,95707,41338,Poultry Welfare Short Course,,22/02/2016,22/02/2016,22/02/2021,WFT Academy,,,,,
Achievements,95708,41336,Hygiene & Biosecurity Short Course,,23/02/2016,23/02/2016,23/02/2021,WFT Academy,,,,,
Achievements,95708,41338,Poultry Welfare Short Course,,23/02/2016,23/02/2016,23/02/2021,WFT Academy,,,,,
Achievements,95711,41336,Hygiene & Biosecurity Short Course,,23/02/2016,23/02/2016,23/02/2021,WFT Academy,,,,,
Achievements,95711,41338,Poultry Welfare Short Course,,23/02/2016,23/02/2016,23/02/2021,WFT Academy,,,,,
Achievements,95712,41336,Hygiene & Biosecurity Short Course,,23/02/2016,23/02/2016,23/02/2021,WFT Academy,,,,,
Achievements,95712,41338,Poultry Welfare Short Course,,23/02/2016,23/02/2016,23/02/2021,WFT Academy,,,,,
Achievements,95713,41336,Hygiene & Biosecurity Short Course,,23/02/2016,23/02/2016,23/02/2021,WFT Academy,,,,,
Achievements,95713,41338,Poultry Welfare Short Course,,23/02/2016,23/02/2016,23/02/2021,WFT Academy,,,,,
Achievements,95714,41336,Hygiene & Biosecurity Short Course,,23/02/2016,23/02/2016,23/02/2021,WFT Academy,,,,,
Achievements,95714,41338,Poultry Welfare Short Course,,23/02/2016,23/02/2016,23/02/2021,WFT Academy,,,,,
Achievements,95715,41336,Hygiene & Biosecurity Short Course,,24/02/2016,24/02/2016,24/02/2021,WFT Academy,,,,,
Achievements,95715,41338,Poultry Welfare Short Course,,24/02/2016,24/02/2016,24/02/2021,WFT Academy,,,,,
Achievements,95716,41336,Hygiene & Biosecurity Short Course,,24/02/2016,24/02/2016,24/02/2021,WFT Academy,,,,,
Achievements,95716,41338,Poultry Welfare Short Course,,24/02/2016,24/02/2016,24/02/2021,WFT Academy,,,,,
Achievements,95717,41336,Hygiene & Biosecurity Short Course,,24/02/2016,24/02/2016,24/02/2021,WFT Academy,,,,,
Achievements,95717,41338,Poultry Welfare Short Course,,24/02/2016,24/02/2016,24/02/2021,WFT Academy,,,,,
Achievements,95719,41336,Hygiene & Biosecurity Short Course,,24/02/2016,24/02/2016,24/02/2021,WFT Academy,,,,,
Achievements,95719,41338,Poultry Welfare Short Course,,24/02/2016,24/02/2016,24/02/2021,WFT Academy,,,,,
Achievements,95726,41336,Hygiene & Biosecurity Short Course,,01/04/2016,01/04/2016,01/04/2021,WFT Academy,,,,,
Achievements,95726,41338,Poultry Welfare Short Course,,01/04/2016,01/04/2016,01/04/2021,WFT Academy,,,,,
Achievements,95727,41336,Hygiene & Biosecurity Short Course,,01/04/2016,01/04/2016,01/04/2021,WFT Academy,,,,,
Achievements,95727,41338,Poultry Welfare Short Course,,01/04/2016,01/04/2016,01/04/2021,WFT Academy,,,,,
Achievements,95728,41336,Hygiene & Biosecurity Short Course,,01/04/2016,01/04/2016,01/04/2021,WFT Academy,,,,,
Achievements,95728,41338,Poultry Welfare Short Course,,01/04/2016,01/04/2016,01/04/2021,WFT Academy,,,,,
Achievements,95729,41336,Hygiene & Biosecurity Short Course,,01/04/2016,01/04/2016,01/04/2021,WFT Academy,,,,,
Achievements,95729,41338,Poultry Welfare Short Course,,01/04/2016,01/04/2016,01/04/2021,WFT Academy,,,,,
Achievements,95730,41336,Hygiene & Biosecurity Short Course,,01/04/2016,01/04/2016,01/04/2021,WFT Academy,,,,,
Achievements,95730,41338,Poultry Welfare Short Course,,01/04/2016,01/04/2016,01/04/2021,WFT Academy,,,,,
Achievements,95732,41336,Hygiene & Biosecurity Short Course,,22/02/2016,22/02/2016,22/02/2021,WFT Academy,,,,,
Achievements,95732,41338,Poultry Welfare Short Course,,22/02/2016,22/02/2016,22/02/2021,WFT Academy,,,,,
Achievements,95733,41336,Hygiene & Biosecurity Short Course,,22/02/2016,22/02/2016,22/02/2021,WFT Academy,,,,,
Achievements,95733,41338,Poultry Welfare Short Course,,22/02/2016,22/02/2016,22/02/2021,WFT Academy,,,,,
Achievements,95734,41336,Hygiene & Biosecurity Short Course,,23/02/2016,23/02/2016,23/02/2021,WFT Academy,,,,,
Achievements,95734,41338,Poultry Welfare Short Course,,23/02/2016,23/02/2016,23/02/2021,WFT Academy,,,,,
Achievements,95735,41336,Hygiene & Biosecurity Short Course,,23/02/2016,23/02/2016,23/02/2021,WFT Academy,,,,,
Achievements,95735,41338,Poultry Welfare Short Course,,23/02/2016,23/02/2016,23/02/2021,WFT Academy,,,,,
Achievements,95736,41336,Hygiene & Biosecurity Short Course,,24/02/2016,24/02/2016,24/02/2021,WFT Academy,,,,,
Achievements,95736,41338,Poultry Welfare Short Course,,24/02/2016,24/02/2016,24/02/2021,WFT Academy,,,,,
Achievements,95737,41336,Hygiene & Biosecurity Short Course,,24/02/2016,24/02/2016,24/02/2021,WFT Academy,,,,,
Achievements,95737,41338,Poultry Welfare Short Course,,24/02/2016,24/02/2016,24/02/2021,WFT Academy,,,,,
Achievements,95739,41335,Health & Safety Short Course,,24/11/2017,24/11/2017,24/11/2022,Thai Poultry Veterinary Association,,,,,
Achievements,95739,41336,Hygiene & Biosecurity Short Course,,13/11/2015,13/11/2015,13/11/2020,Thai Poultry Veterinary Association,,,,,
Achievements,95739,41337,Manual Handling Short Course,,13/11/2015,13/11/2015,13/11/2020,Thai Poultry Veterinary Association,,,,,
Achievements,95739,41338,Poultry Welfare Short Course,,12/11/2015,12/11/2015,12/11/2020,Thai Poultry Veterinary Association,,,,,
Achievements,95739,41341,First Aid Qualification,,19/04/2016,19/04/2016,19/04/2021,Keangkhoi Hospital of Saraburi,,,,,
Achievements,98615,41335,Health & Safety Short Course,,24/09/2017,24/09/2017,24/09/2022,Thai Poultry Veterinary Association,,,,,
Achievements,98615,41336,Hygiene & Biosecurity Short Course,,23/11/2017,23/11/2017,23/11/2022,Thai Poultry Veterinary Association,,,,,
Achievements,98615,41337,Manual Handling Short Course,,24/11/2017,24/11/2017,24/11/2022,Thai Poultry Veterinary Association,,,,,
Achievements,98615,41338,Poultry Welfare Short Course,,23/11/2017,23/11/2017,23/11/2023,Thai Poultry Veterinary Association,,,,,
Achievements,98615,41341,First Aid Qualification,,19/04/2016,19/04/2016,19/04/2021,Keangkhoi Hospital of Saraburi,,,,,
Achievements,98615,,Internal Auditor on Poultry Production for Export,,20/04/2015,20/04/2015,20/04/2020,Kasetsart University,,,,,
Achievements,108741,41335,Health & Safety Short Course,,24/11/2017,24/11/2017,24/11/2022,Thai Poultry Veterinary Association,,,,,
Achievements,108741,41336,Hygiene & Biosecurity Short Course,,23/11/2017,23/11/2017,23/11/2022,Thai Poultry Veterinary Association,,,,,
Achievements,108741,41337,Manual Handling Short Course,,24/11/2017,24/11/2017,24/11/2022,Thai Poultry Veterinary Association,,,,,
Achievements,108741,41338,Poultry Welfare Short Course,,23/11/2017,23/11/2017,23/11/2022,Thai Poultry Veterinary Association,,,,,
Achievements,108741,41341,First Aid Qualification,,19/04/2016,19/04/2016,19/04/2021,Keangkhoi Hospital of Saraburi,,,,,
Achievements,108742,41335,Health & Safety Short Course,,24/11/2017,24/11/2017,24/11/2022,Thai Poultry Veterinary Association,,,,,
Achievements,108742,41336,Hygiene & Biosecurity Short Course,,23/11/2017,23/11/2017,23/11/2022,Thai Poultry Veterinary Association,,,,,
Achievements,108742,41337,Manual Handling Short Course,,24/11/2017,24/11/2017,24/11/2022,Thai Poultry Veterinary Association,,,,,
Achievements,108742,41338,Poultry Welfare Short Course,,23/11/2017,23/11/2017,23/11/2022,Thai Poultry Veterinary Association,,,,,
Achievements,108742,41341,First Aid Qualification,,19/04/2016,19/04/2016,19/04/2021,Keangkhoi Hospital of Saraburi,,,,,
Achievements,108743,41335,Health & Safety Short Course,,24/11/2017,24/11/2017,24/11/2022,Thai Poultry Veterinary Association,,,,,
Achievements,108743,41336,Hygiene & Biosecurity Short Course,,23/11/2017,23/11/2017,23/11/2022,Thai Poultry Veterinary Association,,,,,
Achievements,108743,41337,Manual Handling Short Course,,24/11/2017,24/11/2017,24/11/2022,Thai Poultry Veterinary Association,,,,,
Achievements,108743,41338,Poultry Welfare Short Course,,23/11/2017,23/11/2017,23/11/2022,Thai Poultry Veterinary Association,,,,,
Achievements,108743,41341,First Aid Qualification,,19/04/2016,19/04/2016,19/04/2021,Keangkhoi Hospital of Saraburi,,,,,
Achievements,108744,41335,Health & Safety Short Course,,24/11/2017,24/11/2017,24/11/2022,Thai Poultry Veterinary Association,,,,,
Achievements,108744,41336,Hygiene & Biosecurity Short Course,,23/11/2017,23/11/2017,23/11/2022,Thai Poultry Veterinary Association,,,,,
Achievements,108744,41337,Manual Handling Short Course,,24/11/2017,24/11/2017,24/11/2022,Thai Poultry Veterinary Association,,,,,
Achievements,108744,41338,Poultry Welfare Short Course,,23/11/2017,23/11/2017,23/11/2022,Thai Poultry Veterinary Association,,,,,
Achievements,108744,41341,First Aid Qualification,,02/12/2016,02/12/2016,02/12/2021,Keangkhoi Hospital of Saraburi,,,,,
Achievements,111387,41335,Health & Safety Short Course,,17/10/2018,17/10/2018,17/10/2023,Thai Poultry Veterinary Association,,,,,
Achievements,111387,41336,Hygiene & Biosecurity Short Course,,17/10/2018,17/10/2018,17/10/2023,Thai Poultry Veterinary Association,,,,,
Achievements,111387,41337,Manual Handling Short Course,,18/10/2018,18/10/2018,18/10/2023,Thai Poultry Veterinary Association,,,,,
Achievements,111387,41338,Poultry Welfare Short Course,,18/10/2018,18/10/2018,18/10/2023,Thai Poultry Veterinary Association,,,,,
Achievements,111387,,First Aid and Basic Life Support Workshop,,19/04/2016,19/04/2016,19/04/2021,Keangkhoi Hospital of Saraburi,,,,,
Achievements,111388,41335,Health & Safety Short Course,,17/10/2018,17/10/2018,17/10/2023,Thai Poultry Veterinary Association,,,,,
Achievements,111388,41336,Hygiene & Biosecurity Short Course,,17/10/2018,17/10/2018,17/10/2023,Thai Poultry Veterinary Association,,,,,
Achievements,111388,41337,Manual Handling Short Course,,18/10/2018,18/10/2018,18/10/2023,Thai Poultry Veterinary Association,,,,,
Achievements,111388,41338,Poultry Welfare Short Course,,18/10/2018,18/10/2018,18/10/2023,Thai Poultry Veterinary Association,,,,,
Achievements,111388,,First Aid and Basic Life Support Workshop,,02/12/2016,02/12/2016,02/12/2021,Keangkhoi Hospital of Saraburi,,,,,
Achievements,111389,41336,Hygiene & Biosecurity Short Course,,17/10/2018,17/10/2018,17/10/2023,Thai Poultry Veterinary Association,,,,,
Achievements,111389,41337,Manual Handling Short Course,,18/10/2018,18/10/2018,18/10/2023,Thai Poultry Veterinary Association,,,,,
Achievements,111389,41338,Poultry Welfare Short Course,,18/10/2018,18/10/2018,18/10/2023,Thai Poultry Veterinary Association,,,,,
Achievements,111389,,First Aid and Basic life Support Workshop,,02/12/2016,02/12/2016,02/12/2021,Keangkhoi Hospital of Saraburi,,,,,
Achievements,105847,41335,Health & Safety Short Course,,27/07/2017,27/07/2017,27/07/2022,Thai Poultry Veterinary Association,,,,,
Achievements,105847,41336,Hygiene & Biosecurity Short Course,,08/07/2015,08/07/2015,08/07/2020,Thai Poultry Veterinary Association,,,,,
Achievements,105847,41337,Manual Handling Short Course,,08/07/2015,08/07/2015,08/07/2020,Thai Poultry Veterinary Association,,,,,
Achievements,105847,41338,Poultry Welfare Short Course,,07/07/2015,07/07/2015,07/07/2020,Thai Poultry Veterinary Association,,,,,
Achievements,105855,41335,Health & Safety Short Course,,25/11/2016,25/11/2016,25/11/2021,Thai Poultry Veterinary Association,,,,,
Achievements,105855,41336,Hygiene & Biosecurity Short Course,,28/08/2015,28/08/2015,28/08/2020,Thai Poultry Veterinary Association,,,,,
Achievements,105855,41337,Manual Handling Short Course,,28/08/2015,28/08/2015,28/08/2020,Thai Poultry Veterinary Association,,,,,
Achievements,105855,41338,Poultry Welfare Short Course,,27/08/2015,27/08/2015,27/08/2020,Thai Poultry Veterinary Association,,,,,
Achievements,105856,41335,Health & Safety Short Course,,27/07/2017,27/07/2017,27/07/2022,Thai Poultry Veterinary Association,,,,,
Achievements,105856,41336,Hygiene & Biosecurity Short Course,,26/07/2017,26/07/2017,26/07/2022,Thai Poultry Veterinary Association,,,,,
Achievements,105856,41337,Manual Handling Short Course,,26/07/2017,26/07/2017,26/07/2022,Thai Poultry Veterinary Association,,,,,
Achievements,105856,41338,Poultry Welfare Short Course,,27/07/2017,27/07/2017,27/07/2022,Thai Poultry Veterinary Association,,,,,
Achievements,96045,41335,Health & Safety Short Course,,25/11/2016,25/11/2016,25/11/2021,Thai Poultry Veterinary Association,,,,,
Achievements,94703,41336,Hygiene & Biosecurity Short Course,,26/06/2014,26/06/2014,26/06/2019,WFT Academy,,,,,
Achievements,94703,41338,Poultry Welfare Short Course,,12/09/2013,12/09/2013,12/09/2018,WFT Academy,,,,,
Achievements,100181,41336,Hygiene & Biosecurity Short Course,,30/06/2016,30/06/2016,30/06/2021,WFT Academy,,,,,
Achievements,100181,41338,Poultry Welfare Short Course,,30/06/2016,30/06/2016,30/06/2021,WFT Academy,,,,,
Achievements,100201,41336,Hygiene & Biosecurity Short Course,,30/06/2016,30/06/2016,30/06/2021,WFT Academy,,,,,
Achievements,100201,41338,Poultry Welfare Short Course,,30/06/2016,30/06/2016,30/06/2021,WFT Academy,,,,,
Achievements,105899,41336,Hygiene & Biosecurity Short Course,,09/06/2017,09/06/2017,09/06/2022,WFT Academy,,,,,
Achievements,105899,41338,Poultry Welfare Short Course,,09/06/2017,09/06/2017,09/06/2022,WFT Academy,,,,,
Achievements,105900,41336,Hygiene & Biosecurity Short Course,,09/06/2017,09/06/2017,09/06/2022,WFT Academy,,,,,
Achievements,105900,41338,Poultry Welfare Short Course,,09/06/2017,09/06/2017,09/06/2022,WFT Academy,,,,,
Achievements,109745,41336,Hygiene & Biosecurity Short Course,,07/09/2018,07/09/2018,07/09/2023,GT Training,,,,,
Achievements,109745,41338,Poultry Welfare Short Course,,07/09/2018,07/09/2018,07/09/2023,GT Training,,,,,
Achievements,104968,41335,Health & Safety Short Course,,24/11/2016,24/11/2016,24/11/2021,Thai Poultry Veterinary Association,,,,,
Achievements,104968,41336,Hygiene & Biosecurity Short Course,,26/07/2017,26/07/2017,26/07/2022,Thai Poultry Veterinary Association,,,,,
Achievements,104968,41337,Manual Handling Short Course,,26/07/2017,26/07/2017,26/07/2022,Thai Poultry Veterinary Association,,,,,
Achievements,104968,41338,Poultry Welfare Short Course,,27/07/2017,27/07/2017,27/07/2022,Thai Poultry Veterinary Association,,,,,
Achievements,104968,41341,First Aid Qualification,,02/06/2017,02/06/2017,02/06/2022,Thai Red Cross,,,,,
Achievements,94273,41338,Poultry Welfare Short Course,,07/09/2018,07/09/2018,07/09/2023,GT Training,,,,,
Achievements,94274,41338,Poultry Welfare Short Course,,07/09/2018,07/09/2018,07/09/2023,GT Training,,,,,
Achievements,94701,41336,Hygiene & Biosecurity Short Course,,26/06/2014,26/06/2014,26/06/2019,WFT Academy,,,,,
Achievements,94701,41338,Poultry Welfare Short Course,,03/09/2018,03/09/2018,03/09/2023,GT Training,,,,,
Achievements,94702,41336,Hygiene & Biosecurity Short Course,,26/06/2014,26/06/2014,26/06/2019,WFT Academy,,,,,
Achievements,94702,41338,Poultry Welfare Short Course,,03/09/2018,03/09/2018,03/09/2023,GT Training,,,,,
Achievements,94704,41336,Hygiene & Biosecurity Short Course,,26/06/2014,26/06/2014,26/06/2019,WFT Academy,,,,,
Achievements,94704,41338,Poultry Welfare Short Course,,12/09/2013,12/09/2013,12/09/2018,WFT Academy,,,,,
Achievements,94705,41336,Hygiene & Biosecurity Short Course,,26/06/2014,26/06/2014,26/06/2019,WFT Academy,,,,,
Achievements,94705,41338,Poultry Welfare Short Course,,03/09/2018,03/09/2018,03/09/2023,GT Training,,,,,
Achievements,94712,41336,Hygiene & Biosecurity Short Course,,26/06/2014,26/06/2014,26/06/2019,WFT Academy,,,,,
Achievements,94712,41338,Poultry Welfare Short Course,,26/06/2014,26/06/2014,26/06/2019,WFT Academy,,,,,
Achievements,100187,41336,Hygiene & Biosecurity Short Course,,27/06/2016,27/06/2016,27/06/2021,WFT Academy,,,,,
Achievements,100187,41338,Poultry Welfare Short Course,,27/06/2016,27/06/2016,27/06/2021,WFT Academy,,,,,
Achievements,100188,41336,Hygiene & Biosecurity Short Course,,27/06/2016,27/06/2016,27/06/2021,WFT Academy,,,,,
Achievements,100188,41338,Poultry Welfare Short Course,,27/06/2016,27/06/2016,27/06/2021,WFT Academy,,,,,
Achievements,100189,41336,Hygiene & Biosecurity Short Course,,27/06/2016,27/06/2016,27/06/2021,WFT Academy,,,,,
Achievements,100189,41338,Poultry Welfare Short Course,,27/06/2016,27/06/2016,27/06/2021,WFT Academy,,,,,
Achievements,100193,41336,Hygiene & Biosecurity Short Course,,27/06/2016,27/06/2016,27/06/2021,WFT Academy,,,,,
Achievements,100193,41338,Poultry Welfare Short Course,,27/06/2016,27/06/2016,27/06/2021,WFT Academy,,,,,
Achievements,100199,41336,Hygiene & Biosecurity Short Course,,27/06/2016,27/06/2016,27/06/2021,WFT Academy,,,,,
Achievements,100199,41338,Poultry Welfare Short Course,,27/06/2016,27/06/2016,27/06/2021,WFT Academy,,,,,
Achievements,110551,41336,Hygiene & Biosecurity Short Course,,28/09/2018,28/09/2018,28/09/2023,GT Training,,,,,
Achievements,110551,41338,Poultry Welfare Short Course,,28/09/2018,28/09/2018,28/09/2023,GT Training,,,,,
Achievements,98895,41335,Health & Safety Short Course,,24/11/2016,24/11/2016,24/11/2021,Thai Poultry Veterinary Association,,,,,
Achievements,98895,41336,Hygiene & Biosecurity Short Course,,17/06/2016,17/06/2016,17/06/2021,Thai Poultry Veterinary Association,,,,,
Achievements,98895,41337,Manual Handling Short Course,,17/06/2016,17/06/2016,17/06/2021,Thai Poultry Veterinary Association,,,,,
Achievements,98895,41338,Poultry Welfare Short Course,,16/06/2016,16/06/2016,16/06/2021,Thai Poultry Veterinary Association,,,,,
Achievements,98895,41341,First Aid Qualification,,07/09/2016,07/09/2016,07/09/2021,Thai Red Cross,,,,,
Achievements,98896,41335,Health & Safety Short Course,,24/11/2016,24/11/2016,24/11/2021,Thai Poultry Veterinary Association,,,,,
Achievements,98896,41336,Hygiene & Biosecurity Short Course,,13/11/2015,13/11/2015,13/11/2020,Thai Poultry Veterinary Association,,,,,
Achievements,98896,41337,Manual Handling Short Course,,13/11/2015,13/11/2015,13/11/2020,Thai Poultry Veterinary Association,,,,,
Achievements,98896,41338,Poultry Welfare Short Course,,12/11/2015,12/11/2015,12/11/2020,Thai Poultry Veterinary Association,,,,,
Achievements,98896,41341,First Aid Qualification,,07/09/2016,07/09/2016,07/09/2021,Thai Red Cross,,,,,
Achievements,98904,41335,Health & Safety Short Course,,24/11/2016,24/11/2016,24/11/2021,Thai Poultry Veterinary Association,,,,,
Achievements,98904,41336,Hygiene & Biosecurity Short Course,,31/03/2016,31/03/2016,31/03/2021,Thai Poultry Veterinary Association,,,,,
Achievements,98904,41337,Manual Handling Short Course,,31/03/2016,31/03/2016,31/03/2021,Thai Poultry Veterinary Association,,,,,
Achievements,98904,41338,Poultry Welfare Short Course,,30/03/2016,30/03/2016,30/03/2021,Thai Poultry Veterinary Association,,,,,
Achievements,98904,41341,First Aid Qualification,,17/08/2016,17/08/2016,17/08/2021,Srimahaphot Hospital,,,,,
Achievements,105636,41335,Health & Safety Short Course,,24/11/2017,24/11/2017,24/11/2022,Thai Poultry Veterinary Association,,,,,
Achievements,105636,41336,Hygiene & Biosecurity Short Course,,23/11/2017,23/11/2017,23/11/2022,Thai Poultry Veterinary Association,,,,,
Achievements,105636,41337,Manual Handling Short Course,,24/11/2017,24/11/2017,24/11/2022,Thai Poultry Veterinary Association,,,,,
Achievements,105636,41338,Poultry Welfare Short Course,,23/11/2017,23/11/2017,23/11/2022,Thai Poultry Veterinary Association,,,,,
Achievements,105636,41342,Level 3 Diploma in Work-based Agriculture or Equivalent,,03/06/2013,03/06/2013,,Chiang Mai University,,,,,
Achievements,105636,,GAP of Poultry for Agriculturist,,15/08/2017,15/08/2017,15/08/2022,Department of Livestock Development,,,,,
Achievements,105640,41335,Health & Safety Short Course,,24/11/2017,24/11/2017,24/11/2022,Thai Poultry Veterinary Association,,,,,
Achievements,105640,41336,Hygiene & Biosecurity Short Course,,23/11/2017,23/11/2017,23/11/2022,Thai Poultry Veterinary Association,,,,,
Achievements,105640,41337,Manual Handling Short Course,,24/11/2017,24/11/2017,24/11/2022,Thai Poultry Veterinary Association,,,,,
Achievements,105640,41338,Poultry Welfare Short Course,,23/11/2017,23/11/2017,23/11/2022,Thai Poultry Veterinary Association,,,,,
Achievements,105640,41342,Level 3 Diploma in Work-based Agriculture or Equivalent,,01/06/2008,28/02/2010,,Rajamangala University of Technology,,,,,
Achievements,105640,,Safety Officer at Supervisor Level,,16/02/2017,16/02/2017,16/02/2022,Kongjitman Consultant Academic and Learning & Growth Consulting Center Co Ltd,,,,,
Achievements,105640,,GAP of Poultry for Agriculturist,,15/08/2017,15/08/2017,15/08/2022,Department of Livestock Development,,,,,
Achievements,98906,41335,Health & Safety Short Course,,25/10/2016,25/10/2016,25/10/2021,Thai Poultry Veterinary Association,,,,,
Achievements,98906,41336,Hygiene & Biosecurity Short Course,,18/09/2015,18/09/2015,18/09/2020,Thai Poultry Veterinary Association,,,,,
Achievements,98906,41337,Manual Handling Short Course,,18/09/2015,18/09/2015,18/09/2020,Thai Poultry Veterinary Association,,,,,
Achievements,98906,41338,Poultry Welfare Short Course,,17/09/2015,17/09/2015,17/09/2020,Thai Poultry Veterinary Association,,,,,
Achievements,98906,41341,First Aid Qualification,,06/09/2016,06/09/2016,06/09/2021,Srimahaphot Hospital,,,,,
Achievements,98906,41342,Level 3 Diploma in Work-based Agriculture or Equivalent,,20/05/2012,20/05/2012,,Rajamangala Lanna University,,,,,
Achievements,98906,,GAP of Poultry for Agriculturist,,21/08/2015,21/08/2015,21/08/2020,Department of Livestock Development,,,,,
Achievements,105639,41335,Health & Safety Short Course,,24/11/2017,24/11/2017,24/11/2022,Thai Poultry Veterinary Association,,,,,
Achievements,105639,41336,Hygiene & Biosecurity Short Course,,23/11/2017,23/11/2017,23/11/2022,Thai Poultry Veterinary Association,,,,,
Achievements,105639,41337,Manual Handling Short Course,,24/11/2017,24/11/2017,24/11/2022,Thai Poultry Veterinary Association,,,,,
Achievements,105639,41338,Poultry Welfare Short Course,,23/11/2017,23/11/2017,23/11/2022,Thai Poultry Veterinary Association,,,,,
Achievements,105639,,GAP of Poultry for Agriculturist,,15/08/2017,15/08/2017,15/08/2022,Department of Livestock,,,,,
Achievements,98907,41335,Health & Safety Short Course,,25/10/2016,25/10/2016,25/10/2021,Thai Poultry Veterinary Association,,,,,
Achievements,98907,41336,Hygiene & Biosecurity Short Course,,13/11/2015,13/11/2015,13/11/2020,Thai Poultry Veterinary Associations,,,,,
Achievements,98907,41337,Manual Handling Short Course,,13/11/2015,13/11/2015,13/11/2020,Thai Poultry Veterinary Association,,,,,
Achievements,98907,41338,Poultry Welfare Short Course,,12/11/2015,12/11/2015,12/11/2020,Thai Poultry Veterinary Association,,,,,
Achievements,98907,41341,First Aid Qualification,,06/09/2016,06/09/2016,06/09/2021,Srimahaphot Hospital,,,,,
Achievements,99054,41336,Hygiene & Biosecurity Short Course,,13/11/2016,13/11/2016,13/11/2021,Thai Poultry Veterinary Association,,,,,
Achievements,99054,41337,Manual Handling Short Course,,13/11/2016,13/11/2016,13/11/2021,Thai Poultry Veterinary Association,,,,,
Achievements,99054,41338,Poultry Welfare Short Course,,12/11/2016,12/11/2016,12/11/2021,Thai Poultry Veterinary Association,,,,,
Achievements,99054,41341,First Aid Qualification,,20/09/2017,20/09/2017,20/09/2022,Thai Red Cross,,,,,
Achievements,99055,41336,Hygiene & Biosecurity Short Course,,13/11/2015,13/11/2015,13/11/2020,Thai Poultry Veterinary Association,,,,,
Achievements,99055,41337,Manual Handling Short Course,,13/11/2015,13/11/2015,13/11/2020,Thai Poultry Veterinary Association,,,,,
Achievements,99055,41338,Poultry Welfare Short Course,,12/11/2015,12/11/2015,12/11/2020,Thai Poultry Veterinary Association,,,,,
Achievements,99055,41341,First Aid Qualification,,20/09/2017,20/09/2017,20/09/2022,Thai Red Cross,,,,,
Achievements,99804,41341,First Aid Qualification,,21/09/2017,21/09/2017,21/09/2022,Thai Red Cross,,,,,
Achievements,99805,41341,First Aid Qualification,,20/09/2017,20/09/2017,20/09/2022,Thai Red Cross,,,,,
Achievements,99807,41341,First Aid Qualification,,20/09/2017,20/09/2017,20/09/2022,Thai Red Cross,,,,,
Achievements,99991,41336,Hygiene & Biosecurity Short Course,,17/06/2016,17/06/2016,17/06/2021,Thai Poultry Veterinary Association,,,,,
Achievements,99991,41337,Manual Handling Short Course,,17/06/2016,17/06/2016,17/06/2021,Thai Poultry Veterinary Association,,,,,
Achievements,99991,41338,Poultry Welfare Short Course,,16/06/2016,16/06/2016,16/06/2021,Thai Poultry Veterinary Association,,,,,
Achievements,95621,41336,Hygiene & Biosecurity Short Course,,29/04/2015,29/04/2015,29/04/2020,Thai Poultry Veterinary Association,,,,,
Achievements,95621,41337,Manual Handling Short Course,,29/04/2015,29/04/2015,29/04/2020,Thai Poultry Veterinary Association,,,,,
Achievements,95621,41338,Poultry Welfare Short Course,,28/04/2015,28/04/2015,28/04/2020,Thai Poultry Veterinary Association,,,,,
Achievements,99992,41336,Hygiene & Biosecurity Short Course,,09/06/2015,09/06/2015,09/06/2020,Thai Poultry Veterinary Association,,,,,
Achievements,99992,41337,Manual Handling Short Course,,09/06/2015,09/06/2015,09/06/2020,Thai Poultry Veterinary Association,,,,,
Achievements,99992,41338,Poultry Welfare Short Course,,10/06/2015,10/06/2015,10/06/2020,Thai Poultry Veterinary Association,,,,,
Achievements,99994,41336,Hygiene & Biosecurity Short Course,,09/06/2015,09/06/2015,09/06/2020,Thai Poultry Veterinary Association,,,,,
Achievements,99994,41337,Manual Handling Short Course,,09/06/2015,09/06/2015,09/06/2020,Thai Poultry Veterinary Association,,,,,
Achievements,99994,41338,Poultry Welfare Short Course,,10/06/2015,10/06/2015,10/06/2020,Thai Poultry Veterinary Association,,,,,
Achievements,99995,41336,Hygiene & Biosecurity Short Course,,17/06/2016,17/06/2016,17/06/2021,Thai Poultry Veterinary Association,,,,,
Achievements,99995,41337,Manual Handling Short Course,,17/06/2016,17/06/2016,17/06/2021,Thai Poultry Veterinary Association,,,,,
Achievements,99995,41338,Poultry Welfare Short Course,,16/06/2016,16/06/2016,16/06/2021,Thai Poultry Veterinary Association,,,,,
Achievements,99997,41336,Hygiene & Biosecurity Short Course,,29/04/2015,29/04/2015,29/04/2020,Thai Poultry Veterinary Association,,,,,
Achievements,99997,41337,Manual Handling Short Course,,29/04/2015,29/04/2015,29/04/2020,Thai Poultry Veterinary Association,,,,,
Achievements,99997,41338,Poultry Welfare Short Course,,28/04/2015,28/04/2015,28/04/2020,Thai Poultry Veterinary Association,,,,,
Achievements,99998,41336,Hygiene & Biosecurity Short Course,,17/06/2016,17/06/2016,17/06/2021,Thai Poultry Veterinary Association,,,,,
Achievements,99998,41337,Manual Handling Short Course,,17/06/2016,17/06/2016,17/06/2021,Thai Poultry Veterinary Association,,,,,
Achievements,99998,41338,Poultry Welfare Short Course,,16/06/2016,16/06/2016,16/06/2021,Thai Poultry Veterinary Association,,,,,
Achievements,99999,41336,Hygiene & Biosecurity Short Course,,17/06/2016,17/06/2016,17/06/2021,Thai Poultry Veterinary Association,,,,,
Achievements,99999,41337,Manual Handling Short Course,,17/06/2016,17/06/2016,17/06/2021,Thai Poultry Veterinary Association,,,,,
Achievements,99999,41338,Poultry Welfare Short Course,,16/06/2016,16/06/2016,16/06/2021,Thai Poultry Veterinary Association,,,,,
Achievements,100000,41336,Hygiene & Biosecurity Short Course,,17/06/2016,17/06/2016,17/06/2021,Thai Poultry Veterinary Association,,,,,
Achievements,100000,41337,Manual Handling Short Course,,17/06/2016,17/06/2016,17/06/2021,Thai Poultry Veterinary Association,,,,,
Achievements,100000,41338,Poultry Welfare Short Course,,16/06/2016,16/06/2016,16/06/2021,Thai Poultry Veterinary Association,,,,,
Achievements,100047,41336,Hygiene & Biosecurity Short Course,,22/07/2016,22/07/2016,22/07/2021,WFT Academy,,,,,
Achievements,100047,41338,Poultry Welfare Short Course,,22/07/2016,22/07/2016,22/07/2021,WFT Academy,,,,,
Achievements,100314,41335,Health & Safety Short Course,,29/09/2016,29/09/2016,29/09/2021,Thai Poultry Veterinary Association,,,,,
Achievements,100314,41336,Hygiene & Biosecurity Short Course,,31/03/2016,31/03/2016,31/03/2021,Thai Poultry Veterinary Association,,,,,
Achievements,100314,41337,Manual Handling Short Course,,31/03/2016,31/03/2016,31/03/2021,Thai Poultry Veterinary Association,,,,,
Achievements,100314,41338,Poultry Welfare Short Course,,30/03/2016,30/03/2016,30/03/2021,Thai Poultry Veterinary Association,,,,,
Achievements,100314,41341,First Aid Qualification,,18/08/2016,18/08/2016,18/08/2021,Kasemrad Hospital,,,,,
Achievements,100315,41335,Health & Safety Short Course,,25/10/2016,25/10/2016,25/10/2021,Thai Poultry Veterinary Association,,,,,
Achievements,100315,41336,Hygiene & Biosecurity Short Course,,17/06/2016,17/06/2016,16/06/2021,Thai Poultry Veterinary Association,,,,,
Achievements,100315,41337,Manual Handling Short Course,,17/06/2016,17/06/2016,17/06/2021,Thai Poultry Veterinary Association,,,,,
Achievements,100315,41338,Poultry Welfare Short Course,,16/06/2016,16/06/2016,16/06/2021,Thai Poultry Veterinary Association,,,,,
Achievements,100315,41341,First Aid Qualification,,18/08/2016,18/08/2016,18/08/2021,Kasemrad Hospital,,,,,
Achievements,100320,41335,Health & Safety Short Course,,25/10/2016,25/10/2016,25/10/2021,Thai Poultry Veterinary Association,,,,,
Achievements,100320,41336,Hygiene & Biosecurity Short Course,,17/06/2016,17/06/2016,17/06/2021,Thai Poultry Veterinary Association,,,,,
Achievements,100320,41337,Manual Handling Short Course,,17/06/2016,17/06/2016,17/06/2021,Thai Poultry Veterinary Association,,,,,
Achievements,100320,41338,Poultry Welfare Short Course,,16/06/2016,16/06/2016,15/06/2021,Thai Poultry Veterinary Association,,,,,
Achievements,100320,41341,First Aid Qualification,,18/08/2016,18/08/2016,18/08/2021,Kasemrad Hospital,,,,,
Achievements,100321,41335,Health & Safety Short Course,,29/09/2016,29/09/2016,29/09/2021,Thai Poultry Veterinary Association,,,,,
Achievements,100321,41336,Hygiene & Biosecurity Short Course,,31/03/2016,31/03/2016,31/03/2021,Thai Poultry Veterinary Association,,,,,
Achievements,100321,41337,Manual Handling Short Course,,31/03/2016,31/03/2016,31/03/2021,Thai Poultry Veterinary Association,,,,,
Achievements,100321,41338,Poultry Welfare Short Course,,30/03/2016,30/03/2016,30/03/2021,Thai Poultry Veterinary Association,,,,,
Achievements,100321,41341,First Aid Qualification,,18/08/2016,18/08/2016,18/08/2021,Kasemrad Hospital,,,,,
Achievements,100322,41335,Health & Safety Short Course,,29/09/2016,29/09/2016,29/09/2021,Thai Poultry Veterinary Association,,,,,
Achievements,100322,41336,Hygiene & Biosecurity Short Course,,17/06/2016,17/06/2016,17/06/2021,Thai Poultry Veterinary Association,,,,,
Achievements,100322,41337,Manual Handling Short Course,,17/06/2016,17/06/2016,17/06/2021,Thai Poultry Veterinary Association,,,,,
Achievements,100322,41338,Poultry Welfare Short Course,,16/06/2016,16/06/2016,16/06/2021,Thai Poultry Veterinary Association,,,,,
Achievements,100322,41341,First Aid Qualification,,18/08/2016,18/08/2016,18/08/2021,Kasemrad Hospital,,,,,
Achievements,100324,41335,Health & Safety Short Course,,25/10/2016,25/10/2016,25/10/2021,Thai Poultry Veterinary Association,,,,,
Achievements,100324,41336,Hygiene & Biosecurity Short Course,,17/06/2016,17/06/2016,17/06/2021,Thai Poultry Veterinary Association,,,,,
Achievements,100324,41337,Manual Handling Short Course,,17/06/2016,17/06/2016,17/06/2021,Thai Poultry Veterinary Association,,,,,
Achievements,100324,41338,Poultry Welfare Short Course,,16/06/2016,16/06/2016,16/06/2021,Thai Poultry Veterinary Association,,,,,
Achievements,100324,41341,First Aid Qualification,,20/05/2017,20/05/2017,20/05/2022,Thai Red Cross,,,,,
Achievements,100325,41335,Health & Safety Short Course,,29/09/2015,29/09/2016,29/09/2021,Thai Poultry Veterinary Association,,,,,
Achievements,100325,41336,Hygiene & Biosecurity Short Course,,17/06/2016,17/06/2016,17/06/2021,Thai Poultry Veterinary Association,,,,,
Achievements,100325,41337,Manual Handling Short Course,,17/06/2016,17/06/2016,17/06/2021,Thai Poultry Veterinary Association,,,,,
Achievements,100325,41338,Poultry Welfare Short Course,,16/06/2016,16/06/2016,16/06/2021,Thai Poultry Veterinary Association,,,,,
Achievements,100325,41341,First Aid Qualification,,18/08/2016,18/08/2016,18/08/2021,Kasemrad Hospital,,,,,
Achievements,100328,41335,Health & Safety Short Course,,29/09/2016,29/09/2016,29/09/2021,Thai Poultry Veterinary Association,,,,,
Achievements,100328,41336,Hygiene & Biosecurity Short Course,,29/04/2015,29/04/2015,29/04/2020,Thai Poultry Veterinary Association,,,,,
Achievements,100328,41337,Manual Handling Short Course,,29/04/2015,29/04/2015,29/04/2020,Thai Poultry Veterinary Association,,,,,
Achievements,100328,41338,Poultry Welfare Short Course,,28/04/2015,28/04/2015,28/04/2020,Thai Poultry Veterinary Association,,,,,
Achievements,100328,41341,First Aid Qualification,,28/03/2016,28/03/2016,28/03/2021,Kasemrad Hospital,,,,,
Achievements,100329,41335,Health & Safety Short Course,,25/10/2016,25/10/2016,25/10/2021,Thai Poultry Veterinary Association,,,,,
Achievements,100329,41336,Hygiene & Biosecurity Short Course,,31/03/2016,31/03/2016,31/03/2021,Thai Poultry Veterinary Association,,,,,
Achievements,100329,41337,Manual Handling Short Course,,31/03/2016,31/03/2016,31/03/2021,Thai Poultry Veterinary Association,,,,,
Achievements,100329,41338,Poultry Welfare Short Course,,30/03/2016,30/03/2016,30/03/2021,Thai Poultry Veterinary Association,,,,,
Achievements,100329,41341,First Aid Qualification,,28/03/2017,28/03/2017,28/03/2022,Kasemrad Hospital,,,,,
Achievements,100638,41335,Health & Safety Short Course,,29/09/2016,29/09/2016,29/09/2021,Thai Poultry Veterinary Association,,,,,
Achievements,100638,41336,Hygiene & Biosecurity Short Course,,28/08/2015,28/08/2015,28/08/2020,Thai Poultry Veterinary Association,,,,,
Achievements,100638,41337,Manual Handling Short Course,,28/08/2015,28/08/2015,28/08/2020,Thai poultry Veterinary Assocation,,,,,
Achievements,100638,41338,Poultry Welfare Short Course,,27/08/2015,27/08/2015,27/08/2020,Thai Poultry Veterinary Association,,,,,
Achievements,100639,41335,Health & Safety Short Course,,29/09/2016,29/09/2016,29/09/2021,Thai Poultry Veterinary Association,,,,,
Achievements,100640,41335,Health & Safety Short Course,,29/09/2016,29/09/2016,29/09/2021,Thai Poultry Veterinary Association,,,,,
Achievements,100640,41336,Hygiene & Biosecurity Short Course,,28/08/2015,28/08/2015,28/08/2020,Thai Poultry Veterinary Association,,,,,
Achievements,100640,41337,Manual Handling Short Course,,28/08/2015,28/08/2015,28/08/2020,Thai Poultry Veterinary Association,,,,,
Achievements,100640,41338,Poultry Welfare Short Course,,27/08/2015,27/08/2015,27/08/2020,Thai Poultry Veterinary Association,,,,,
Achievements,103581,41335,Health & Safety Short Course,,27/07/2017,27/07/2017,27/07/2022,Thai Poultry Veterinary Association,,,,,
Achievements,103581,41336,Hygiene & Biosecurity Short Course,,26/07/2017,26/07/2017,26/07/2022,Thai Poultry Veterinary Association,,,,,
Achievements,103581,41337,Manual Handling Short Course,,26/07/2017,26/07/2017,26/07/2022,Thai Poultry Veterinary Association,,,,,
Achievements,103581,41338,Poultry Welfare Short Course,,27/07/2017,27/07/2017,27/07/2022,Thai Poultry Veterinary Association,,,,,
Achievements,101120,41341,First Aid Qualification,,17/11/2009,17/11/2009,17/11/2014,DanHatch Denmark,,,,,
Achievements,101153,41341,First Aid Qualification,,03/06/1982,03/06/1982,03/06/1987,DanHatch Denmark,,,,,
Achievements,101498,41336,Hygiene & Biosecurity Short Course,,30/03/2016,30/03/2016,30/03/2021,Thai Poultry Veterinary Association,,,,,
Achievements,101498,41337,Manual Handling Short Course,,30/03/2015,30/03/2016,30/03/2021,Thai Poultry Veterinary Association,,,,,
Achievements,101498,41338,Poultry Welfare Short Course,,30/03/2016,30/03/2016,30/03/2021,Thai Poultry Veterinary Association,,,,,
Achievements,101498,41342,Level 3 Diploma in Work-based Agriculture or Equivalent,,17/07/2015,17/07/2015,,Ubon Ratchathani University,,,,,
Achievements,101499,41336,Hygiene & Biosecurity Short Course,,26/07/2017,26/07/2017,26/07/2022,Thai Poultry Veterinary Association,,,,,
Achievements,101499,41337,Manual Handling Short Course,,26/07/2017,26/07/2017,26/07/2022,Thai Poultry Veterinary Association,,,,,
Achievements,101499,41338,Poultry Welfare Short Course,,27/07/2017,27/07/2017,27/07/2022,Thai Poultry Veterinary Association,,,,,
Achievements,101499,41342,Level 3 Diploma in Work-based Agriculture or Equivalent,,03/03/2013,03/03/2013,,Silpakorn University,,,,,
Achievements,106335,41335,Health & Safety Short Course,,11/10/2018,11/10/2018,11/10/2023,Thai Poultry Veterinary Association,,,,,
Achievements,106335,41336,Hygiene & Biosecurity Short Course,,10/10/2018,10/10/2018,10/10/2023,Thai Poultry Veterinary Association,,,,,
Achievements,106335,41337,Manual Handling Short Course,,11/10/2018,11/10/2018,11/10/2023,Thai Poultry Veterinary Association,,,,,
Achievements,106335,41338,Poultry Welfare Short Course,,10/10/2018,10/10/2018,10/10/2023,Thai Poultry Veterinary Association,,,,,
Achievements,106335,41342,Level 3 Diploma in Work-based Agriculture or Equivalent,,12/07/2017,12/07/2017,,Ubon Ratchathani University,,,,,
Achievements,101500,41335,Health & Safety Short Course,,17/10/2018,17/10/2018,17/10/2023,Thai Poultry Veterinary Association,,,,,
Achievements,101500,41336,Hygiene & Biosecurity Short Course,,17/10/2018,17/10/2018,17/10/2023,Thai Poultry Veterinary Association,,,,,
Achievements,101500,41337,Manual Handling Short Course,,18/10/2018,18/10/2018,18/10/2023,Thai Poultry Veterinary Association,,,,,
Achievements,101500,41338,Poultry Welfare Short Course,,18/10/2018,18/10/2018,18/10/2023,Thai Poultry Veterinary Association,,,,,
Achievements,101500,41342,Level 3 Diploma in Work-based Agriculture or Equivalent,,16/02/2016,16/02/2016,,Rajamangala University,,,,,
Achievements,105612,41335,Health & Safety Short Course,,27/07/2017,27/07/2017,27/07/2022,Thai Poultry Veterinary Association,,,,,
Achievements,105612,41336,Hygiene & Biosecurity Short Course,,26/07/2017,26/07/2017,26/07/2022,Thai Poultry Veterinary Association,,,,,
Achievements,105612,41337,Manual Handling Short Course,,26/07/2017,26/07/2017,26/07/2022,Thai Poultry Veterinary Association,,,,,
Achievements,105612,41338,Poultry Welfare Short Course,,27/07/2017,27/07/2017,27/07/2022,Thai Poultry Veterinary Association,,,,,
Achievements,105612,41342,Level 3 Diploma in Work-based Agriculture or Equivalent,,21/05/2013,21/05/2013,,Maejo University,,,,,
Achievements,105613,41335,Health & Safety Short Course,,24/11/2017,24/11/2017,24/11/2022,Thai Poultry Veterinary Association,,,,,
Achievements,105613,41336,Hygiene & Biosecurity Short Course,,23/11/2017,23/11/2017,23/11/2022,Thai Poultry Veterinary Association,,,,,
Achievements,105613,41337,Manual Handling Short Course,,24/11/2017,24/11/2017,24/11/2022,Thai Poultry Veterinary Association,,,,,
Achievements,105613,41338,Poultry Welfare Short Course,,23/11/2017,23/11/2017,23/11/2022,Thai Poultry Veterinary Association,,,,,
Achievements,105613,41342,Level 3 Diploma in Work-based Agriculture or Equivalent,,15/06/2017,15/06/2017,,Khon Kaen University,,,,,
Achievements,105615,41335,Health & Safety Short Course,,17/10/2018,17/10/2018,17/10/2023,Thai Poultry Veterinary Association,,,,,
Achievements,105615,41336,Hygiene & Biosecurity Short Course,,17/10/2018,17/10/2018,17/10/2023,Thai Poultry Veterinary Association,,,,,
Achievements,105615,41337,Manual Handling Short Course,,18/10/2018,18/10/2018,18/10/2023,Thai Poultry Veterinary Association,,,,,
Achievements,105615,41338,Poultry Welfare Short Course,,18/10/2018,18/10/2018,18/10/2023,Thai Poultry Veterinary Association,,,,,
Achievements,105615,41342,Level 3 Diploma in Work-based Agriculture or Equivalent,,28/05/2017,28/05/2017,,Silpakorn University,,,,,
Achievements,101895,41336,Hygiene & Biosecurity Short Course,,24/10/2016,24/10/2016,24/10/2021,WFT Academy,,,,,
Achievements,101895,41338,Poultry Welfare Short Course,,24/10/2016,24/10/2016,24/10/2021,WFT Academy,,,,,
Achievements,101896,41336,Hygiene & Biosecurity Short Course,,24/10/2016,24/10/2016,24/10/2021,WFT Academy,,,,,
Achievements,101896,41338,Poultry Welfare Short Course,,24/10/2016,24/10/2016,24/10/2021,WFT Academy,,,,,
Achievements,101897,41336,Hygiene & Biosecurity Short Course,,24/10/2016,24/10/2016,24/10/2021,WFT Academy,,,,,
Achievements,101897,41338,Poultry Welfare Short Course,,24/10/2016,24/10/2016,24/10/2021,WFT Academy,,,,,
Achievements,101900,41336,Hygiene & Biosecurity Short Course,,24/10/2016,24/10/2016,24/10/2021,WFT Academy,,,,,
Achievements,101900,41338,Poultry Welfare Short Course,,24/10/2016,24/10/2016,24/10/2021,WFT Academy,,,,,
Achievements,101901,41336,Hygiene & Biosecurity Short Course,,24/10/2016,24/10/2016,24/10/2021,WFT Academy,,,,,
Achievements,101901,41338,Poultry Welfare Short Course,,24/10/2016,24/10/2016,24/10/2021,WFT Academy,,,,,
Achievements,101902,41336,Hygiene & Biosecurity Short Course,,24/10/2016,24/10/2016,24/10/2021,WFT Academy,,,,,
Achievements,101902,41338,Poultry Welfare Short Course,,24/10/2016,24/10/2016,24/10/2021,WFT Academy,,,,,
Achievements,101905,41335,Health & Safety Short Course,,24/11/2016,24/11/2016,24/11/2021,Thai Poultry Veterinary Association,,,,,
Achievements,102190,41335,Health & Safety Short Course,,24/11/2016,24/11/2016,24/11/2021,Thai Poultry Veterinary Association,,,,,
Achievements,102190,41336,Hygiene & Biosecurity Short Course,,23/11/2017,23/11/2017,23/11/2022,Thai Poultry Veterinary Association,,,,,
Achievements,102190,41337,Manual Handling Short Course,,24/11/2017,24/11/2017,24/11/2022,Thai Poultry Veterinary Association,,,,,
Achievements,102190,41338,Poultry Welfare Short Course,,23/11/2017,23/11/2017,23/11/2022,Thai Poultry Veterinary Association,,,,,
Achievements,104947,41335,Health & Safety Short Course,,24/11/2017,24/11/2017,24/11/2022,Thai Poultry Veterinary Association,,,,,
Achievements,104947,41336,Hygiene & Biosecurity Short Course,,23/11/2017,23/11/2017,23/11/2022,Thai Poultry Veterinary Association,,,,,
Achievements,104947,41337,Manual Handling Short Course,,24/11/2017,24/11/2017,24/11/2022,Thai Poultry Veterinary Association,,,,,
Achievements,104947,41338,Poultry Welfare Short Course,,23/11/2017,23/11/2017,23/11/2022,Thai Poultry Veterinary Association,,,,,
Achievements,103306,41336,Hygiene & Biosecurity Short Course,,06/03/2017,06/03/2017,06/03/2022,WFT Academy,,,,,
Achievements,103306,41338,Poultry Welfare Short Course,,06/03/2017,06/03/2017,06/03/2022,WFT Academy,,,,,
Achievements,103307,41336,Hygiene & Biosecurity Short Course,,06/03/2017,06/03/2017,06/03/2022,WFT Academy,,,,,
Achievements,103307,41338,Poultry Welfare Short Course,,06/03/2017,06/03/2017,06/03/2022,WFT Academy,,,,,
Achievements,103308,41336,Hygiene & Biosecurity Short Course,,06/03/2017,06/03/2017,06/03/2022,WFT Academy,,,,,
Achievements,103308,41338,Poultry Welfare Short Course,,06/03/2017,06/03/2017,06/03/2022,WFT Academy,,,,,
Achievements,103312,41336,Hygiene & Biosecurity Short Course,,10/03/2017,10/03/2017,10/03/2022,WFT Academy,,,,,
Achievements,103312,41338,Poultry Welfare Short Course,,10/03/2017,10/03/2017,10/03/2022,WFT Academy,,,,,
Achievements,103313,41336,Hygiene & Biosecurity Short Course,,10/03/2017,10/03/2017,10/03/2022,WFT Academy,,,,,
Achievements,103313,41338,Poultry Welfare Short Course,,10/03/2017,10/03/2017,10/03/2022,WFT Academy,,,,,
Achievements,103320,41336,Hygiene & Biosecurity Short Course,,24/02/2017,24/02/2017,24/02/2022,WFT Academy,,,,,
Achievements,103320,41338,Poultry Welfare Short Course,,24/02/2017,24/02/2017,24/02/2022,WFT Academy,,,,,
Achievements,103321,41336,Hygiene & Biosecurity Short Course,,24/02/2017,24/02/2017,24/02/2022,WFT Academy,,,,,
Achievements,103321,41338,Poultry Welfare Short Course,,24/02/2017,24/02/2017,24/02/2022,WFT Academy,,,,,
Achievements,103322,41336,Hygiene & Biosecurity Short Course,,24/02/2017,24/02/2017,24/02/2022,WFT Academy,,,,,
Achievements,103322,41338,Poultry Welfare Short Course,,24/02/2017,24/02/2017,24/02/2022,WFT Academy,,,,,
Achievements,103323,41336,Hygiene & Biosecurity Short Course,,24/02/2017,24/02/2017,24/02/2022,WFT Academy,,,,,
Achievements,103323,41338,Poultry Welfare Short Course,,24/02/2017,24/02/2017,24/02/2022,WFT Academy,,,,,
Achievements,103501,41335,Health & Safety Short Course,,25/10/2016,25/10/2016,25/10/2021,Thai Poultry Veterinary Association,,,,,
Achievements,103501,41336,Hygiene & Biosecurity Short Course,,31/03/2016,31/03/2016,31/03/2021,Thai Poultry Veterinary Association,,,,,
Achievements,103501,41337,Manual Handling Short Course,,31/03/2016,31/03/2016,31/03/2021,Thai Poultry Veterinary Association,,,,,
Achievements,103501,41338,Poultry Welfare Short Course,,30/03/2016,30/03/2016,30/03/2021,Thai Poultry Veterinary Association,,,,,
Achievements,103502,41335,Health & Safety Short Course,,24/11/2017,24/11/2017,24/11/2022,Thai Poultry Veterinary Association,,,,,
Achievements,103502,41337,Manual Handling Short Course,,24/11/2017,24/11/2017,24/11/2022,Thai Poultry Veterinary Association,,,,,
Achievements,103502,41341,First Aid Qualification,,20/05/2017,20/05/2017,20/05/2022,Thai Red Cross,,,,,
Achievements,103503,41335,Health & Safety Short Course,,25/10/2016,25/10/2016,25/10/2021,Thai Poultry Veterinary Association,,,,,
Achievements,103503,41336,Hygiene & Biosecurity Short Course,,31/03/2016,31/03/2016,31/03/2021,Thai Poultry Veterinary Association,,,,,
Achievements,103503,41337,Manual Handling Short Course,,31/03/2016,31/03/2016,31/03/2021,Thai Poultry Veterinary Association,,,,,
Achievements,103503,41338,Poultry Welfare Short Course,,30/03/2016,30/03/2016,30/03/2021,Thai Poultry Veterinary Association,,,,,
Achievements,103504,41335,Health & Safety Short Course,,29/09/2016,29/09/2016,29/09/2021,Thai Poultry Veterinary Association,,,,,
Achievements,103504,41336,Hygiene & Biosecurity Short Course,,31/03/2016,31/03/2016,31/03/2021,Thai Poultry Veterinary Association,,,,,
Achievements,103504,41337,Manual Handling Short Course,,31/03/2016,31/03/2016,31/03/2021,Thai Poultry Veterinary Association,,,,,
Achievements,103504,41338,Poultry Welfare Short Course,,30/03/2016,30/03/2016,30/03/2021,Thai Poultry Veterinary Association,,,,,
Achievements,103504,41341,First Aid Qualification,,20/05/2017,20/05/2017,20/05/2022,Thai Red Cross,,,,,
Achievements,103505,41335,Health & Safety Short Course,,25/10/2016,25/10/2016,25/10/2021,Thai Poultry Veterinary Association,,,,,
Achievements,103505,41336,Hygiene & Biosecurity Short Course,,31/03/2016,31/03/2016,31/03/2021,Thai Poultry Veterinary Association,,,,,
Achievements,103505,41337,Manual Handling Short Course,,31/03/2016,31/03/2016,31/03/2021,Thai Poultry Veterinary Association,,,,,
Achievements,103505,41338,Poultry Welfare Short Course,,30/03/2016,30/03/2016,30/03/2021,Thai Poultry Veterinary Association,,,,,
Achievements,103505,41341,First Aid Qualification,,20/05/2017,20/05/2017,20/05/2022,Thai Red Cross,,,,,
Achievements,103506,41335,Health & Safety Short Course,,25/10/2016,25/10/2016,25/10/2021,Thai Poultry Veterinary Association,,,,,
Achievements,103506,41336,Hygiene & Biosecurity Short Course,,31/03/2016,31/03/2016,31/03/2021,Thai Poultry Veterinary Association,,,,,
Achievements,103506,41337,Manual Handling Short Course,,31/03/2016,31/03/2016,31/03/2021,Thai Poultry Veterinary Association,,,,,
Achievements,103506,41338,Poultry Welfare Short Course,,30/03/2017,30/03/2017,30/03/2022,Thai Poultry Veterinary Association,,,,,
Achievements,103506,41341,First Aid Qualification,,20/05/2017,20/05/2017,20/05/2022,Thai Red Cross,,,,,
Achievements,103510,41335,Health & Safety Short Course,,25/10/2016,25/10/2016,25/10/2021,Thai Poultry Veterinary Association,,,,,
Achievements,103510,41336,Hygiene & Biosecurity Short Course,,29/04/2015,29/04/2015,29/04/2020,Thai Poultry Veterinary Association,,,,,
Achievements,103510,41337,Manual Handling Short Course,,29/04/2015,29/04/2015,29/04/2020,Thai Poultry Veterinary Association,,,,,
Achievements,103510,41338,Poultry Welfare Short Course,,28/04/2015,28/04/2015,28/04/2020,Thai Poultry Veterinary Association,,,,,
Achievements,103510,41341,First Aid Qualification,,20/05/2017,20/05/2017,20/05/2022,Thai Red Cross,,,,,
Achievements,103511,41335,Health & Safety Short Course,,25/10/2016,25/10/2016,25/10/2021,Thai Poultry Veterinary Association,,,,,
Achievements,103511,41336,Hygiene & Biosecurity Short Course,,31/03/2016,31/03/2016,31/03/2021,Thai Poultry Veterinary Association,,,,,
Achievements,103511,41337,Manual Handling Short Course,,31/03/2016,31/03/2016,31/03/2021,Thai Poultry Veterinary Association,,,,,
Achievements,103511,41338,Poultry Welfare Short Course,,30/03/2016,30/03/2016,30/03/2021,Thai Poultry Veterinary Association,,,,,
Achievements,103511,41341,First Aid Qualification,,28/03/2016,28/03/2016,28/03/2021,Kasemrad Hospital Saraburi,,,,,
Achievements,103512,41335,Health & Safety Short Course,,29/09/2016,29/09/2016,29/09/2021,Thai Poultry Veterinary Association,,,,,
Achievements,103512,41336,Hygiene & Biosecurity Short Course,,31/03/2016,31/03/2016,31/03/2021,Thai Poultry Veterinary Association,,,,,
Achievements,103512,41337,Manual Handling Short Course,,31/03/2016,31/03/2016,31/03/2021,Thai Poultry Veterinary Association,,,,,
Achievements,103512,41338,Poultry Welfare Short Course,,30/03/2016,30/03/2016,30/03/2021,Thai Poultry Veterinary Association,,,,,
Achievements,103545,41335,Health & Safety Short Course,,25/10/2016,25/10/2016,25/10/2021,Thai Poultry Veterinary Association,,,,,
Achievements,103547,41335,Health & Safety Short Course,,25/11/2016,25/11/2016,25/11/2021,Thai Poultry Veterinary Association,,,,,
Achievements,103547,41336,Hygiene & Biosecurity Short Course,,25/03/2015,25/03/2015,25/03/2020,Thai Poultry Veterinary Association,,,,,
Achievements,103547,41337,Manual Handling Short Course,,25/03/2015,25/03/2015,25/03/2020,Thai Poultry Veterinary Association,,,,,
Achievements,103547,41338,Poultry Welfare Short Course,,24/03/2015,24/03/2015,24/03/2020,Thai Poultry Veterinary Association,,,,,
Achievements,103552,41335,Health & Safety Short Course,,27/07/2017,27/07/2017,27/07/2022,Thai Poultry Veterinary Association,,,,,
Achievements,103552,41336,Hygiene & Biosecurity Short Course,,26/07/2017,26/07/2017,26/07/2022,Thai Poultry Veterinary Association,,,,,
Achievements,103552,41337,Manual Handling Short Course,,26/07/2017,26/07/2017,26/07/2022,Thai Poultry Veterinary Association,,,,,
Achievements,103552,41338,Poultry Welfare Short Course,,27/07/2017,27/07/2017,27/07/2022,Thai Poultry Veterinary Association,,,,,
Achievements,95278,41335,Health & Safety Short Course,,25/10/2016,25/10/2016,25/09/2021,Thai Poultry Veterinary Association,,,,,
Achievements,95278,41336,Hygiene & Biosecurity Short Course,,13/11/2015,13/11/2015,13/11/2020,Thai Poultry Veterinary Association,,,,,
Achievements,95278,41337,Manual Handling Short Course,,13/11/2015,13/11/2015,13/11/2020,Thai Poultry Veterinary Association,,,,,
Achievements,95278,41338,Poultry Welfare Short Course,,12/11/2015,12/11/2015,12/11/2020,Thai Poultry Veterinary Association,,,,,
Achievements,95280,41335,Health & Safety Short Course,,25/11/2016,25/11/2016,25/11/2021,Thai Poultry Veterinary Association,,,,,
Achievements,95305,41336,Hygiene & Biosecurity Short Course,,13/11/2015,13/11/2015,13/11/2020,Thai Poultry Veterinary Association,,,,,
Achievements,95305,41337,Manual Handling Short Course,,13/11/2015,13/11/2015,12/11/2020,Thai Poultry Veterinary Association,,,,,
Achievements,95305,41338,Poultry Welfare Short Course,,12/11/2015,12/11/2015,12/11/2020,Thai Poultry Veterinary Association,,,,,
Achievements,104206,41335,Health & Safety Short Course,,28/09/2016,28/09/2016,29/09/2021,Thai Poultry Veterinary Association,,,,,
Achievements,104206,41336,Hygiene & Biosecurity Short Course,,17/06/2016,17/06/2016,17/06/2021,Thai Poultry Veterinary Association,,,,,
Achievements,104206,41337,Manual Handling Short Course,,17/06/2016,17/06/2016,17/06/2021,Thai Poultry Veterinary Association,,,,,
Achievements,104206,41338,Poultry Welfare Short Course,,16/06/2016,16/06/2016,16/06/2021,Thai Poultry Veterinary Association,,,,,
Achievements,104212,41335,Health & Safety Short Course,,25/11/2016,25/11/2016,25/11/2021,Thai Poultry Veterinary Association,,,,,
Achievements,104212,41336,Hygiene & Biosecurity Short Course,,29/04/2015,29/04/2015,29/04/2020,Thai Poultry Veterinary Association,,,,,
Achievements,104212,41338,Poultry Welfare Short Course,,28/04/2015,28/04/2015,28/04/2020,Thai Poultry Veterinary Association,,,,,
Achievements,95538,41335,Health & Safety Short Course,,27/07/2017,27/07/2017,27/07/2022,Thai Poultry Veterinary Association,,,,,
Achievements,95538,41336,Hygiene & Biosecurity Short Course,,26/07/2017,26/07/2017,26/07/2022,Thai Poultry Veterinary Association,,,,,
Achievements,95538,41337,Manual Handling Short Course,,26/07/2017,26/07/2017,26/07/2022,Thai Poultry Veterinary Association,,,,,
Achievements,95538,41338,Poultry Welfare Short Course,,27/07/2017,27/07/2017,27/07/2022,Thai Poultry Veterinary Association,,,,,
Achievements,95543,41335,Health & Safety Short Course,,27/07/2017,27/07/2017,27/07/2022,Thai Poultry Veterinary Association,,,,,
Achievements,95543,41336,Hygiene & Biosecurity Short Course,,26/07/2017,26/07/2017,26/07/2022,Thai Poultry Veterinary Association,,,,,
Achievements,95543,41337,Manual Handling Short Course,,26/07/2017,26/07/2017,26/07/2022,Thai Poultry Veterinary Association,,,,,
Achievements,95543,41338,Poultry Welfare Short Course,,27/07/2017,27/07/2017,27/07/2022,Thai Poultry Veterinary Association,,,,,
Achievements,105163,41335,Health & Safety Short Course,,27/07/2017,27/07/2017,27/07/2022,Thai Poultry Veterinary Association,,,,,
Achievements,105163,41336,Hygiene & Biosecurity Short Course,,26/07/2017,26/07/2017,26/07/2022,Thai Poultry Veterinary Association,,,,,
Achievements,105163,41337,Manual Handling Short Course,,26/07/2017,26/07/2017,26/07/2022,Thai Poultry Veterinary Association,,,,,
Achievements,105163,41338,Poultry Welfare Short Course,,27/07/2017,27/07/2017,27/07/2022,Thai Poultry Veterinary Association,,,,,
Achievements,104226,41336,Hygiene & Biosecurity Short Course,,17/06/2016,17/06/2016,17/06/2021,Thai Poultry Veterinary Association,,,,,
Achievements,104226,41337,Manual Handling Short Course,,17/06/2016,17/06/2016,17/06/2021,Thai Poultry Veterinary Association,,,,,
Achievements,104226,41338,Poultry Welfare Short Course,,16/06/2016,16/06/2016,16/06/2021,Thai Poultry Veterinary Association,,,,,
Achievements,106224,41335,Health & Safety Short Course,,17/10/2018,17/10/2018,17/10/2023,Thai Poultry Veterinary Association,,,,,
Achievements,106224,41336,Hygiene & Biosecurity Short Course,,17/10/2018,17/10/2018,17/10/2023,Thai Poultry Veterinary Association,,,,,
Achievements,106224,41337,Manual Handling Short Course,,18/10/2018,18/10/2018,18/10/2023,Thai Poultry Veterinary Association,,,,,
Achievements,106224,41338,Poultry Welfare Short Course,,18/10/2018,18/10/2018,18/10/2023,Thai Poultry Veterinary Association,,,,,
Achievements,106225,41335,Health & Safety Short Course,,17/10/2018,17/10/2018,17/10/2023,Thai Poultry Veterinary Association,,,,,
Achievements,106225,41336,Hygiene & Biosecurity Short Course,,17/10/2018,17/10/2018,17/10/2023,Thai Poultry Veterinary Association,,,,,
Achievements,106225,41337,Manual Handling Short Course,,18/10/2018,18/10/2018,18/10/2023,Thai Poultry Veterinary Association,,,,,
Achievements,106225,41338,Poultry Welfare Short Course,,18/10/2018,18/10/2018,18/10/2023,Thai Poultry Veterinary Association,,,,,
Achievements,104511,41335,Health & Safety Short Course,,24/11/2017,24/11/2017,24/11/2022,Thai Poultry Veterinary Association,,,,,
Achievements,104512,41335,Health & Safety Short Course,,24/11/2017,24/11/2017,24/11/2022,Thai Poultry Veterinary Association,,,,,
Achievements,104513,41335,Health & Safety Short Course,,27/07/2017,27/07/2017,27/07/2022,Thai Poultry Veterinary Association,,,,,
Achievements,104513,41336,Hygiene & Biosecurity Short Course,,26/07/2017,26/07/2017,26/07/2022,Thai Poultry Veterinary Association,,,,,
Achievements,104513,41337,Manual Handling Short Course,,26/07/2017,26/07/2017,26/07/2022,Thai Poultry Veterinary Association,,,,,
Achievements,104513,41338,Poultry Welfare Short Course,,27/07/2017,27/07/2017,27/07/2022,Thai Poultry Veterinary Association,,,,,
Achievements,104727,41335,Health & Safety Short Course,,24/11/2016,24/11/2016,24/11/2021,Thai Poultry Veterinary Association,,,,,
Achievements,104727,41336,Hygiene & Biosecurity Short Course,,26/07/2017,26/07/2017,26/07/2022,Thai Poultry Veterinary Association,,,,,
Achievements,104727,41337,Manual Handling Short Course,,26/07/2017,26/07/2017,26/07/2022,Thai Poultry Veterinary Association,,,,,
Achievements,104727,41338,Poultry Welfare Short Course,,27/07/2017,27/07/2017,27/07/2022,Thai Poultry Veterinary Association,,,,,
Achievements,104727,41341,First Aid Qualification,,02/06/2017,02/06/2017,02/06/2022,The Heart Foundation,,,,,
Achievements,104727,41342,Level 3 Diploma in Work-based Agriculture or Equivalent,,15/03/2016,15/03/2016,,Khonkean University,,,,,
Achievements,104820,41336,Hygiene & Biosecurity Short Course,,13/07/2017,13/07/2017,13/07/2022,WFT Academy,,,,,
Achievements,104820,41338,Poultry Welfare Short Course,,13/07/2017,13/07/2017,13/07/2022,WFT Academy,,,,,
Achievements,104821,41336,Hygiene & Biosecurity Short Course,,13/07/2017,13/07/2017,13/07/2022,WFT Academy,,,,,
Achievements,104821,41338,Poultry Welfare Short Course,,13/07/2017,13/07/2017,13/07/2022,WFT Academy,,,,,
Achievements,104822,41336,Hygiene & Biosecurity Short Course,,13/07/2017,13/07/2017,13/07/2022,WFT Academy,,,,,
Achievements,104822,41338,Poultry Welfare Short Course,,13/07/2017,13/07/2017,13/07/2022,WFT Academy,,,,,
Achievements,104823,41336,Hygiene & Biosecurity Short Course,,13/07/2017,13/07/2017,13/07/2022,WFT Academy,,,,,
Achievements,104823,41338,Poultry Welfare Short Course,,13/07/2017,13/07/2017,13/07/2022,WFT Academy,,,,,
Achievements,104824,41336,Hygiene & Biosecurity Short Course,,06/07/2017,06/07/2017,06/07/2022,WFT Academy,,,,,
Achievements,104824,41338,Poultry Welfare Short Course,,06/07/2017,06/07/2017,06/07/2022,WFT Academy,,,,,
Achievements,104825,41336,Hygiene & Biosecurity Short Course,,06/07/2017,06/07/2017,06/07/2022,WFT Academy,,,,,
Achievements,104825,41338,Poultry Welfare Short Course,,06/07/2017,06/07/2017,06/07/2022,WFT Academy,,,,,
Achievements,104826,41336,Hygiene & Biosecurity Short Course,,06/07/2017,06/07/2017,06/07/2022,WFT Academy,,,,,
Achievements,104826,41338,Poultry Welfare Short Course,,06/07/2017,06/07/2017,06/07/2022,WFT Academy,,,,,
Achievements,104827,41336,Hygiene & Biosecurity Short Course,,06/07/2017,06/07/2017,06/07/2022,WFT Academy,,,,,
Achievements,104827,41338,Poultry Welfare Short Course,,06/07/2017,06/07/2017,06/07/2022,WFT Academy,,,,,
Achievements,104828,41336,Hygiene & Biosecurity Short Course,,06/07/2017,06/07/2017,06/07/2022,WFT Academy,,,,,
Achievements,104828,41338,Poultry Welfare Short Course,,06/07/2017,06/07/2017,06/07/2022,WFT Academy,,,,,
Achievements,104829,41336,Hygiene & Biosecurity Short Course,,06/07/2017,06/07/2017,06/07/2022,WFT Academy,,,,,
Achievements,104829,41338,Poultry Welfare Short Course,,06/07/2017,06/07/2017,06/07/2022,WFT Academy,,,,,
Achievements,104830,41336,Hygiene & Biosecurity Short Course,,06/07/2017,06/07/2017,06/07/2022,WFT Academy,,,,,
Achievements,104830,41338,Poultry Welfare Short Course,,06/07/2017,06/07/2017,06/07/2022,WFT Academy,,,,,
Achievements,110630,41338,Poultry Welfare Short Course,,02/10/2018,02/10/2018,02/10/2023,GT Training,,,,,
Achievements,110631,41338,Poultry Welfare Short Course,,02/10/2018,02/10/2018,02/10/2023,GT Training,,,,,
Achievements,110632,41338,Poultry Welfare Short Course,,02/10/2018,02/10/2018,02/10/2023,GT Training,,,,,
Achievements,110634,41338,Poultry Welfare Short Course,,02/10/2018,02/10/2018,02/10/2023,GT Training,,,,,
Achievements,110635,41338,Poultry Welfare Short Course,,02/10/2018,02/10/2018,02/10/2023,GT Training,,,,,
Achievements,110636,41338,Poultry Welfare Short Course,,02/10/2018,02/10/2018,02/10/2023,GT Training,,,,,
Achievements,110637,41338,Poultry Welfare Short Course,,02/10/2018,02/10/2018,02/10/2023,GT Training,,,,,
Achievements,110638,41338,Poultry Welfare Short Course,,02/10/2018,02/10/2018,02/10/2023,GT Training,,,,,
Achievements,110639,41338,Poultry Welfare Short Course,,02/10/2018,02/10/2018,02/10/2023,GT Training,,,,,
Achievements,110640,41338,Poultry Welfare Short Course,,02/10/2018,02/10/2018,02/10/2023,GT Training,,,,,
Achievements,111184,41338,Poultry Welfare Short Course,,02/11/2018,02/11/2018,02/11/2023,GT Training,,,,,
Achievements,111185,41338,Poultry Welfare Short Course,,02/11/2018,02/11/2018,02/11/2023,GT Training,,,,,
Achievements,111186,41338,Poultry Welfare Short Course,,02/11/2018,02/11/2018,02/11/2023,GT Training,,,,,
Achievements,104948,41335,Health & Safety Short Course,,27/07/2017,27/07/2017,27/07/2022,Thai Poultry Veterinary Association,,,,,
Achievements,104948,41336,Hygiene & Biosecurity Short Course,,26/07/2017,26/07/2017,26/07/2022,Thai Poultry Veterinary Association,,,,,
Achievements,104948,41337,Manual Handling Short Course,,26/07/2017,26/07/2017,26/07/2022,Thai Poultry Veterinary Association,,,,,
Achievements,104948,41338,Poultry Welfare Short Course,,27/07/2017,27/07/2017,27/07/2022,Thai Poultry Veterinary Association,,,,,
Achievements,104957,41335,Health & Safety Short Course,,24/11/2017,24/11/2017,24/11/2022,Thai Poultry Veterinary Association,,,,,
Achievements,104957,41336,Hygiene & Biosecurity Short Course,,23/11/2017,23/11/2017,23/11/2022,Thai Poultry Veterinary Association,,,,,
Achievements,104957,41337,Manual Handling Short Course,,24/11/2017,24/11/2017,24/11/2022,Thai Poultry Veterinary Association,,,,,
Achievements,104957,41338,Poultry Welfare Short Course,,23/11/2017,23/11/2017,23/11/2022,Thai Poultry Veterinary Association,,,,,
Achievements,104959,41335,Health & Safety Short Course,,27/07/2017,27/07/2017,27/07/2022,Thai Poultry Veterinary Association,,,,,
Achievements,104959,41336,Hygiene & Biosecurity Short Course,,17/06/2016,17/06/2016,17/06/2021,Thai Poultry Veterinary Association,,,,,
Achievements,104959,41337,Manual Handling Short Course,,17/06/2016,17/06/2016,17/06/2021,Thai Poultry Veterinary Association,,,,,
Achievements,104959,41338,Poultry Welfare Short Course,,16/06/2016,16/06/2016,16/06/2021,Thai Poultry Veterinary Association,,,,,
Achievements,104959,41341,First Aid Qualification,,07/09/2016,07/09/2016,07/09/2021,Thai Red Cross,,,,,
Achievements,104960,41335,Health & Safety Short Course,,27/07/2017,27/07/2017,27/07/2022,Thai Poultry Veterinary Association,,,,,
Achievements,104960,41336,Hygiene & Biosecurity Short Course,,26/07/2017,26/07/2017,26/07/2022,Thai Poultry Veterinary Association,,,,,
Achievements,104960,41337,Manual Handling Short Course,,26/07/2017,26/07/2017,26/07/2022,Thai Poultry Veterinary Association,,,,,
Achievements,104960,41338,Poultry Welfare Short Course,,27/07/2017,27/07/2017,27/07/2022,Thai Poultry Veterinary Association,,,,,
Achievements,104960,41341,First Aid Qualification,,10/06/2014,10/06/2014,10/06/2019,Thai Red Cross,,,,,
Achievements,104963,41335,Health & Safety Short Course,,27/07/2017,27/07/2017,27/07/2022,Thai Poultry Veterinary Association,,,,,
Achievements,104963,41336,Hygiene & Biosecurity Short Course,,26/07/2017,26/07/2017,26/07/2022,Thai Poultry Veterinary Association,,,,,
Achievements,104963,41337,Manual Handling Short Course,,26/07/2017,26/07/2017,26/07/2022,Thai Poultry Veterinary Association,,,,,
Achievements,104963,41338,Poultry Welfare Short Course,,27/07/2017,27/07/2017,27/07/2022,Thai Poultry Veterinary Association,,,,,
Achievements,104963,41341,First Aid Qualification,,02/06/2017,02/06/2017,02/06/2022,Thai Red Cross,,,,,
Achievements,104965,41335,Health & Safety Short Course,,27/07/2017,27/07/2017,27/07/2022,Thai Poultry Veterinary Association,,,,,
Achievements,104965,41336,Hygiene & Biosecurity Short Course,,26/07/2017,26/07/2017,26/07/2022,Thai Poultry Veterinary Association,,,,,
Achievements,104965,41337,Manual Handling Short Course,,26/07/2017,26/07/2017,26/07/2022,Thai Poultry Veterinary Association,,,,,
Achievements,104965,41338,Poultry Welfare Short Course,,27/07/2017,27/07/2017,27/07/2022,Thai Poultry Veterinary Association,,,,,
Achievements,104965,41341,First Aid Qualification,,02/06/2017,02/06/2017,02/06/2022,Thai Red Cross,,,,,
Achievements,104967,41335,Health & Safety Short Course,,27/07/2017,27/07/2017,27/07/2022,Thai Poultry Veterinary Association,,,,,
Achievements,104967,41336,Hygiene & Biosecurity Short Course,,26/07/2017,26/07/2017,26/07/2022,Thai Poultry Veterinary Association,,,,,
Achievements,104967,41337,Manual Handling Short Course,,26/07/2017,26/07/2017,26/07/2022,Thai Poultry Veterinary Association,,,,,
Achievements,104967,41338,Poultry Welfare Short Course,,27/07/2017,27/07/2017,27/07/2022,Thai Poultry Veterinary Association,,,,,
Achievements,104967,41341,First Aid Qualification,,23/01/2018,23/01/2018,23/01/2023,Thai Red Cross,,,,,
Achievements,104970,41335,Health & Safety Short Course,,24/11/2016,24/11/2016,24/11/2021,Thai Poultry Veterinary Association,,,,,
Achievements,104970,41336,Hygiene & Biosecurity Short Course,,17/06/2016,17/06/2016,17/06/2021,Thai Poultry Veterinary Association,,,,,
Achievements,104970,41337,Manual Handling Short Course,,17/06/2016,17/06/2016,17/06/2021,Thai Poultry Veterinary Association,,,,,
Achievements,104970,41338,Poultry Welfare Short Course,,16/06/2016,16/06/2016,16/06/2021,Thai Poultry Veterinary Association,,,,,
Achievements,104970,41341,First Aid Qualification,,27/05/2015,28/05/2015,28/05/2020,Thai Red Cross,,,,,
Achievements,104972,41335,Health & Safety Short Course,,27/07/2017,27/07/2017,27/07/2022,Thai Poultry Veterinary Association,,,,,
Achievements,104972,41336,Hygiene & Biosecurity Short Course,,26/07/2017,26/07/2017,26/07/2022,Thai Poultry Veterinary Association,,,,,
Achievements,104972,41337,Manual Handling Short Course,,26/07/2017,26/07/2017,26/07/2022,Thai Poultry Veterinary Association,,,,,
Achievements,104972,41338,Poultry Welfare Short Course,,27/07/2017,27/07/2017,27/07/2022,Thai Poultry Veterinary Association,,,,,
Achievements,104972,41341,First Aid Qualification,,07/07/2016,07/07/2016,07/07/2021,Thai Red Cross,,,,,
Achievements,104973,41335,Health & Safety Short Course,,27/07/2017,27/07/2017,27/07/2022,Thai Poultry Veterinary Association,,,,,
Achievements,104973,41336,Hygiene & Biosecurity Short Course,,26/07/2017,26/07/2017,26/07/2022,Thai Poultry Veterinary Association,,,,,
Achievements,104973,41337,Manual Handling Short Course,,26/07/2017,26/07/2017,26/07/2022,Thai Poultry Veterinary Association,,,,,
Achievements,104973,41338,Poultry Welfare Short Course,,26/07/2017,26/07/2017,26/07/2022,Thai Poultry Veterinary Association,,,,,
Achievements,104973,41341,First Aid Qualification,,23/01/2018,23/01/2018,23/01/2023,Thai Red Cross,,,,,
Achievements,104979,41335,Health & Safety Short Course,,27/07/2017,27/07/2017,27/07/2022,Thai Poultry Veterinary Association,,,,,
Achievements,104979,41336,Hygiene & Biosecurity Short Course,,17/06/2016,17/06/2016,17/06/2021,Thai Poultry Veterinary Association,,,,,
Achievements,104979,41337,Manual Handling Short Course,,17/06/2016,17/06/2016,17/06/2021,Thai Poultry Veterinary Association,,,,,
Achievements,104979,41338,Poultry Welfare Short Course,,16/06/2016,16/06/2016,16/06/2021,Thai Poultry Veterinary Association,,,,,
Achievements,104979,41341,First Aid Qualification,,07/07/2016,07/07/2016,07/07/2021,Thai Red Cross,,,,,
Achievements,104980,41335,Health & Safety Short Course,,27/07/2017,27/07/2017,27/07/2022,Thai Poultry Veterinary Association,,,,,
Achievements,104980,41336,Hygiene & Biosecurity Short Course,,26/07/2017,26/07/2017,26/07/2022,Thai Poultry Veterinary Association,,,,,
Achievements,104980,41337,Manual Handling Short Course,,26/07/2017,26/07/2017,26/07/2022,Thai Poultry Veterinary Association,,,,,
Achievements,104980,41338,Poultry Welfare Short Course,,27/07/2017,27/07/2017,27/07/2022,Thai Poultry Veterinary Association,,,,,
Achievements,104980,41341,First Aid Qualification,,23/01/2018,23/01/2018,23/01/2023,Thai Red Cross,,,,,
Achievements,104982,41335,Health & Safety Short Course,,25/10/2016,25/10/2016,25/10/2021,Thai Poultry Veterinary Association,,,,,
Achievements,104982,41336,Hygiene & Biosecurity Short Course,,25/03/2015,25/03/2015,25/03/2020,Thai Poultry Veterinary Association,,,,,
Achievements,104982,41337,Manual Handling Short Course,,25/03/2015,25/03/2015,25/03/2020,Thai Poultry Veterinary Association,,,,,
Achievements,104982,41338,Poultry Welfare Short Course,,24/03/2015,24/03/2015,24/03/2020,Thai Poultry Veterinary Association,,,,,
Achievements,104982,41341,First Aid Qualification,,02/06/2017,02/06/2017,02/06/2022,Thai Red Cross,,,,,
Achievements,104990,41335,Health & Safety Short Course,,27/07/2017,27/07/2017,27/07/2022,Thai Poultry Veterinary Association,,,,,
Achievements,104990,41336,Hygiene & Biosecurity Short Course,,17/06/2016,17/06/2016,17/06/2021,Thai Poultry Veterinary Association,,,,,
Achievements,104990,41337,Manual Handling Short Course,,17/06/2016,17/06/2016,17/06/2021,Thai Poultry Veterinary Association,,,,,
Achievements,104990,41338,Poultry Welfare Short Course,,16/06/2016,16/06/2016,16/06/2021,Thai Poultry Veterinary Association,,,,,
Achievements,104990,41341,First Aid Qualification,,02/06/2017,02/06/2017,02/06/2022,Thai Red Cross,,,,,
Achievements,94477,41335,Health & Safety Short Course,,27/07/2017,27/07/2017,27/07/2022,Thai Poultry Veterinary Association,,,,,
Achievements,94477,41336,Hygiene & Biosecurity Short Course,,26/07/2017,26/07/2017,26/07/2022,Thai Poultry Veterinary Association,,,,,
Achievements,94477,41337,Manual Handling Short Course,,26/07/2017,26/07/2017,26/07/2022,Thai Poultry Veterinary Association,,,,,
Achievements,94477,41338,Poultry Welfare Short Course,,27/07/2017,27/07/2017,27/07/2022,Thai Poultry Veterinary Association,,,,,
Achievements,94477,41341,First Aid Qualification,,02/06/2017,02/06/2017,02/06/2022,Thai Red Cross,,,,,
Achievements,104987,41335,Health & Safety Short Course,,27/07/2017,27/07/2017,27/07/2022,Thai Poultry Veterinary Association,,,,,
Achievements,104987,41336,Hygiene & Biosecurity Short Course,,26/07/2017,26/07/2017,26/07/2022,Thai Poultry Veterinary Association,,,,,
Achievements,104987,41337,Manual Handling Short Course,,26/07/2017,26/07/2017,26/07/2022,Thai Poultry Veterinary Association,,,,,
Achievements,104987,41338,Poultry Welfare Short Course,,27/07/2017,27/07/2017,27/07/2022,Thai Poultry Veterinary Association,,,,,
Achievements,104987,41341,First Aid Qualification,,23/01/2018,23/01/2018,23/01/2023,Thai Red Cross,,,,,
Achievements,96092,41335,Health & Safety Short Course,,27/07/2017,27/07/2017,27/07/2022,Thai Poultry Veterinary Association,,,,,
Achievements,96092,41336,Hygiene & Biosecurity Short Course,,26/07/2017,26/07/2017,26/07/2022,Thai Poultry Veterinary Association,,,,,
Achievements,96092,41337,Manual Handling Short Course,,26/07/2017,26/07/2017,26/07/2022,Thai Poultry Veterinary Association,,,,,
Achievements,96092,41338,Poultry Welfare Short Course,,27/07/2017,27/07/2017,27/07/2022,Thai Poultry Veterinary Association,,,,,
Achievements,96092,41341,First Aid Qualification,,02/06/2017,02/06/2017,02/06/2022,Thai Red Cross,,,,,
Achievements,104992,41335,Health & Safety Short Course,,27/07/2017,27/07/2017,27/07/2022,Thai Poultry Veterinary Association,,,,,
Achievements,104992,41336,Hygiene & Biosecurity Short Course,,26/07/2017,26/07/2017,26/07/2022,Thai Poultry Veterinary Association,,,,,
Achievements,104992,41337,Manual Handling Short Course,,26/07/2017,26/07/2017,26/07/2022,Thai Poultry Veterinary Association,,,,,
Achievements,104992,41338,Poultry Welfare Short Course,,27/07/2017,27/07/2017,27/07/2022,Thai Poultry Veterinary Association,,,,,
Achievements,104992,41341,First Aid Qualification,,23/01/2018,23/01/2018,23/01/2023,Thai Red Cross,,,,,
Achievements,105614,41335,Health & Safety Short Course,,11/10/2018,11/10/2018,11/10/2023,Thai Poultry Veterinary Association,,,,,
Achievements,105614,41336,Hygiene & Biosecurity Short Course,,10/10/2018,10/10/2018,10/10/2023,Thai Poultry Veterinary Association,,,,,
Achievements,105614,41337,Manual Handling Short Course,,11/10/2018,11/10/2018,11/10/2023,Thai Poultry Veterinary Association,,,,,
Achievements,105614,41338,Poultry Welfare Short Course,,10/10/2018,10/10/2018,10/10/2023,Thai Poultry Veterinary Association,,,,,
Achievements,105614,41342,Level 3 Diploma in Work-based Agriculture or Equivalent,,28/10/2015,28/10/2015,,Suranaree University of Technology,,,,,
Achievements,105620,41336,Hygiene & Biosecurity Short Course,,26/07/2017,26/07/2017,26/06/2022,Thai Poultry Veterinary Association,,,,,
Achievements,105620,41337,Manual Handling Short Course,,26/07/2017,26/07/2017,26/07/2022,Thai Poultry Veterinary Association,,,,,
Achievements,105620,41338,Poultry Welfare Short Course,,27/07/2017,27/07/2017,27/07/2022,Thai Poultry Veterinary Association,,,,,
Achievements,105620,41342,Level 3 Diploma in Work-based Agriculture or Equivalent,,20/05/2010,20/05/2010,,King Mongkut's Institute of Technology,,,,,
Achievements,105621,41342,Level 3 Diploma in Work-based Agriculture or Equivalent,,19/05/2015,19/05/2015,,Rajamangala University of Technology,,,,,
Achievements,94950,41335,Health & Safety Short Course,,24/11/2017,24/11/2017,24/11/2022,Thai Poultry Veterinary Association,,,,,
Achievements,94950,41336,Hygiene & Biosecurity Short Course,,23/11/2017,23/11/2017,23/11/2022,Thai Poultry Veterinary Association,,,,,
Achievements,94950,41337,Manual Handling Short Course,,24/11/2017,24/11/2017,24/11/2022,Thai Poultry Veterinary Association,,,,,
Achievements,94950,41338,Poultry Welfare Short Course,,23/11/2017,23/11/2017,23/11/2022,Thai Poultry Veterinary Association,,,,,
Achievements,94950,41342,Level 3 Diploma in Work-based Agriculture or Equivalent,,01/06/1995,01/06/1995,,Rajamangala Institute of Technology,,,,,
Achievements,94950,,GAP of Poultry for Agriculturist ,,14/01/2003,14/01/2003,14/01/2008,Department of Livestock Development,,,,,
Achievements,94950,,Compartment Management of Poultry for Agriculturist,,08/06/2012,08/06/2012,08/06/2018,Department of Livestock Development,,,,,
Achievements,94950,,Safety Officer at Executive Level,,17/09/2008,17/09/2008,17/09/2013,Kongjitman Consultant Academic ,,,,,
Achievements,102499,41338,Poultry Welfare Short Course,,21/05/2015,21/05/2015,21/05/2020,Animal Welfare Training,,,,,
Achievements,102499,,Poultry Welfare Officer Processing,,18/05/2015,18/05/2015,18/05/2020,Animal Welfare Training,,,,,
Achievements,105848,41335,Health & Safety Short Course,,24/11/2016,24/11/2016,24/11/2021,Thai Poultry Veterinary Association,,,,,
Achievements,105848,41336,Hygiene & Biosecurity Short Course,,08/07/2015,08/07/2015,08/07/2020,Thai Poultry Veterinary Association,,,,,
Achievements,105848,41337,Manual Handling Short Course,,08/07/2015,08/07/2015,08/07/2020,Thai Poultry Veterinary Association,,,,,
Achievements,105848,41338,Poultry Welfare Short Course,,07/07/2015,07/07/2015,07/07/2020,Thai Poultry Veterinary Association,,,,,
Achievements,105857,41335,Health & Safety Short Course,,27/07/2017,27/07/2017,27/07/2022,Thai Poultry Veterinary Association,,,,,
Achievements,105857,41336,Hygiene & Biosecurity Short Course,,26/07/2017,26/07/2017,26/07/2022,Thai Poultry Veterinary Association,,,,,
Achievements,105857,41337,Manual Handling Short Course,,26/07/2017,26/07/2017,26/07/2022,Thai Poultry Veterinary Association,,,,,
Achievements,105857,41338,Poultry Welfare Short Course,,27/07/2017,27/07/2017,27/07/2022,Thai Poultry Veterinary Association,,,,,
Achievements,105858,41335,Health & Safety Short Course,,27/07/2017,27/07/2017,27/07/2022,Thai Poultry Veterinary Association,,,,,
Achievements,105858,41336,Hygiene & Biosecurity Short Course,,26/07/2017,26/07/2017,26/07/2022,Thai Poultry Veterinary Association,,,,,
Achievements,105858,41337,Manual Handling Short Course,,26/07/2017,26/07/2017,26/07/2022,Thai Poultry Veterinary Association,,,,,
Achievements,105858,41338,Poultry Welfare Short Course,,27/07/2017,27/07/2017,27/07/2022,Thai Poultry Veterinary Association,,,,,
Achievements,96109,41335,Health & Safety Short Course,,27/07/2017,27/07/2017,27/07/2022,Thai Poultry Veterinary Association,,,,,
Achievements,96109,41336,Hygiene & Biosecurity Short Course,,28/08/2015,28/08/2015,28/08/2020,Thai Poultry Veterinary Association,,,,,
Achievements,96109,41337,Manual Handling Short Course,,28/08/2015,28/08/2015,28/08/2020,Thai Poultry Veterinary Association,,,,,
Achievements,96109,41338,Poultry Welfare Short Course,,27/08/2015,27/08/2015,27/08/2020,Thai Poultry Veterinary Association,,,,,
Achievements,96131,41335,Health & Safety Short Course,,25/11/2016,25/11/2016,25/11/2021,Thai Poultry Veterinary Association,,,,,
Achievements,96131,41336,Hygiene & Biosecurity Short Course,,13/11/2015,13/11/2015,13/11/2020,Thai Poultry Veterinary Association,,,,,
Achievements,96131,41337,Manual Handling Short Course,,13/11/2015,13/11/2015,13/11/2020,Thai Poultry Veterinary Association,,,,,
Achievements,96131,41338,Poultry Welfare Short Course,,12/11/2015,12/11/2015,12/11/2020,Thai Poultry Veterinary Association,,,,,
Achievements,105860,41335,Health & Safety Short Course,,27/07/2017,27/07/2017,27/07/2022,Thai Poultry Veterinary Association,,,,,
Achievements,105860,41336,Hygiene & Biosecurity Short Course,,26/07/2017,26/07/2017,26/07/2022,Thai Poultry Veterinary Association,,,,,
Achievements,105860,41337,Manual Handling Short Course,,26/07/2017,26/07/2017,26/07/2022,Thai Poultry Veterinary Association,,,,,
Achievements,105860,41338,Poultry Welfare Short Course,,27/07/2017,27/07/2017,27/07/2022,Thai Poultry Veterinary Association,,,,,
Achievements,106195,41335,Health & Safety Short Course,,27/07/2017,27/07/2017,27/07/2022,Thai Poultry Veterinary Association,,,,,
Achievements,106195,41336,Hygiene & Biosecurity Short Course,,26/07/2017,26/07/2017,26/07/2022,Thai Poultry Veterinary Association,,,,,
Achievements,106195,41337,Manual Handling Short Course,,26/07/2017,26/07/2017,26/07/2022,Thai Poultry Veterinary Association,,,,,
Achievements,106195,41338,Poultry Welfare Short Course,,27/07/2017,27/07/2017,27/07/2022,Thai Poultry Veterinary Association,,,,,
Achievements,111863,41335,Health & Safety Short Course,,17/10/2018,17/10/2018,17/10/2023,Thai Poultry Veterinary Association,,,,,
Achievements,111863,41336,Hygiene & Biosecurity Short Course,,17/10/2018,17/10/2018,17/10/2023,Thai Poultry Veterinary Association,,,,,
Achievements,111863,41337,Manual Handling Short Course,,18/10/2018,18/10/2018,18/10/2023,Thai Poultry Veterinary Association,,,,,
Achievements,111863,41338,Poultry Welfare Short Course,,18/10/2018,18/10/2018,18/10/2023,Thai Poultry Veterinary Association,,,,,
Achievements,106198,41335,Health & Safety Short Course,,27/07/2017,27/07/2017,27/07/2022,Thai Poultry Veterinary Association,,,,,
Achievements,106198,41336,Hygiene & Biosecurity Short Course,,26/07/2017,26/07/2017,26/07/2022,Thai Poultry Veterinary Association,,,,,
Achievements,106198,41337,Manual Handling Short Course,,26/07/2017,26/07/2017,26/07/2022,Thai poultry Veterinary Association,,,,,
Achievements,106198,41338,Poultry Welfare Short Course,,27/07/2017,27/07/2017,27/07/2022,Thai Poultry Veterinary Association,,,,,
Achievements,111860,41335,Health & Safety Short Course,,27/07/2017,27/07/2017,27/07/2022,Thai Poultry Veterinary Association,,,,,
Achievements,111860,41336,Hygiene & Biosecurity Short Course,,26/07/2017,26/07/2017,26/07/2022,Thai Poultry Veterinary Association,,,,,
Achievements,111860,41337,Manual Handling Short Course,,26/07/2017,26/07/2017,26/07/2022,Thai Poultry Veterinary Association,,,,,
Achievements,111860,41338,Poultry Welfare Short Course,,27/07/2017,27/07/2017,27/07/2022,Thai Poultry Veterinary Association,,,,,
Achievements,106201,41336,Hygiene & Biosecurity Short Course,,20/10/2017,20/10/2017,20/10/2022,WFT Academy,,,,,
Achievements,106201,41338,Poultry Welfare Short Course,,20/10/2017,20/10/2017,20/10/2022,WFT Academy,,,,,
Achievements,106202,41336,Hygiene & Biosecurity Short Course,,20/10/2017,20/10/2017,20/10/2022,WFT Academy,,,,,
Achievements,106202,41338,Poultry Welfare Short Course,,20/10/2017,20/10/2017,20/10/2022,WFT Academy,,,,,
Achievements,106203,41336,Hygiene & Biosecurity Short Course,,20/10/2017,20/10/2017,20/10/2022,WFT Academy,,,,,
Achievements,106203,41338,Poultry Welfare Short Course,,20/10/2017,20/10/2017,20/10/2022,WFT Academy,,,,,
Achievements,108339,41336,Hygiene & Biosecurity Short Course,,28/03/2018,28/03/2018,28/03/2023,WFT Academy,,,,,
Achievements,108339,41338,Poultry Welfare Short Course,,28/03/2018,28/03/2018,28/03/2023,WFT Academy,,,,,
Achievements,108340,41336,Hygiene & Biosecurity Short Course,,28/03/2018,28/03/2018,28/03/2023,WFT Academy,,,,,
Achievements,108340,41338,Poultry Welfare Short Course,,28/03/2018,28/03/2018,28/03/2023,WFT Academy,,,,,
Achievements,108341,41336,Hygiene & Biosecurity Short Course,,28/03/2018,28/03/2018,28/03/2023,WFT Academy,,,,,
Achievements,108341,41338,Poultry Welfare Short Course,,28/03/2018,28/03/2018,28/03/2023,WFT Academy,,,,,
Achievements,106439,41335,Health & Safety Short Course,,24/11/2017,24/11/2017,24/11/2022,Thai Poultry Veterinary Association,,,,,
Achievements,106439,41336,Hygiene & Biosecurity Short Course,,23/11/2017,23/11/2017,23/11/2022,Thai Poultry Veterinary Association,,,,,
Achievements,106439,41337,Manual Handling Short Course,,24/11/2017,24/11/2017,24/11/2022,Thai Poultry Veterinary Association,,,,,
Achievements,106439,41338,Poultry Welfare Short Course,,23/11/2017,23/11/2017,23/11/2022,Thai Poultry Veterinary Association,,,,,
Achievements,106439,41341,First Aid Qualification,,12/06/2018,12/06/2018,12/06/2023,Hospital Chokchai,,,,,
Achievements,106439,41342,Level 3 Diploma in Work-based Agriculture or Equivalent,,10/08/2016,10/08/2016,,Ubon Ratchathani University Council,,,,,
Achievements,95872,41335,Health & Safety Short Course,,24/11/2017,24/11/2017,24/11/2022,Thai Poultry Veterinary Association,,,,,
Achievements,95872,41336,Hygiene & Biosecurity Short Course,,23/11/2017,23/11/2017,23/11/2022,Thai Poultry Veterinary Association,,,,,
Achievements,95872,41337,Manual Handling Short Course,,24/11/2017,24/11/2017,24/11/2022,Thai Poultry Veterinary Association,,,,,
Achievements,95872,41338,Poultry Welfare Short Course,,23/11/2017,23/11/2017,23/11/2022,Thai Poultry Veterinary Association,,,,,
Achievements,106922,41336,Hygiene & Biosecurity Short Course,,19/09/2018,19/09/2018,19/09/2023,GT Training,,,,,
Achievements,106922,41338,Poultry Welfare Short Course,,19/09/2018,19/09/2018,19/09/2023,GT Training,,,,,
Achievements,110570,41336,Hygiene & Biosecurity Short Course,,19/09/2018,19/09/2018,19/09/2023,GT Training,,,,,
Achievements,110570,41338,Poultry Welfare Short Course,,19/09/2018,19/09/2018,19/09/2023,GT Training,,,,,
Achievements,110571,41336,Hygiene & Biosecurity Short Course,,19/09/2018,19/09/2018,19/09/2023,GT Training,,,,,
Achievements,110571,41338,Poultry Welfare Short Course,,19/09/2018,19/09/2018,19/09/2023,GT Training,,,,,
Achievements,106923,41336,Hygiene & Biosecurity Short Course,,19/09/2018,19/09/2018,19/09/2023,GT Training,,,,,
Achievements,106923,41338,Poultry Welfare Short Course,,19/09/2018,19/09/2018,19/09/2023,GT Training,,,,,
Achievements,110572,41336,Hygiene & Biosecurity Short Course,,19/09/2018,19/09/2018,19/09/2023,GT Training,,,,,
Achievements,110572,41338,Poultry Welfare Short Course,,19/09/2018,19/09/2018,19/09/2023,GT Training,,,,,
Achievements,110573,41336,Hygiene & Biosecurity Short Course,,19/09/2018,19/09/2018,19/09/2023,GT Training,,,,,
Achievements,110573,41338,Poultry Welfare Short Course,,19/09/2018,19/09/2018,19/09/2023,GT Training,,,,,
Achievements,94878,41335,Health & Safety Short Course,,24/11/2017,24/11/2017,24/11/2022,Thai Poultry Veterinary Association,,,,,
Achievements,94878,41336,Hygiene & Biosecurity Short Course,,23/11/2017,23/11/2017,23/11/2022,Thai Poultry Veterinary Association,,,,,
Achievements,94878,41337,Manual Handling Short Course,,24/11/2017,24/11/2017,24/11/2022,Thai Poultry Veterinary Association,,,,,
Achievements,94878,41338,Poultry Welfare Short Course,,23/11/2017,23/11/2017,23/11/2022,Thai Poultry Veterinary Association,,,,,
Achievements,95649,41335,Health & Safety Short Course,,29/09/2016,29/09/2016,29/09/2021,Thai Poultry Veterinary Association,,,,,
Achievements,95649,41336,Hygiene & Biosecurity Short Course,,29/04/2015,29/04/2015,29/04/2020,Thai Poultry Veterinary Association,,,,,
Achievements,95649,41337,Manual Handling Short Course,,29/04/2015,29/04/2015,29/04/2020,Thai Poultry Veterinary Association,,,,,
Achievements,95649,41338,Poultry Welfare Short Course,,28/04/2015,28/04/2015,28/04/2020,Thai Poultry Veterinary Association,,,,,
Achievements,109670,41335,Health & Safety Short Course,,24/11/2017,24/11/2017,24/11/2022,Thai Poultry Veterinary Association,,,,,
Achievements,109670,41336,Hygiene & Biosecurity Short Course,,23/11/2017,23/11/2017,23/11/2022,Thai Poultry Veterinary Association,,,,,
Achievements,109670,41337,Manual Handling Short Course,,24/11/2017,24/11/2017,24/11/2022,Thai Poultry Veterinary Association,,,,,
Achievements,109670,41338,Poultry Welfare Short Course,,23/11/2017,23/11/2017,23/11/2022,Thai Poultry Veterinary Association,,,,,
Achievements,96343,41336,Hygiene & Biosecurity Short Course,,28/08/2015,28/08/2015,28/08/2020,Thai Poultry Veterinary Association,,,,,
Achievements,96343,41337,Manual Handling Short Course,,28/08/2015,28/08/2015,28/08/2020,Thai Poultry Veterinary Association,,,,,
Achievements,96343,41338,Poultry Welfare Short Course,,27/08/2015,27/08/2015,27/08/2020,Thai Poultry Veterinary Association,,,,,
Achievements,109899,41336,Hygiene & Biosecurity Short Course,,18/09/2015,18/09/2015,18/09/2020,Thai Poultry Veterinary Association,,,,,
Achievements,109899,41337,Manual Handling Short Course,,18/09/2015,18/09/2015,18/09/2020,Thai Poultry Veterinary Association,,,,,
Achievements,109899,41338,Poultry Welfare Short Course,,17/09/2015,17/09/2015,17/09/2020,Thai Poultry Veterinary Association,,,,,
Achievements,109900,41336,Hygiene & Biosecurity Short Course,,18/09/2015,18/09/2015,18/09/2020,Thai Poultry Veterinary Association,,,,,
Achievements,109900,41337,Manual Handling Short Course,,18/09/2015,18/09/2015,18/09/2020,Thai Poultry Veterinary Association,,,,,
Achievements,109900,41338,Poultry Welfare Short Course,,17/09/2015,17/09/2015,17/09/2020,Thai Poultry Veterinary Association,,,,,
Achievements,95265,41335,Health & Safety Short Course,,24/11/2016,24/11/2016,24/11/2021,Thai Poultry Veterinary Association,,,,,
Achievements,95265,41336,Hygiene & Biosecurity Short Course,,25/03/2015,25/03/2015,25/03/2020,Thai Poultry Veterinary Association,,,,,
Achievements,95265,41337,Manual Handling Short Course,,25/03/2015,25/03/2015,25/03/2020,Thai Poultry Veterinary Association,,,,,
Achievements,95265,41338,Poultry Welfare Short Course,,24/03/2015,24/03/2015,24/03/2020,Thai Poultry Veterinary Association,,,,,
Achievements,95266,41335,Health & Safety Short Course,,24/11/2016,24/11/2016,24/11/2021,Thai Poultry Veterinary Association,,,,,
Achievements,95266,41336,Hygiene & Biosecurity Short Course,,25/03/2015,25/03/2015,25/03/2020,Thai Poultry Veterinary Association,,,,,
Achievements,95266,41337,Manual Handling Short Course,,25/03/2015,25/03/2015,25/03/2020,Thai Poultry Veterinary Association,,,,,
Achievements,95266,41338,Poultry Welfare Short Course,,24/03/2015,24/03/2015,24/03/2019,Thai Poultry Veterinary Association,,,,,
Achievements,96151,41335,Health & Safety Short Course,,24/11/2016,24/11/2016,24/11/2021,Thai Poultry Veterinary Association,,,,,
Achievements,96151,41336,Hygiene & Biosecurity Short Course,,26/07/2017,26/07/2017,26/07/2022,Thai Poultry Veterinary Association,,,,,
Achievements,96151,41337,Manual Handling Short Course,,26/07/2017,26/07/2017,26/07/2022,Thai Poultry Veterinary Association,,,,,
Achievements,96151,41338,Poultry Welfare Short Course,,27/07/2017,27/07/2017,27/07/2022,Thai Poultry Veterinary Association,,,,,
Achievements,105845,41335,Health & Safety Short Course,,27/07/2017,27/07/2017,27/07/2022,Thai Poultry Veterinary Association,,,,,
Achievements,105845,41336,Hygiene & Biosecurity Short Course,,26/07/2017,26/07/2017,26/07/2022,Thai Poultry Veterinary Association,,,,,
Achievements,105845,41337,Manual Handling Short Course,,26/07/2017,26/07/2017,26/07/2022,Thai Poultry Veterinary Association,,,,,
Achievements,105845,41338,Poultry Welfare Short Course,,27/07/2017,27/07/2017,27/07/2022,Thai Poultry Veterinary Association,,,,,
Achievements,95673,41335,Health & Safety Short Course,,24/11/2016,24/11/2016,24/11/2021,Thai Poultry Veterinary Association,,,,,
Achievements,95674,41335,Health & Safety Short Course,,27/07/2017,27/07/2017,27/07/2022,Thai Poultry Veterinary Association,,,,,
Achievements,95674,41336,Hygiene & Biosecurity Short Course,,26/07/2017,26/07/2017,26/07/2022,Thai Poultry Veterinary Association,,,,,
Achievements,95674,41337,Manual Handling Short Course,,26/07/2017,26/07/2017,26/07/2022,Thai Poultry Veterinary Association,,,,,
Achievements,95674,41338,Poultry Welfare Short Course,,27/07/2017,27/07/2017,27/07/2022,Thai Poultry Veterinary Association,,,,,
Achievements,95359,41336,Hygiene & Biosecurity Short Course,,28/08/2015,28/08/2015,28/08/2020,Thai Poultry Veterinary Association,,,,,
Achievements,95359,41337,Manual Handling Short Course,,28/08/2015,28/08/2015,28/08/2020,Thai Poultry Veterinary Association,,,,,
Achievements,95359,41338,Poultry Welfare Short Course,,27/08/2015,27/08/2015,27/08/2020,Thai Poultry Veterinary Association,,,,,
Achievements,95270,41335,Health & Safety Short Course,,24/11/2016,24/11/2016,24/11/2021,Thai Poultry Veterinary Association,,,,,
Achievements,95270,41336,Hygiene & Biosecurity Short Course,,28/08/2015,28/08/2015,28/08/2020,Thai Poultry Veterinary Association,,,,,
Achievements,95270,41337,Manual Handling Short Course,,28/08/2015,28/08/2015,28/08/2020,Thai Poultry Veterinary Association,,,,,
Achievements,95270,41338,Poultry Welfare Short Course,,27/08/2015,27/08/2015,27/08/2020,Thai Poultry Veterinary Association,,,,,
Achievements,95272,41335,Health & Safety Short Course,,27/07/2017,27/07/2017,27/07/2022,Thai Poultry Veterinary Association,,,,,
Achievements,95272,41336,Hygiene & Biosecurity Short Course,,26/07/2017,26/07/2017,26/07/2022,Thai Poultry Veterinary Association,,,,,
Achievements,95272,41337,Manual Handling Short Course,,26/07/2017,26/07/2017,26/07/2022,Thai Poultry Veterinary Association,,,,,
Achievements,95272,41338,Poultry Welfare Short Course,,27/07/2017,27/07/2017,27/07/2022,Thai Poultry Veterinary Association,,,,,
Achievements,95273,41335,Health & Safety Short Course,,25/11/2016,25/11/2016,25/11/2021,Thai Poultry Veterinary Association,,,,,
Achievements,95273,41336,Hygiene & Biosecurity Short Course,,26/07/2017,26/07/2017,26/07/2022,Thai Poultry Veterinary Association,,,,,
Achievements,95273,41337,Manual Handling Short Course,,26/07/2017,26/07/2017,26/07/2022,Thai Poultry Veterinary Association,,,,,
Achievements,95273,41338,Poultry Welfare Short Course,,27/07/2017,27/07/2017,27/07/2022,Thai Poultry Veterinary Association,,,,,
Achievements,95274,41335,Health & Safety Short Course,,25/11/2016,25/11/2016,25/11/2021,Thai Poultry Veterinary Association,,,,,
Achievements,95275,41335,Health & Safety Short Course,,24/11/2016,24/11/2016,24/11/2021,Thai Poultry Veterinary Association,,,,,
Achievements,96130,41335,Health & Safety Short Course,,25/11/2016,25/11/2016,25/11/2021,Thai Poultry Veterinary Association,,,,,
Achievements,96130,41336,Hygiene & Biosecurity Short Course,,13/11/2015,13/11/2015,13/11/2020,Thai Poultry Veterinary Association,,,,,
Achievements,96130,41337,Manual Handling Short Course,,13/11/2015,13/11/2015,13/11/2020,Thai Poultry Veterinary Association,,,,,
Achievements,96130,41338,Poultry Welfare Short Course,,12/11/2015,12/11/2015,12/11/2020,Thai Poultry Veterinary Association,,,,,
Achievements,95677,41335,Health & Safety Short Course,,24/11/2016,24/11/2016,24/11/2021,Thai Poultry Veterinary Association,,,,,
Achievements,95677,41336,Hygiene & Biosecurity Short Course,,13/11/2015,13/11/2015,13/11/2020,Thai Poultry Veterinary Association,,,,,
Achievements,95677,41337,Manual Handling Short Course,,13/11/2015,13/11/2015,13/11/2020,Thai Poultry Veterinary Association,,,,,
Achievements,95677,41338,Poultry Welfare Short Course,,12/11/2015,12/11/2015,12/11/2020,Thai Poultry Veterinary Association,,,,,
Achievements,96353,41335,Health & Safety Short Course,,27/07/2017,27/07/2017,27/07/2022,Thai Poultry Veterinary Association,,,,,
Achievements,96117,41335,Health & Safety Short Course,,25/11/2016,25/11/2016,25/11/2021,Thai Poultry Veterinary Association,,,,,
Achievements,96117,41336,Hygiene & Biosecurity Short Course,,31/03/2016,31/03/2016,31/03/2021,Thai Poultry Veterinary Association,,,,,
Achievements,96117,41337,Manual Handling Short Course,,31/03/2016,31/03/2016,31/03/2021,Thai Poultry Veterinary Association,,,,,
Achievements,96117,41338,Poultry Welfare Short Course,,30/03/2016,30/03/2016,30/03/2021,Thai Poultry Veterinary Association,,,,,
Achievements,96286,41335,Health & Safety Short Course,,25/11/2016,25/11/2016,25/11/2021,Thai Poultry Veterinary Association,,,,,
Achievements,96286,41336,Hygiene & Biosecurity Short Course,,31/03/2016,31/03/2016,30/03/2021,Thai Poultry Veterinary Association,,,,,
Achievements,96286,41337,Manual Handling Short Course,,31/03/2016,31/03/2016,31/03/2021,Thai Poultry Veterinary Association,,,,,
Achievements,96286,41338,Poultry Welfare Short Course,,30/03/2016,30/03/2016,30/03/2021,Thai Poultry Veterinary Association,,,,,
Achievements,95675,41335,Health & Safety Short Course,,25/11/2016,25/11/2016,25/11/2021,Thai Poultry Veterinary Association,,,,,
Achievements,95675,41336,Hygiene & Biosecurity Short Course,,31/03/2016,31/03/2016,31/03/2021,Thai Poultry Veterinary Association,,,,,
Achievements,95675,41337,Manual Handling Short Course,,31/03/2016,31/03/2016,31/03/2021,Thai Poultry Veterinary Association,,,,,
Achievements,95675,41338,Poultry Welfare Short Course,,30/03/2016,30/03/2016,30/03/2021,Thai Poultry Veterinary Association,,,,,
Achievements,110406,41335,Health & Safety Short Course,,24/11/2016,24/11/2016,24/11/2021,Thai Poultry Veterinary Associtation,,,,,
Achievements,110406,41336,Hygiene & Biosecurity Short Course,,08/07/2015,08/07/2015,08/07/2020,Thai Poultry Veterinary Associtation,,,,,
Achievements,110406,41337,Manual Handling Short Course,,08/07/2015,08/07/2015,08/07/2020,Thai Poultry Veterinary Associtation,,,,,
Achievements,110406,41338,Poultry Welfare Short Course,,07/07/2015,07/07/2015,07/07/2020,Thai Poultry Veterinary Associtation,,,,,
Achievements,110406,41341,First Aid Qualification,,21/02/2018,21/02/2018,21/02/2023,Thai Red Cross,,,,,
Achievements,110406,41342,Level 3 Diploma in Work-based Agriculture or Equivalent,,04/06/2007,30/10/2009,,King Mongkut's Institute of Technology,,,,,
Achievements,110408,41335,Health & Safety Short Course,,24/11/2016,24/11/2016,24/11/2021,Thai Poultry Veterinary Associtation,,,,,
Achievements,110408,41336,Hygiene & Biosecurity Short Course,,31/03/2016,31/03/2016,31/03/2021,Thai Poultry Veterinary Associtation,,,,,
Achievements,110408,41337,Manual Handling Short Course,,31/03/2016,31/03/2016,31/03/2021,Thai Poultry Veterinary Associtation,,,,,
Achievements,110408,41338,Poultry Welfare Short Course,,30/03/2016,30/03/2016,30/03/2021,Thai Poultry Veterinary Associtation,,,,,
Achievements,110408,41341,First Aid Qualification,,21/02/2018,21/02/2018,21/02/2023,Thai Red Cross,,,,,
Achievements,110408,41342,Level 3 Diploma in Work-based Agriculture or Equivalent,,11/04/2006,25/05/2008,,Rajamangala University of Technology,,,,,
Achievements,101983,41335,Health & Safety Short Course,,24/11/2016,24/11/2016,24/11/2021,Thai Poultry Veterinary Associtation,,,,,
Achievements,101983,41336,Hygiene & Biosecurity Short Course,,13/11/2015,13/11/2015,13/11/2020,Thai Poultry Veterinary Associtation,,,,,
Achievements,101983,41337,Manual Handling Short Course,,13/11/2015,13/11/2015,13/11/2020,Thai Poultry Veterinary Associtation,,,,,
Achievements,101983,41338,Poultry Welfare Short Course,,12/11/2015,12/11/2015,12/11/2020,Thai Poultry Veterinary Associtation,,,,,
Achievements,101983,41341,First Aid Qualification,,21/02/2018,21/02/2018,21/02/2023,Thai Red Cross,,,,,
Achievements,101983,,Degree (MBA) in Marketing,,01/04/2007,28/05/2007,,National Institute of Developement Administration,,,,,
Achievements,96035,41335,Health & Safety Short Course,,24/11/2017,24/11/2017,24/11/2022,Thai Poultry Veterinary Associtation,,,,,
Achievements,96035,41336,Hygiene & Biosecurity Short Course,,23/11/2017,23/11/2017,23/11/2022,Thai Poultry Veterinary Associtation,,,,,
Achievements,96035,41337,Manual Handling Short Course,,24/11/2017,24/11/2017,24/11/2022,Thai Poultry Veterinary Associtation,,,,,
Achievements,96035,41338,Poultry Welfare Short Course,,07/07/2015,07/07/2015,07/07/2020,Thai Poultry Veterinary Associtation,,,,,
Achievements,96035,41341,First Aid Qualification,,21/02/2018,21/02/2018,21/02/2023,Thai Red Cross,,,,,
Achievements,96035,,Master of Education Education Administration,,09/06/2007,26/10/2009,,Vongchavalitkul University,,,,,
Achievements,110412,41335,Health & Safety Short Course,,24/11/2017,24/11/2017,24/11/2022,Thai Poultry Veterinary Associtation,,,,,
Achievements,110412,41336,Hygiene & Biosecurity Short Course,,23/11/2017,23/11/2017,23/11/2022,Thai Poultry Veterinary Associtation,,,,,
Achievements,110412,41337,Manual Handling Short Course,,24/11/2017,24/11/2017,24/11/2022,Thai Poultry Veterinary Associtation,,,,,
Achievements,110412,41338,Poultry Welfare Short Course,,23/11/2017,23/11/2017,23/11/2022,Thai Poultry Veterinary Associtation,,,,,
Achievements,110412,41341,First Aid Qualification,,22/02/2018,22/02/2018,22/02/2023,Thai Red Cross,,,,,
Achievements,110412,41342,Level 3 Diploma in Work-based Agriculture or Equivalent,,01/06/2013,26/05/2017,,Rajamangala University of Technology,,,,,
Achievements,96058,41335,Health & Safety Short Course,,24/11/2016,24/11/2016,24/11/2021,Thai Poultry Veterinary Associtation,,,,,
Achievements,96058,41336,Hygiene & Biosecurity Short Course,,08/07/2015,08/07/2015,08/07/2020,Thai Poultry Veterinary Associtation,,,,,
Achievements,96058,41337,Manual Handling Short Course,,08/07/2015,08/07/2015,08/07/2020,Thai Poultry Veterinary Associtation,,,,,
Achievements,96058,41338,Poultry Welfare Short Course,,07/07/2015,07/07/2015,07/07/2020,Thai Poultry Veterinary Association,,,,,
Achievements,96058,41341,First Aid Qualification,,22/02/2018,22/02/2018,22/02/2023,Thai Red Cross,,,,,
Achievements,96058,,Degree in Marketing,,16/05/2006,13/06/2008,,Ramkhanang University,,,,,
Achievements,110418,41335,Health & Safety Short Course,,24/11/2016,24/11/2016,24/11/2021,Thai Poultry Veterinary Associtation,,,,,
Achievements,110418,41336,Hygiene & Biosecurity Short Course,,23/11/2017,23/11/2017,23/11/2022,Thai Poultry Veterinary Associtation,,,,,
Achievements,110418,41337,Manual Handling Short Course,,24/11/2017,24/11/2017,24/11/2022,Thai Poultry Veterinary Associtation,,,,,
Achievements,110418,41338,Poultry Welfare Short Course,,23/11/2017,23/11/2017,23/11/2022,Thai Poultry Veterinary Associtation,,,,,
Achievements,110418,41341,First Aid Qualification,,22/02/2018,22/02/2018,22/02/2023,Thai Red Cross,,,,,
Achievements,110418,,Bachelor of Science in Technical Education - Mechanical Engineering,,05/06/2006,04/05/2008,,Rajamangala University of Technology,,,,,
Achievements,101984,41335,Health & Safety Short Course,,25/11/2016,25/11/2016,25/11/2021,Thai Poultry Veterinary Associtation,,,,,
Achievements,101984,41336,Hygiene & Biosecurity Short Course,,08/07/2015,08/07/2015,08/07/2020,Thai Poultry Veterinary Associtation,,,,,
Achievements,101984,41337,Manual Handling Short Course,,08/07/2015,08/07/2015,08/07/2020,Thai Poultry Veterinary Associtation,,,,,
Achievements,101984,41338,Poultry Welfare Short Course,,07/07/2015,07/07/2015,07/07/2020,Thai Poultry Veterinary Associtation,,,,,
Achievements,101984,41341,First Aid Qualification,,22/02/2018,22/02/2018,22/02/2023,Thai Red Cross,,,,,
Achievements,101984,,Industrial Engineering,,29/03/1984,29/03/1984,,Lawoe Technological College,,,,,
Achievements,105863,41336,Hygiene & Biosecurity Short Course,,31/03/2016,31/03/2016,31/03/2021,Thai Poultry Veterinary Association,,,,,
Achievements,105863,41337,Manual Handling Short Course,,31/03/2016,31/03/2016,31/03/2021,Thai Poultry Veterinary Association,,,,,
Achievements,105863,41338,Poultry Welfare Short Course,,30/03/2016,30/03/2016,30/03/2021,Thai Poultry Veterinary Association,,,,,
Achievements,105864,41336,Hygiene & Biosecurity Short Course,,31/03/2016,31/03/2016,31/03/2021,Thai Poultry Veterinary Association,,,,,
Achievements,105864,41337,Manual Handling Short Course,,31/03/2016,31/03/2016,31/03/2021,Thai Poultry Veterinary Association,,,,,
Achievements,105864,41338,Poultry Welfare Short Course,,30/03/2016,30/03/2016,30/03/2021,Thai Poultry Veterinary Association,,,,,
Achievements,110899,41337,Manual Handling Short Course,,06/11/2018,06/11/2018,06/11/2023,Kelly Agri & Safety Consultants,,,,,
Achievements,110899,41338,Poultry Welfare Short Course,,10/10/2018,10/10/2018,10/10/2023,St Davids Poultry Team,,,,,
Achievements,110900,41337,Manual Handling Short Course,,06/11/2018,06/11/2018,06/11/2023,Kelly Agri & Safety Consultants,,,,,
Achievements,110900,41338,Poultry Welfare Short Course,,10/10/2018,10/10/2018,10/10/2023,St Davids Poultry Team,,,,,
Achievements,110901,41336,Hygiene & Biosecurity Short Course,,05/02/2019,05/02/2019,05/02/2024,St Davids Poultry Team,,,,,
Achievements,110901,41337,Manual Handling Short Course,,22/11/2018,22/11/2018,22/11/2023,Kelly Agri & Safety Consultants,,,,,
Achievements,110901,41338,Poultry Welfare Short Course,,10/10/2018,10/10/2018,10/10/2023,St Davids Poultry Team,,,,,
Achievements,110901,41341,First Aid Qualification,,23/10/2018,23/10/2018,23/10/2023,Safety Ireland First Response,,,,,
Achievements,110902,41337,Manual Handling Short Course,,31/10/2018,31/10/2018,31/10/2023,Kelly Agri & Safety Consultants,,,,,
Achievements,110902,41338,Poultry Welfare Short Course,,10/10/2018,10/10/2018,10/10/2023,St Davids Poultry Team,,,,,
Achievements,110903,41337,Manual Handling Short Course,,06/11/2018,06/11/2018,06/11/2023,Kelly Agri & Safety Consultants,,,,,
Achievements,110903,41338,Poultry Welfare Short Course,,10/10/2018,10/10/2018,10/10/2023,St Davids Poultry Team,,,,,
Achievements,110904,41337,Manual Handling Short Course,,31/10/2018,31/10/2018,31/10/2023,Kelly Agri & Safety Consultants,,,,,
Achievements,110904,41338,Poultry Welfare Short Course,,10/10/2018,10/10/2018,10/10/2023,St Davids Poultry Team,,,,,
Achievements,110905,41337,Manual Handling Short Course,,06/11/2018,06/11/2018,06/11/2023,Kelly Agri & Safety Consultants,,,,,
Achievements,110905,41338,Poultry Welfare Short Course,,10/10/2018,10/10/2018,10/10/2023,St Davids Poultry Team,,,,,
Achievements,110906,41337,Manual Handling Short Course,,06/11/2018,06/11/2018,06/11/2023,Kelly Agri & Safety Consultants,,,,,
Achievements,110906,41338,Poultry Welfare Short Course,,10/10/2018,10/10/2018,10/10/2023,St Davids Poultry Team,,,,,
Achievements,110907,41337,Manual Handling Short Course,,31/10/2018,31/10/2018,31/10/2023,Kelly Agri & Safety Consultants,,,,,
Achievements,110907,41338,Poultry Welfare Short Course,,10/10/2018,10/10/2018,10/10/2023,St Davids Poultry Team,,,,,
Achievements,110908,41337,Manual Handling Short Course,,06/11/2018,06/11/2018,06/11/2023,Kelly Agri & Safety Consultants,,,,,
Achievements,110908,41338,Poultry Welfare Short Course,,10/10/2018,10/10/2018,10/10/2023,St Davids Poultry Team,,,,,
Achievements,110909,41338,Poultry Welfare Short Course,,10/10/2018,10/10/2018,10/10/2023,St Davids Poultry Team,,,,,
Achievements,110910,41336,Hygiene & Biosecurity Short Course,,28/01/2019,28/01/2019,28/01/2024,St Davids Poultry Team,,,,,
Achievements,110910,41337,Manual Handling Short Course,,22/11/2018,22/11/2018,22/11/2023,Kelly Agri & Safety Consultants,,,,,
Achievements,110910,41338,Poultry Welfare Short Course,,10/10/2018,10/10/2018,10/10/2023,St Davids Poultry Team,,,,,
Achievements,110910,41341,First Aid Qualification,,23/10/2018,23/10/2018,23/10/2023,Safety Ireland First Response,,,,,
Achievements,110911,41337,Manual Handling Short Course,,06/11/2018,06/11/2018,06/11/2023,Kelly Agri & Safety Consultants,,,,,
Achievements,110911,41338,Poultry Welfare Short Course,,10/10/2018,10/10/2018,10/10/2023,St Davids Poultry Team,,,,,
Achievements,110912,41337,Manual Handling Short Course,,06/11/2018,06/11/2018,06/11/2023,Kelly Agri & Safety Consultants,,,,,
Achievements,110912,41338,Poultry Welfare Short Course,,10/10/2018,10/10/2018,10/10/2023,St Davids Poultry Team,,,,,
Achievements,110913,41337,Manual Handling Short Course,,31/10/2018,31/10/2018,31/10/2023,Kelly Agri & Safety Consultants,,,,,
Achievements,110913,41338,Poultry Welfare Short Course,,10/10/2018,10/10/2018,10/10/2023,St Davids Poultry Team,,,,,
Achievements,110914,41337,Manual Handling Short Course,,31/10/2018,31/10/2018,31/10/2023,Kelly Agri & Safety Consultants,,,,,
Achievements,110914,41338,Poultry Welfare Short Course,,10/10/2018,10/10/2018,10/10/2023,St Davids Poultry Team,,,,,
Achievements,110915,41337,Manual Handling Short Course,,31/10/2018,31/10/2018,31/10/2023,Kelly Agri & Safety Consultants,,,,,
Achievements,110915,41338,Poultry Welfare Short Course,,10/10/2018,10/10/2018,10/10/2023,St Davids Poultry Team,,,,,
Achievements,110110,41336,Hygiene & Biosecurity Short Course,,28/01/2019,28/01/2019,28/01/2024,St Davids Poultry Team,,,,,
Achievements,110110,41337,Manual Handling Short Course,,08/11/2018,08/11/2018,08/11/2023,Kelly Agri & Safety Consultants,,,,,
Achievements,110110,41338,Poultry Welfare Short Course,,31/05/2018,31/05/2018,31/05/2023,St Davids Poultry Team,,,,,
Achievements,110110,41341,First Aid Qualification,,12/09/2018,12/09/2018,12/09/2020,Safety Ireland First Response Training Institute,,,,,
Achievements,110111,41336,Hygiene & Biosecurity Short Course,,05/02/2019,05/02/2019,05/02/2024,St Davids Poultry Team,,,,,
Achievements,110111,41337,Manual Handling Short Course,,07/11/2018,07/11/2018,07/11/2023,Kelly Agri & Safety Consultants,,,,,
Achievements,110111,41338,Poultry Welfare Short Course,,30/05/2018,30/05/2018,30/05/2023,St Davids Poultry Team,,,,,
Achievements,110111,41341,First Aid Qualification,,11/09/2018,11/09/2018,11/09/2020,Safety Ireland First Response Training Institute,,,,,
Achievements,110112,41336,Hygiene & Biosecurity Short Course,,28/01/2019,28/01/2019,28/01/2024,St Davids Poultry Team,,,,,
Achievements,110112,41337,Manual Handling Short Course,,27/11/2018,27/11/2018,27/11/2023,Kelly Agri & Safety Consultants,,,,,
Achievements,110112,41338,Poultry Welfare Short Course,,30/05/2018,30/05/2018,30/05/2023,St Davids Poultry Team,,,,,
Achievements,110112,41341,First Aid Qualification,,24/10/2018,24/10/2018,24/10/2023,Safety Ireland First Response,,,,,
Achievements,110117,41336,Hygiene & Biosecurity Short Course,,28/01/2019,28/01/2019,28/01/2024,St Davids Poultry Team,,,,,
Achievements,110117,41337,Manual Handling Short Course,,27/11/2018,27/11/2018,27/11/2023,Kelly Agri & Safety Consultants,,,,,
Achievements,110117,41338,Poultry Welfare Short Course,,30/05/2018,30/05/2018,30/05/2023,St Davids Poultry Team,,,,,
Achievements,110117,41341,First Aid Qualification,,23/10/2018,23/10/2018,23/10/2023,Safety Ireland First Response,,,,,
Achievements,110118,41336,Hygiene & Biosecurity Short Course,,28/01/2019,28/01/2019,28/01/2024,St Davids Poultry Team,,,,,
Achievements,110118,41337,Manual Handling Short Course,,08/11/2018,08/11/2018,08/11/2023,Kelly Agri & Safety Consultants,,,,,
Achievements,110118,41338,Poultry Welfare Short Course,,31/05/2018,31/05/2018,31/05/2023,St Davids Poultry Team,,,,,
Achievements,110118,41341,First Aid Qualification,,24/10/2018,24/10/2018,24/10/2023,Safety Ireland First Response,,,,,
Achievements,110119,41336,Hygiene & Biosecurity Short Course,,05/02/2019,05/02/2019,05/02/2024,St Davids Poultry Team,,,,,
Achievements,110119,41337,Manual Handling Short Course,,27/11/2018,27/11/2018,27/11/2023,Kelly Agri & Safety Consultants,,,,,
Achievements,110119,41338,Poultry Welfare Short Course,,17/08/2018,17/08/2018,17/08/2023,St Davids Poultry Team,,,,,
Achievements,110119,41341,First Aid Qualification,,24/10/2018,24/10/2018,24/10/2023,Safety Ireland First Response,,,,,
Achievements,110120,41336,Hygiene & Biosecurity Short Course,,28/01/2019,28/01/2019,28/01/2024,St Davids Poultry Team,,,,,
Achievements,110120,41338,Poultry Welfare Short Course,,31/05/2018,31/05/2018,31/05/2023,St Davids Poultry Team,,,,,
Achievements,110120,41341,First Aid Qualification,,24/10/2018,24/10/2018,24/10/2023,Safety Ireland First Response,,,,,
Achievements,110121,41336,Hygiene & Biosecurity Short Course,,05/02/2019,05/02/2019,05/02/2024,St Davids Poultry Team,,,,,
Achievements,110121,41337,Manual Handling Short Course,,07/11/2018,07/11/2018,07/11/2023,Kelly Agri & Safety Consultants,,,,,
Achievements,110121,41338,Poultry Welfare Short Course,,30/05/2018,30/05/2018,30/05/2023,St Davids Poultry Team,,,,,
Achievements,110121,41341,First Aid Qualification,,23/10/2018,23/10/2018,23/10/2023,Safety Ireland First Response,,,,,
Achievements,110122,41336,Hygiene & Biosecurity Short Course,,28/01/2019,28/01/2019,28/01/2024,St Davids Poultry Team,,,,,
Achievements,110122,41337,Manual Handling Short Course,,08/11/2018,08/11/2018,08/11/2023,Kelly Agri & Safety Consultants,,,,,
Achievements,110122,41338,Poultry Welfare Short Course,,31/05/2018,31/05/2018,31/05/2023,St Davids Poultry Team,,,,,
Achievements,110122,41341,First Aid Qualification,,12/09/2018,12/09/2018,12/09/2020,Safety Ireland First Response Training Institute,,,,,
Achievements,110123,41336,Hygiene & Biosecurity Short Course,,05/02/2019,05/02/2019,05/02/2024,St Davids Poultry Team,,,,,
Achievements,110123,41337,Manual Handling Short Course,,07/11/2018,07/11/2018,07/11/2023,Kelly Agri & Safety Consultants,,,,,
Achievements,110123,41338,Poultry Welfare Short Course,,31/05/2018,31/05/2018,31/05/2023,St Davids Poultry Team,,,,,
Achievements,110123,41341,First Aid Qualification,,11/09/2018,11/09/2018,11/09/2020,Safety Ireland First Response Training Institute,,,,,
Achievements,110124,41336,Hygiene & Biosecurity Short Course,,28/01/2019,28/01/2019,28/01/2024,St Davids Poultry Team,,,,,
Achievements,110124,41337,Manual Handling Short Course,,22/11/2018,22/11/2018,22/11/2023,Kelly Agri & Safety Consultants,,,,,
Achievements,110124,41338,Poultry Welfare Short Course,,30/05/2018,30/05/2018,30/05/2023,St Davids Poultry Team,,,,,
Achievements,110124,41341,First Aid Qualification,,11/09/2018,11/09/2018,11/09/2020,Safety Ireland First Response Training Institute,,,,,
Achievements,110125,41336,Hygiene & Biosecurity Short Course,,28/01/2019,28/01/2019,28/01/2024,St Davids Poultry Team,,,,,
Achievements,110125,41337,Manual Handling Short Course,,27/11/2018,27/11/2018,27/11/2023,Kelly Agri & Safety Consultants,,,,,
Achievements,110125,41338,Poultry Welfare Short Course,,30/05/2018,30/05/2018,30/05/2023,St Davids Poultry Team,,,,,
Achievements,110125,41341,First Aid Qualification,,23/10/2018,23/10/2018,23/10/2023,Safety Ireland First Response,,,,,
Achievements,110126,41336,Hygiene & Biosecurity Short Course,,28/01/2019,28/01/2019,28/01/2024,St Davids Poultry Team,,,,,
Achievements,110126,41337,Manual Handling Short Course,,08/11/2018,08/11/2018,08/11/2023,Kelly Agri & Safety Consultants,,,,,
Achievements,110126,41338,Poultry Welfare Short Course,,30/05/2018,30/05/2018,30/05/2023,St Davids Poultry Team,,,,,
Achievements,110127,41336,Hygiene & Biosecurity Short Course,,05/02/2019,05/02/2019,05/02/2024,St Davids Poultry Team,,,,,
Achievements,110127,41337,Manual Handling Short Course,,08/11/2018,08/11/2018,08/11/2023,Kelly Agri & Safety Consultants,,,,,
Achievements,110127,41338,Poultry Welfare Short Course,,17/08/2018,17/08/2018,17/08/2023,St Davids Poultry Team,,,,,
Achievements,110127,41341,First Aid Qualification,,12/09/2018,12/09/2018,12/09/2020,Safety Ireland First Response Training Institute,,,,,
Achievements,110128,41336,Hygiene & Biosecurity Short Course,,28/01/2019,28/01/2019,28/01/2024,St Davids Poultry Team,,,,,
Achievements,110128,41337,Manual Handling Short Course,,08/11/2018,08/11/2018,08/11/2023,Kelly Agri & Safety Consultants,,,,,
Achievements,110128,41338,Poultry Welfare Short Course,,17/08/2018,17/08/2018,17/08/2023,St Davids Poultry Team,,,,,
Achievements,110128,41341,First Aid Qualification,,12/09/2018,12/09/2018,12/09/2020,Safety Ireland First Response Training Institute,,,,,
Achievements,110129,41336,Hygiene & Biosecurity Short Course,,28/01/2019,28/01/2019,28/01/2024,St Davids Poultry Team,,,,,
Achievements,110129,41337,Manual Handling Short Course,,08/11/2018,08/11/2018,08/11/2023,Kelly Agri & Safety Consultants,,,,,
Achievements,110129,41338,Poultry Welfare Short Course,,17/08/2018,17/08/2018,17/08/2023,St Davids Poultry Team,,,,,
Achievements,110129,41341,First Aid Qualification,,12/09/2018,12/09/2018,12/09/2020,Safety Ireland First Response Training Institute,,,,,
Achievements,110130,41336,Hygiene & Biosecurity Short Course,,28/01/2019,28/01/2019,28/01/2024,St Davids Poultry Team,,,,,
Achievements,110130,41337,Manual Handling Short Course,,07/11/2018,07/11/2018,07/11/2023,Kelly Agri & Safety Consultants,,,,,
Achievements,110130,41338,Poultry Welfare Short Course,,30/05/2018,30/05/2018,30/05/2023,St Davids Poultry Team,,,,,
Achievements,110130,41341,First Aid Qualification,,11/09/2018,11/09/2018,11/09/2020,Safety Ireland First Response Training Institute,,,,,
Achievements,110131,41336,Hygiene & Biosecurity Short Course,,28/01/2019,28/01/2019,28/01/2024,St Davids Poultry Team,,,,,
Achievements,110131,41337,Manual Handling Short Course,,08/11/2018,08/11/2018,08/11/2023,Kelly Agri & Safety Consultants,,,,,
Achievements,110131,41338,Poultry Welfare Short Course,,31/05/2018,31/05/2018,31/05/2023,St Davids Poultry Team,,,,,
Achievements,110132,41336,Hygiene & Biosecurity Short Course,,05/02/2019,05/02/2019,05/02/2024,St Davids Poultry Team,,,,,
Achievements,110132,41337,Manual Handling Short Course,,22/11/2018,22/11/2018,22/11/2023,Kelly Agri & Safety Consultants,,,,,
Achievements,110132,41338,Poultry Welfare Short Course,,31/05/2018,31/05/2018,31/05/2023,St Davids Poultry Team,,,,,
Achievements,110132,41341,First Aid Qualification,,11/09/2018,11/09/2018,11/09/2020,Safety Ireland First Response Training Institute,,,,,
Achievements,110133,41336,Hygiene & Biosecurity Short Course,,28/01/2019,28/01/2019,28/01/2024,St Davids Poultry Team,,,,,
Achievements,110133,41337,Manual Handling Short Course,,08/11/2018,08/11/2018,08/11/2023,Kelly Agri & Safety Consultants,,,,,
Achievements,110133,41338,Poultry Welfare Short Course,,31/05/2018,31/05/2018,31/05/2023,St Davids Poultry Team,,,,,
Achievements,110133,41341,First Aid Qualification,,12/09/2018,12/09/2018,12/09/2020,Safety Ireland First Response Training Institute,,,,,
Achievements,110134,41336,Hygiene & Biosecurity Short Course,,05/02/2019,05/02/2019,05/02/2024,St Davids Poultry Team,,,,,
Achievements,110134,41337,Manual Handling Short Course,,07/11/2018,07/11/2018,07/11/2023,Kelly Agri & Safety Consultants,,,,,
Achievements,110134,41338,Poultry Welfare Short Course,,30/05/2018,30/05/2018,30/05/2023,St Davids Poultry Team,,,,,
Achievements,110134,41341,First Aid Qualification,,24/10/2018,24/10/2018,24/10/2023,Safety Ireland First Response,,,,,
Achievements,110135,41338,Poultry Welfare Short Course,,30/05/2018,30/05/2018,30/05/2023,St Davids Poultry Team,,,,,
Achievements,110135,,Poultry Welfare - Hatchery,,22/06/2017,22/06/2017,22/06/2022,Poultec Training,,,,,
Achievements,110135,,Poultry Welfare - Catching & Handling,,22/06/2017,22/06/2017,22/06/2022,Poultec Training,,,,,
Achievements,110135,,Manual Handling,,27/11/2018,27/11/2018,27/11/2023,Kelly Agri & Safety Consultants,,,,,
Achievements,110135,,Emergency First Aid,,24/10/2018,24/10/2018,24/10/2023,Safety Ireland First Response,,,,,
Achievements,110135,,Biosecurity and Hygiene,,28/01/2019,28/01/2019,28/01/2024,St Davids Poultry Team,,,,,
Achievements,110138,41336,Hygiene & Biosecurity Short Course,,28/01/2019,28/01/2019,28/01/2024,St Davids Poultry Team,,,,,
Achievements,110138,41337,Manual Handling Short Course,,07/11/2018,07/11/2018,07/11/2023,Kelly Agri & Safety Consultants,,,,,
Achievements,110138,41338,Poultry Welfare Short Course,,31/05/2018,31/05/2018,31/05/2023,St Davids Poultry Team,,,,,
Achievements,110138,41341,First Aid Qualification,,11/09/2018,11/09/2018,11/09/2020,Safety Ireland First Response Training Institute,,,,,
Achievements,110139,41336,Hygiene & Biosecurity Short Course,,28/01/2019,28/01/2019,28/01/2024,St Davids Poultry Team,,,,,
Achievements,110139,41337,Manual Handling Short Course,,07/11/2018,07/11/2018,07/11/2023,Kelly Agri & Safety Consultants,,,,,
Achievements,110139,41338,Poultry Welfare Short Course,,31/05/2018,31/05/2018,31/05/2023,St Davids Poultry Team,,,,,
Achievements,110139,41341,First Aid Qualification,,12/09/2018,12/09/2018,12/09/2020,Safety Ireland First Response Training Institute,,,,,
Achievements,110140,41338,Poultry Welfare Short Course,,31/05/2018,31/05/2018,31/05/2023,St Davids Poultry Team,,,,,
Achievements,110141,41336,Hygiene & Biosecurity Short Course,,28/01/2019,28/01/2019,28/01/2024,St Davids Poultry Team,,,,,
Achievements,110141,41337,Manual Handling Short Course,,22/11/2018,22/11/2018,22/11/2023,Kelly Agri & Safety Consultants,,,,,
Achievements,110141,41338,Poultry Welfare Short Course,,31/05/2018,31/05/2018,31/05/2023,St Davids Poultry Team,,,,,
Achievements,110141,41341,First Aid Qualification,,23/10/2018,23/10/2018,23/10/2023,Safety Ireland First Response,,,,,
Achievements,110142,41336,Hygiene & Biosecurity Short Course,,28/01/2019,28/01/2019,28/01/2024,St Davids Poultry Team,,,,,
Achievements,110142,41337,Manual Handling Short Course,,27/11/2018,27/11/2018,27/11/2023,Kelly Agri & Safety Consultants,,,,,
Achievements,110142,41338,Poultry Welfare Short Course,,30/05/2018,30/05/2018,30/05/2023,St Davids Poultry Team,,,,,
Achievements,110142,41341,First Aid Qualification,,24/10/2018,24/10/2018,24/10/2023,Safety Ireland First Response,,,,,
Achievements,110143,41336,Hygiene & Biosecurity Short Course,,28/01/2019,28/01/2019,28/01/2024,St Davids Poultry Team,,,,,
Achievements,110143,41337,Manual Handling Short Course,,08/11/2018,08/11/2018,08/11/2023,Kelly Agri & Safety Consultants,,,,,
Achievements,110143,41338,Poultry Welfare Short Course,,31/05/2018,31/05/2018,31/05/2023,St Davids Poultry Team,,,,,
Achievements,110143,41341,First Aid Qualification,,12/09/2018,12/09/2018,12/09/2020,Safety Ireland First Response Training Institute,,,,,
Achievements,110144,41336,Hygiene & Biosecurity Short Course,,05/02/2019,05/02/2019,05/02/2024,St Davids Poultry Team,,,,,
Achievements,110144,41337,Manual Handling Short Course,,07/11/2018,07/11/2018,07/11/2023,Kelly Agri & Safety Consultants,,,,,
Achievements,110144,41338,Poultry Welfare Short Course,,30/05/2018,30/05/2018,30/05/2023,St Davids Poultry Team,,,,,
Achievements,110144,41341,First Aid Qualification,,11/09/2018,11/09/2018,11/09/2020,Safety Ireland First Response Training Institute,,,,,
Achievements,110145,41336,Hygiene & Biosecurity Short Course,,28/01/2019,28/01/2019,28/01/2024,St Davids Poultry Team,,,,,
Achievements,110145,41337,Manual Handling Short Course,,07/11/2018,07/11/2018,07/11/2023,Kelly Agri & Safety Consultants,,,,,
Achievements,110145,41338,Poultry Welfare Short Course,,31/05/2018,31/05/2018,31/05/2023,St Davids Poultry Team,,,,,
Achievements,110146,41336,Hygiene & Biosecurity Short Course,,28/01/2019,28/01/2019,28/01/2024,St Davids Poultry Team,,,,,
Achievements,110146,41337,Manual Handling Short Course,,27/11/2018,27/11/2018,27/11/2023,Kelly Agri & Safety Consultants,,,,,
Achievements,110146,41338,Poultry Welfare Short Course,,31/05/2018,31/05/2018,31/05/2023,St Davids Poultry Team,,,,,
Achievements,110146,41341,First Aid Qualification,,23/10/2018,23/10/2018,23/10/2023,Safety Ireland First Response,,,,,
Achievements,110147,41336,Hygiene & Biosecurity Short Course,,05/02/2019,05/02/2019,05/02/2024,St Davids Poultry Team,,,,,
Achievements,110147,41337,Manual Handling Short Course,,07/11/2018,07/11/2018,07/11/2023,Kelly Agri & Safety Consultants,,,,,
Achievements,110147,41338,Poultry Welfare Short Course,,30/05/2018,30/05/2018,30/05/2023,St Davids Poultry Team,,,,,
Achievements,110147,41341,First Aid Qualification,,11/09/2018,11/09/2018,11/09/2020,Safety Ireland First Response Training Institute,,,,,
Achievements,110148,41336,Hygiene & Biosecurity Short Course,,28/01/2019,28/01/2019,28/01/2024,St Davids Poultry Team,,,,,
Achievements,110148,41337,Manual Handling Short Course,,07/11/2018,07/11/2018,07/11/2023,Kelly Agri & Safety Consultants,,,,,
Achievements,110148,41338,Poultry Welfare Short Course,,30/05/2018,30/05/2018,30/05/2023,St Davids Poultry Team,,,,,
Achievements,110148,41341,First Aid Qualification,,23/10/2018,23/10/2018,23/10/2023,Safety Ireland First Response,,,,,
Achievements,110149,41336,Hygiene & Biosecurity Short Course,,05/02/2019,05/02/2019,05/02/2024,St Davids Poultry Team,,,,,
Achievements,110149,41337,Manual Handling Short Course,,27/11/2018,27/11/2018,27/11/2023,Kelly Agri & Safety Consultants,,,,,
Achievements,110149,41338,Poultry Welfare Short Course,,30/05/2018,30/05/2018,30/05/2023,St Davids Poultry Team,,,,,
Achievements,110149,41341,First Aid Qualification,,22/10/2018,23/10/2018,23/10/2023,Safety Ireland First Response,,,,,
Achievements,110150,41336,Hygiene & Biosecurity Short Course,,28/01/2019,28/01/2019,28/01/2024,St Davids Poultry Team,,,,,
Achievements,110150,41337,Manual Handling Short Course,,07/11/2018,07/11/2018,07/11/2023,Kelly Agri & Safety Consultants,,,,,
Achievements,110150,41338,Poultry Welfare Short Course,,30/05/2018,30/05/2018,30/05/2023,St Davids Poultry Team,,,,,
Achievements,110150,41341,First Aid Qualification,,23/10/2018,23/10/2018,23/10/2023,Safety Ireland First Response,,,,,
Achievements,110151,41336,Hygiene & Biosecurity Short Course,,05/02/2019,05/02/2019,05/02/2024,St Davids Poultry Team,,,,,
Achievements,110151,41337,Manual Handling Short Course,,22/11/2018,22/11/2018,22/11/2023,Kelly Agri & Safety Consultants,,,,,
Achievements,110151,41338,Poultry Welfare Short Course,,30/05/2018,30/05/2018,30/05/2023,St Davids Poultry Team,,,,,
Achievements,110152,41336,Hygiene & Biosecurity Short Course,,28/01/2019,28/01/2019,28/01/2024,St Davids Poultry Team,,,,,
Achievements,110152,41337,Manual Handling Short Course,,22/11/2018,22/11/2018,22/11/2023,Kelly Agri & Safety Consultants,,,,,
Achievements,110152,41338,Poultry Welfare Short Course,,31/05/2018,31/05/2018,31/05/2023,St Davids Poultry Team,,,,,
Achievements,110152,41341,First Aid Qualification,,21/02/2017,21/02/2017,21/02/2022,O'Dwyer Safety Services,,,,,
Achievements,110153,41336,Hygiene & Biosecurity Short Course,,05/02/2019,05/02/2019,05/02/2024,St Davids Poultry Team,,,,,
Achievements,110153,41337,Manual Handling Short Course,,07/11/2018,07/11/2018,07/11/2023,Kelly Agri & Safety Consultants,,,,,
Achievements,110153,41338,Poultry Welfare Short Course,,30/05/2018,30/05/2018,30/05/2023,St Davids Poultry Team,,,,,
Achievements,110153,41341,First Aid Qualification,,11/09/2018,11/09/2018,11/09/2020,Safety Ireland First Response Training Institute,,,,,
Achievements,110154,41336,Hygiene & Biosecurity Short Course,,28/01/2019,28/01/2019,28/01/2024,St Davids Poultry Team,,,,,
Achievements,110154,41337,Manual Handling Short Course,,08/11/2018,08/11/2018,08/11/2023,Kelly Agri & Safety Consultants,,,,,
Achievements,110154,41338,Poultry Welfare Short Course,,31/05/2018,31/05/2018,31/05/2023,St Davids Poultry Team,,,,,
Achievements,110154,41341,First Aid Qualification,,12/09/2018,12/09/2018,12/09/2020,Safety Ireland First Response Training Institute,,,,,
Achievements,110155,41336,Hygiene & Biosecurity Short Course,,05/02/2019,05/02/2019,05/02/2024,St Davids Poultry Team,,,,,
Achievements,110155,41337,Manual Handling Short Course,,27/11/2018,27/11/2018,27/11/2023,Kelly Agri & Safety Consultants,,,,,
Achievements,110155,41338,Poultry Welfare Short Course,,31/05/2018,31/05/2018,31/05/2023,St Davids Poultry Team,,,,,
Achievements,110155,41341,First Aid Qualification,,23/10/2018,23/10/2018,23/10/2023,Safety Ireland First Response,,,,,
Achievements,110156,41336,Hygiene & Biosecurity Short Course,,28/01/2019,28/01/2019,28/01/2024,St Davids Poultry Team,,,,,
Achievements,110156,41337,Manual Handling Short Course,,07/11/2018,07/11/2018,07/11/2023,Kelly Agri & Safety Consultants,,,,,
Achievements,110156,41338,Poultry Welfare Short Course,,30/05/2018,30/05/2018,30/05/2023,St Davids Poultry Team,,,,,
Achievements,110156,41341,First Aid Qualification,,11/09/2018,11/09/2018,11/09/2020,Safety Ireland First Response Training Institute,,,,,
Achievements,110157,41338,Poultry Welfare Short Course,,17/08/2018,17/08/2018,17/08/2023,St Davids Poultry Team,,,,,
Achievements,110158,41337,Manual Handling Short Course,,23/11/2018,23/11/2018,23/11/2023,Kelly Agri & Safety Consultants,,,,,
Achievements,110158,41338,Poultry Welfare Short Course,,17/08/2018,17/08/2018,17/08/2023,St Davids Poultry Team,,,,,
Achievements,110159,41338,Poultry Welfare Short Course,,17/08/2018,17/08/2018,17/08/2023,St Davids Poultry Team,,,,,
Achievements,110160,41338,Poultry Welfare Short Course,,17/08/2018,17/08/2018,17/08/2023,St Davids Poultry Team,,,,,
Achievements,110161,41337,Manual Handling Short Course,,23/11/2018,23/11/2018,23/11/2023,Kelly Agri & Safety Consultants,,,,,
Achievements,110161,41338,Poultry Welfare Short Course,,17/08/2018,17/08/2018,17/08/2023,St Davids Poultry Team,,,,,
Achievements,110162,41338,Poultry Welfare Short Course,,17/08/2018,17/08/2018,17/08/2023,St Davids Poultry Team,,,,,
Achievements,110163,41338,Poultry Welfare Short Course,,17/08/2018,17/08/2018,17/08/2023,St Davids Poultry Team,,,,,
Achievements,110164,41337,Manual Handling Short Course,,23/11/2018,23/11/2018,23/11/2023,Kelly Agri & Safety Consultants,,,,,
Achievements,110164,41338,Poultry Welfare Short Course,,17/08/2018,17/08/2018,17/08/2023,St Davids Poultry Team,,,,,
Achievements,110192,41338,Poultry Welfare Short Course,,28/08/2018,28/08/2018,28/08/2023,St Davids Poultry Team,,,,,
Achievements,110193,41338,Poultry Welfare Short Course,,28/08/2018,28/08/2018,28/08/2023,St Davids Poultry Team,,,,,
Achievements,110194,41338,Poultry Welfare Short Course,,28/08/2018,28/08/2018,28/08/2023,St Davids Poultry Team,,,,,
Achievements,110195,41338,Poultry Welfare Short Course,,28/08/2018,28/08/2018,28/08/2023,St Davids Poultry Team,,,,,
Achievements,110196,41338,Poultry Welfare Short Course,,28/08/2018,28/08/2018,28/08/2023,St Davids Poultry Team,,,,,
Achievements,110241,41336,Hygiene & Biosecurity Short Course,,04/02/2019,04/02/2019,04/02/2024,St Davids Poultry Team,,,,,
Achievements,110241,41338,Poultry Welfare Short Course,,28/08/2018,28/08/2018,28/08/2023,St Davids Poultry Team,,,,,
Achievements,110242,41336,Hygiene & Biosecurity Short Course,,04/02/2019,04/02/2019,04/02/2024,St Davids Poultry Team,,,,,
Achievements,110242,41338,Poultry Welfare Short Course,,22/01/2017,22/01/2017,22/01/2022,St David's Poultry Team,,,,,
Achievements,110243,41336,Hygiene & Biosecurity Short Course,,04/02/2019,04/02/2019,04/02/2024,St Davids Poultry Team,,,,,
Achievements,110243,41338,Poultry Welfare Short Course,,28/08/2018,28/08/2018,28/08/2023,St Davids Poultry Team,,,,,
Achievements,110243,41341,First Aid Qualification,,18/09/2018,18/09/2018,18/09/2020,Safety Ireland First Response Training Institute,,,,,
Achievements,110244,41338,Poultry Welfare Short Course,,28/08/2018,28/08/2018,28/08/2023,St Davids Poultry Team,,,,,
Achievements,110250,41337,Manual Handling Short Course,,16/10/2018,16/10/2018,16/10/2023,Kelly Agri & Safety Consultants,,,,,
Achievements,110250,41338,Poultry Welfare Short Course,,28/08/2018,28/08/2018,28/08/2023,St Davids Poultry Team,,,,,
Achievements,110250,41341,First Aid Qualification,,02/10/2018,02/10/2018,02/10/2020,Safety Ireland First Response Training Institute,,,,,
Achievements,110251,41337,Manual Handling Short Course,,23/10/2018,23/10/2018,23/10/2023,Kelly Agri & Safety Consultants,,,,,
Achievements,110251,41338,Poultry Welfare Short Course,,28/08/2018,28/08/2018,28/08/2023,St Davids Poultry Team,,,,,
Achievements,110251,41341,First Aid Qualification,,27/09/2018,27/09/2018,27/09/2020,Safety Ireland First Response Training Institute,,,,,
Achievements,110252,41337,Manual Handling Short Course,,16/10/2018,16/10/2018,16/10/2023,Kelly Agri & Safety Consultants,,,,,
Achievements,110252,41338,Poultry Welfare Short Course,,28/08/2018,28/08/2018,28/08/2023,St Davids Poultry Team,,,,,
Achievements,110252,41341,First Aid Qualification,,10/10/2018,10/10/2018,10/10/2020,Safety Ireland First Response Training Institute,,,,,
Achievements,110253,41337,Manual Handling Short Course,,23/10/2018,23/10/2018,23/10/2023,Kelly Agri & Safety Consultants,,,,,
Achievements,110253,41338,Poultry Welfare Short Course,,29/08/2018,29/08/2018,29/08/2023,St Davids Poultry Team,,,,,
Achievements,110253,41341,First Aid Qualification,,27/09/2018,27/09/2018,27/09/2020,Safety Ireland First Response Training Institute,,,,,
Achievements,110254,41337,Manual Handling Short Course,,09/10/2018,09/10/2018,09/10/2023,Kelly Agri & Safety Consultants,,,,,
Achievements,110254,41338,Poultry Welfare Short Course,,28/08/2018,28/08/2018,28/08/2023,St Davids Poultry Team,,,,,
Achievements,110254,41341,First Aid Qualification,,19/09/2018,19/09/2018,19/09/2020,Safety Ireland First Response Training Institute,,,,,
Achievements,110255,41337,Manual Handling Short Course,,03/11/2018,03/11/2018,03/11/2023,Kelly Agri & Safety Consultants,,,,,
Achievements,110255,41338,Poultry Welfare Short Course,,28/08/2018,28/08/2018,28/08/2023,St Davids Poultry Team,,,,,
Achievements,110255,41341,First Aid Qualification,,27/09/2018,27/09/2018,27/09/2020,Safety Ireland First Response Training Institute,,,,,
Achievements,110256,41337,Manual Handling Short Course,,23/10/2018,23/10/2018,23/10/2023,Kelly Agri & Safety Consultants,,,,,
Achievements,110256,41338,Poultry Welfare Short Course,,28/08/2018,28/08/2018,28/08/2023,St Davids Poultry Team,,,,,
Achievements,110256,41341,First Aid Qualification,,27/09/2018,27/09/2018,27/09/2020,Safety Ireland First Response Training Institute,,,,,
Achievements,110257,41337,Manual Handling Short Course,,03/11/2018,03/11/2018,03/11/2023,Kelly Agri & Safety Consultants,,,,,
Achievements,110257,41338,Poultry Welfare Short Course,,28/08/2018,28/08/2018,28/08/2023,St Davids Poultry Team,,,,,
Achievements,110257,41341,First Aid Qualification,,19/09/2018,19/09/2018,19/09/2020,Safety Ireland First Response Training Institute,,,,,
Achievements,110258,41337,Manual Handling Short Course,,09/10/2018,09/10/2018,09/10/2023,Kelly Agri & Safety Consultants,,,,,
Achievements,110258,41338,Poultry Welfare Short Course,,28/08/2018,28/08/2018,28/08/2023,St Davids Poultry Team,,,,,
Achievements,110258,41341,First Aid Qualification,,02/10/2018,02/10/2018,02/10/2020,Safety Ireland First Response Training Institute,,,,,
Achievements,110259,41337,Manual Handling Short Course,,23/10/2018,23/10/2018,23/10/2023,Kelly Agri & Safety Consultants,,,,,
Achievements,110259,41338,Poultry Welfare Short Course,,28/08/2018,28/08/2018,28/08/2023,St Davids Poultry Team,,,,,
Achievements,110259,41341,First Aid Qualification,,17/10/2018,17/10/2018,17/10/2020,Safety Ireland First Response Training Institute,,,,,
Achievements,110260,41337,Manual Handling Short Course,,09/10/2018,09/10/2018,09/10/2023,Kelly Agri & Safety Consultants,,,,,
Achievements,110260,41338,Poultry Welfare Short Course,,28/08/2018,28/08/2018,28/08/2023,St Davids Poultry Team,,,,,
Achievements,110260,41341,First Aid Qualification,,10/10/2018,10/10/2018,10/10/2020,Safety Ireland First Response Training Institute,,,,,
Achievements,110261,41337,Manual Handling Short Course,,09/10/2018,09/10/2018,09/10/2023,Kelly Agri & Safety Consultants,,,,,
Achievements,110261,41338,Poultry Welfare Short Course,,28/08/2018,28/08/2018,28/08/2023,St Davids Poultry Team,,,,,
Achievements,110261,41341,First Aid Qualification,,17/10/2018,17/10/2018,17/10/2020,Safety Ireland First Response Training Institute,,,,,
Achievements,110263,41337,Manual Handling Short Course,,03/11/2018,03/11/2018,03/11/2023,Kelly Agri & Safety Consultants,,,,,
Achievements,110263,41338,Poultry Welfare Short Course,,29/08/2018,29/08/2018,29/08/2023,St Davids Poultry Team,,,,,
Achievements,110263,41341,First Aid Qualification,,02/10/2018,02/10/2018,02/10/2020,Safety Ireland First Response Training Institute,,,,,
Achievements,110264,41337,Manual Handling Short Course,,23/10/2018,23/10/2018,23/10/2023,Kelly Agri & Safety Consultants,,,,,
Achievements,110264,41338,Poultry Welfare Short Course,,28/08/2018,28/08/2018,28/08/2023,St Davids Poultry Team,,,,,
Achievements,110264,41341,First Aid Qualification,,27/09/2018,27/09/2018,27/09/2020,Safety Ireland First Response Training Institute,,,,,
Achievements,110266,41337,Manual Handling Short Course,,16/10/2018,16/10/2018,16/10/2023,Kelly Agri & Safety Consultants,,,,,
Achievements,110266,41338,Poultry Welfare Short Course,,28/08/2018,28/08/2018,28/08/2023,St Davids Poultry Team,,,,,
Achievements,110266,41341,First Aid Qualification,,02/10/2018,02/10/2018,02/10/2020,Safety Ireland First Response Training Institute,,,,,
Achievements,110267,41337,Manual Handling Short Course,,09/10/2018,09/10/2018,09/10/2023,Kelly Agri & Safety Consultants,,,,,
Achievements,110267,41338,Poultry Welfare Short Course,,28/08/2018,28/08/2018,28/08/2023,St Davids Poultry Team,,,,,
Achievements,110267,41341,First Aid Qualification,,02/10/2018,02/10/2018,02/10/2020,Safety Ireland First Response Training Institute,,,,,
Achievements,110269,41337,Manual Handling Short Course,,09/10/2018,09/10/2018,09/10/2023,Kelly Agri & Safety Consultants,,,,,
Achievements,110269,41338,Poultry Welfare Short Course,,28/08/2018,28/08/2018,28/08/2023,St Davids Poultry Team,,,,,
Achievements,110269,41341,First Aid Qualification,,02/10/2018,02/10/2018,02/10/2020,Safety Ireland First Response Training Institute,,,,,
Achievements,110273,41337,Manual Handling Short Course,,17/10/2018,17/10/2018,17/10/2023,Kelly Agri & Safety Consultants,,,,,
Achievements,110273,41338,Poultry Welfare Short Course,,27/08/2018,28/08/2018,28/08/2023,St Davids Poultry Team,,,,,
Achievements,110273,41341,First Aid Qualification,,19/09/2018,19/09/2018,19/09/2020,Safety Ireland First Response Training Institute,,,,,
Achievements,110275,41337,Manual Handling Short Course,,09/10/2018,09/10/2018,09/10/2023,Kelly Agri & Safety Consultants,,,,,
Achievements,110275,41338,Poultry Welfare Short Course,,28/08/2018,28/08/2018,28/08/2023,St Davids Poultry Team,,,,,
Achievements,110276,41337,Manual Handling Short Course,,09/10/2018,09/10/2018,09/10/2023,Kelly Agri & Safety Consultants,,,,,
Achievements,110276,41338,Poultry Welfare Short Course,,29/08/2018,29/08/2018,29/08/2023,St Davids Poultry Team,,,,,
Achievements,110276,41341,First Aid Qualification,,27/09/2018,27/09/2018,27/09/2020,Safety Ireland First Response Training Institute,,,,,
Achievements,110278,41337,Manual Handling Short Course,,17/10/2018,17/10/2018,17/10/2023,Kelly Agri & Safety Consultants,,,,,
Achievements,110278,41338,Poultry Welfare Short Course,,28/08/2018,28/08/2018,28/08/2023,St Davids Poultry Team,,,,,
Achievements,110278,41341,First Aid Qualification,,10/10/2018,10/10/2018,10/10/2020,Safety Ireland First Response Training Institute,,,,,
Achievements,110279,41336,Hygiene & Biosecurity Short Course,,25/04/2013,25/04/2013,25/04/2018,Poultec Training,,,,,
Achievements,110279,41337,Manual Handling Short Course,,16/10/2018,16/10/2018,16/10/2023,Kelly Agri & Safety Consultants,,,,,
Achievements,110279,41338,Poultry Welfare Short Course,,28/08/2018,28/08/2018,28/08/2023,St Davids Poultry Team,,,,,
Achievements,110279,41341,First Aid Qualification,,10/10/2018,10/10/2018,10/10/2020,Safety Ireland First Response Training Institute,,,,,
Achievements,110280,41337,Manual Handling Short Course,,09/10/2018,09/10/2018,09/10/2023,Kelly Agri & Safety Consultants,,,,,
Achievements,110280,41338,Poultry Welfare Short Course,,28/08/2018,28/08/2018,28/08/2023,St Davids Poultry Team,,,,,
Achievements,110280,41341,First Aid Qualification,,17/10/2018,17/10/2018,17/10/2020,Safety Ireland First Response Training Institute,,,,,
Achievements,110282,41337,Manual Handling Short Course,,16/10/2018,16/10/2018,16/10/2023,Kelly Agri & Safety Consultants,,,,,
Achievements,110282,41338,Poultry Welfare Short Course,,28/08/2018,28/08/2018,28/08/2023,St Davids Poultry Team,,,,,
Achievements,110282,41341,First Aid Qualification,,10/10/2018,10/10/2018,10/10/2020,Safety Ireland First Response Training Institute,,,,,
Achievements,110283,41337,Manual Handling Short Course,,23/10/2018,23/10/2018,23/10/2023,Kelly Agri & Safety Consultants,,,,,
Achievements,110283,41338,Poultry Welfare Short Course,,28/08/2018,28/08/2018,28/08/2023,St Davids Poultry Team,,,,,
Achievements,110283,41341,First Aid Qualification,,27/09/2018,27/09/2018,27/09/2020,Safety Ireland First Response Training Institute,,,,,
Achievements,110284,41337,Manual Handling Short Course,,16/10/2018,16/10/2018,16/09/2023,Kelly Agri & Safety Consultants,,,,,
Achievements,110284,41338,Poultry Welfare Short Course,,28/08/2018,28/08/2018,28/08/2023,St Davids Poultry Team,,,,,
Achievements,110284,41341,First Aid Qualification,,27/09/2018,27/09/2018,27/09/2020,Safety Ireland First Response Training Institute,,,,,
Achievements,110285,41338,Poultry Welfare Short Course,,28/08/2018,28/08/2018,28/08/2023,St Davids Poultry Team,,,,,
Achievements,110285,41341,First Aid Qualification,,10/10/2018,10/10/2018,10/10/2020,Safety Ireland First Response Training Institute,,,,,
Achievements,110286,41337,Manual Handling Short Course,,23/10/2018,23/10/2018,23/10/2023,Kelly Agri & Safety Consultants,,,,,
Achievements,110286,41338,Poultry Welfare Short Course,,28/08/2018,28/08/2018,28/08/2023,St Davids Poultry Team,,,,,
Achievements,110286,41341,First Aid Qualification,,10/10/2018,10/10/2018,10/10/2020,Safety Ireland First Response Training Institute,,,,,
Achievements,110287,41337,Manual Handling Short Course,,17/10/2018,17/10/2018,17/10/2023,Kelly Agri & Safety Consultants,,,,,
Achievements,110287,41338,Poultry Welfare Short Course,,28/08/2018,28/08/2018,28/08/2023,St Davids Poultry Team,,,,,
Achievements,110288,41338,Poultry Welfare Short Course,,28/08/2018,28/08/2018,28/08/2023,St Davids Poultry Team,,,,,
Achievements,110288,41341,First Aid Qualification,,17/10/2018,17/10/2018,17/10/2020,Safety Ireland First Response Training Institute,,,,,
Achievements,110289,41337,Manual Handling Short Course,,23/10/2018,23/10/2018,23/10/2023,Kelly Agri & Safety Consultants,,,,,
Achievements,110289,41338,Poultry Welfare Short Course,,29/08/2018,29/08/2018,29/08/2023,St Davids Poultry Team,,,,,
Achievements,110289,41341,First Aid Qualification,,27/09/2018,27/09/2018,27/09/2020,Safety Ireland First Response Training Institute,,,,,
Achievements,110290,41337,Manual Handling Short Course,,17/10/2018,17/10/2018,17/10/2023,Kelly Agri & Safety Consultants,,,,,
Achievements,110290,41338,Poultry Welfare Short Course,,28/08/2018,28/08/2018,28/08/2023,St Davids Poultry Team,,,,,
Achievements,110290,41341,First Aid Qualification,,19/09/2018,19/09/2018,19/09/2020,Safety Ireland First Response Training Institute,,,,,
Achievements,110291,41337,Manual Handling Short Course,,23/10/2018,23/10/2018,23/10/2023,Kelly Agri & Safety Consultants,,,,,
Achievements,110291,41338,Poultry Welfare Short Course,,28/08/2018,28/08/2018,28/08/2023,St Davids Poultry Team,,,,,
Achievements,110291,41341,First Aid Qualification,,27/09/2018,27/09/2018,27/09/2020,Safety Ireland First Response Training Institute,,,,,
Achievements,110293,41337,Manual Handling Short Course,,16/10/2018,16/10/2018,16/10/2023,Kelly Agri & Safety Consultants,,,,,
Achievements,110293,41338,Poultry Welfare Short Course,,28/08/2018,28/08/2018,28/08/2023,St Davids Poultry Team,,,,,
Achievements,110293,41341,First Aid Qualification,,19/09/2018,19/09/2018,19/09/2020,Safety Ireland First Response Training Institute,,,,,
Achievements,110294,41337,Manual Handling Short Course,,17/10/2018,17/10/2018,17/10/2023,Kelly Agri & Safety Consultants,,,,,
Achievements,110294,41338,Poultry Welfare Short Course,,28/08/2018,28/08/2018,28/08/2023,St Davids Poultry Team,,,,,
Achievements,110296,41337,Manual Handling Short Course,,17/10/2018,17/10/2018,17/10/2023,Kelly Agri & Safety Consultants,,,,,
Achievements,110296,41338,Poultry Welfare Short Course,,28/08/2018,28/08/2018,28/08/2023,St Davids Poultry Team,,,,,
Achievements,110297,41337,Manual Handling Short Course,,17/10/2018,17/10/2018,17/10/2023,Kelly Agri & Safety Consultants,,,,,
Achievements,110297,41338,Poultry Welfare Short Course,,28/08/2018,28/08/2018,28/08/2023,St Davids Poultry Team,,,,,
Achievements,110297,41341,First Aid Qualification,,02/10/2018,02/10/2018,02/10/2020,Safety Ireland First Response Training Institute,,,,,
Achievements,110298,41337,Manual Handling Short Course,,16/10/2018,16/10/2018,16/10/2023,Kelly Agri & Safety Consultants,,,,,
Achievements,110298,41338,Poultry Welfare Short Course,,29/08/2018,29/08/2018,29/08/2023,St Davids Poultry Team,,,,,
Achievements,110298,41341,First Aid Qualification,,10/10/2018,10/10/2018,10/10/2020,Safety Ireland First Response Training Institute,,,,,
Achievements,110299,41337,Manual Handling Short Course,,03/11/2018,03/11/2018,03/11/2023,Kelly Agri & Safety Consultants,,,,,
Achievements,110299,41338,Poultry Welfare Short Course,,29/08/2018,29/08/2018,29/08/2023,St Davids Poultry Team,,,,,
Achievements,110299,41341,First Aid Qualification,,17/10/2018,17/10/2018,17/10/2020,Safety Ireland First Response Training Institute,,,,,
Achievements,110300,41337,Manual Handling Short Course,,17/10/2018,17/10/2018,17/10/2023,Kelly Agri & Safety Consultants,,,,,
Achievements,110300,41338,Poultry Welfare Short Course,,29/08/2018,29/08/2018,29/08/2023,St Davids Poultry Team,,,,,
Achievements,110300,41341,First Aid Qualification,,02/10/2018,02/10/2018,02/10/2020,Safety Ireland First Response Training Institute,,,,,
Achievements,110301,41337,Manual Handling Short Course,,09/10/2018,09/10/2018,09/10/2023,Kelly Agri & Safety Consultants,,,,,
Achievements,110301,41338,Poultry Welfare Short Course,,28/08/2018,28/08/2018,28/07/2023,St Davids Poultry Team,,,,,
Achievements,110301,41341,First Aid Qualification,,10/10/2018,10/10/2018,10/10/2020,Safety Ireland First Response Training Institute,,,,,
Achievements,110303,41337,Manual Handling Short Course,,17/10/2018,17/10/2018,17/10/2023,Kelly Agri & Safety Consultants,,,,,
Achievements,110303,41338,Poultry Welfare Short Course,,28/08/2018,28/08/2018,28/08/2023,St Davids Poultry Team,,,,,
Achievements,110303,41341,First Aid Qualification,,19/09/2018,19/09/2018,19/09/2020,Safety Ireland First Response Training Institute,,,,,
Achievements,110304,41337,Manual Handling Short Course,,17/10/2018,17/10/2018,17/10/2023,Kelly Agri & Safety Consultants,,,,,
Achievements,110304,41338,Poultry Welfare Short Course,,28/08/2018,28/08/2018,28/08/2023,St Davids Poultry Team,,,,,
Achievements,110305,41337,Manual Handling Short Course,,16/10/2018,16/10/2018,16/10/2023,Kelly Agri & Safety Consultants,,,,,
Achievements,110305,41338,Poultry Welfare Short Course,,28/08/2018,28/08/2018,28/08/2023,St Davids Poultry Team,,,,,
Achievements,110305,41341,First Aid Qualification,,19/09/2018,19/09/2018,19/09/2020,Safety Ireland First Response Training Institute,,,,,
Achievements,110307,41337,Manual Handling Short Course,,03/11/2018,03/11/2018,03/11/2023,Kelly Agri & Safety Consultants,,,,,
Achievements,110307,41338,Poultry Welfare Short Course,,28/08/2018,28/08/2018,28/08/2023,St Davids Poultry Team,,,,,
Achievements,110307,41341,First Aid Qualification,,17/10/2018,17/10/2018,17/10/2020,Safety Ireland First Response Training Institute,,,,,
Achievements,110308,41338,Poultry Welfare Short Course,,28/08/2018,28/08/2018,28/08/2023,St Davids Poultry Team,,,,,
Achievements,110308,41341,First Aid Qualification,,02/10/2018,02/10/2018,02/10/2020,Safety Ireland First Response Training Institute,,,,,
Achievements,110309,41337,Manual Handling Short Course,,02/11/2018,02/11/2018,02/11/2023,Kelly Agri & Safety Consultants,,,,,
Achievements,110309,41338,Poultry Welfare Short Course,,28/08/2018,28/08/2018,28/08/2023,St Davids Poultry Team,,,,,
Achievements,110309,,Emergency First Aid,,17/10/2018,17/10/2018,17/10/2020,Safety Ireland First Response Training Institute,,,,,
Achievements,110310,41337,Manual Handling Short Course,,02/11/2018,02/11/2018,02/11/2023,Kelly Agri & Safety Consultants,,,,,
Achievements,110310,41338,Poultry Welfare Short Course,,28/08/2018,28/08/2018,28/08/2023,St Davids Poultry Team,,,,,
Achievements,110312,41338,Poultry Welfare Short Course,,28/08/2018,28/08/2018,28/08/2023,St Davids Poultry Team,,,,,
Achievements,110314,41337,Manual Handling Short Course,,23/10/2018,23/10/2018,23/10/2023,Kelly Agri & Safety Consultants,,,,,
Achievements,110314,41338,Poultry Welfare Short Course,,28/08/2018,28/08/2018,28/08/2023,St Davids Poultry Team,,,,,
Achievements,110314,41341,First Aid Qualification,,27/09/2018,27/09/2018,27/09/2020,Safety Ireland First Response Training Institute,,,,,
Achievements,110377,41336,Hygiene & Biosecurity Short Course,,04/02/2019,04/02/2019,04/02/2024,St Davids Poultry Team,,,,,
Achievements,110377,41338,Poultry Welfare Short Course,,27/08/2018,28/08/2018,28/08/2023,St Davids Poultry Team,,,,,
Achievements,110377,41341,First Aid Qualification,,18/09/2018,18/09/2018,18/09/2020,Safety Ireland First Response Training Institute,,,,,
Achievements,110378,41336,Hygiene & Biosecurity Short Course,,04/02/2019,04/02/2019,04/02/2024,St Davids Poultry Team,,,,,
Achievements,110378,41338,Poultry Welfare Short Course,,28/08/2018,28/08/2018,28/08/2023,St Davids Poultry Team,,,,,
Achievements,111335,41336,Hygiene & Biosecurity Short Course,,28/01/2019,28/01/2019,28/01/2024,St Davids Poultry Team,,,,,
Achievements,111335,41337,Manual Handling Short Course,,08/11/2018,08/11/2018,08/11/2023,Kelly Agri & Safety Consultants,,,,,
Achievements,111338,41336,Hygiene & Biosecurity Short Course,,28/01/2019,28/01/2019,28/01/2024,St Davids Poultry Team,,,,,
Achievements,111338,41337,Manual Handling Short Course,,08/11/2018,08/11/2018,08/11/2023,Kelly Agri & Safety Consultants,,,,,
Achievements,111450,41337,Manual Handling Short Course,,02/11/2018,02/11/2018,02/11/2023,Kelly Agri & Safety Consultants,,,,,
Achievements,111450,41338,Poultry Welfare Short Course,,22/01/2017,22/01/2017,22/01/2022,St David's Poultry Team,,,,,
Achievements,111453,41337,Manual Handling Short Course,,02/11/2018,02/11/2018,02/11/2023,Kelly Agri & Safety Consultants,,,,,
Achievements,111454,41337,Manual Handling Short Course,,02/11/2018,02/11/2018,02/11/2023,Kelly Agri & Safety Consultants,,,,,
Achievements,111455,41337,Manual Handling Short Course,,02/11/2018,02/11/2018,02/11/2023,Kelly Agri & Safety Consultants,,,,,
Achievements,111456,41337,Manual Handling Short Course,,16/10/2018,16/10/2018,16/10/2023,Kelly Agri & Safety Consultants,,,,,
Achievements,111456,41338,Poultry Welfare Short Course,,22/01/2017,22/01/2017,22/01/2022,St David's Poultry Team,,,,,
Achievements,111456,41341,First Aid Qualification,,10/10/2018,10/10/2018,10/10/2020,Safety Ireland First Response Training Institute,,,,,
Achievements,111457,41338,Poultry Welfare Short Course,,22/01/2017,22/01/2017,22/01/2022,St David's Poultry Team,,,,,
Achievements,111458,41337,Manual Handling Short Course,,03/11/2018,03/11/2018,03/11/2023,Kelly Agri & Safety Consultants,,,,,
Achievements,111458,41338,Poultry Welfare Short Course,,22/01/2017,22/01/2017,22/01/2022,St David's Poultry Team,,,,,
Achievements,111458,41341,First Aid Qualification,,02/10/2018,02/10/2018,02/09/2020,Safety Ireland First Response Training Institute,,,,,
Achievements,111459,41337,Manual Handling Short Course,,09/10/2018,09/10/2018,09/10/2023,Kelly Agri & Safety Consultants,,,,,
Achievements,111459,41338,Poultry Welfare Short Course,,22/01/2017,22/01/2017,22/01/2022,St David's Poultry Team,,,,,
Achievements,111459,41341,First Aid Qualification,,02/10/2018,02/10/2018,02/10/2020,Safety Ireland First Response Training Institute,,,,,
Achievements,111460,41337,Manual Handling Short Course,,16/10/2018,16/10/2018,16/10/2023,Kelly Agri & Safety Consultants,,,,,
Achievements,111460,41338,Poultry Welfare Short Course,,22/01/2017,22/01/2017,22/01/2022,St David's Poultry Team,,,,,
Achievements,111461,41338,Poultry Welfare Short Course,,22/01/2017,22/01/2017,22/01/2022,St David's Poultry Team,,,,,
Achievements,111462,41338,Poultry Welfare Short Course,,22/01/2017,22/01/2017,22/01/2022,St David's Poultry Team,,,,,
Achievements,111463,41338,Poultry Welfare Short Course,,22/01/2017,22/01/2017,22/01/2022,St David's Poultry Team,,,,,
Achievements,111464,41336,Hygiene & Biosecurity Short Course,,05/02/2019,05/02/2019,05/02/2024,St Davids Poultry Team,,,,,
Achievements,111464,41338,Poultry Welfare Short Course,,30/05/2018,30/05/2018,30/05/2023,St David's Poultry Team,,,,,
Achievements,111474,41337,Manual Handling Short Course,,23/11/2018,23/11/2018,23/11/2023,Kelly Agri & Safety Consultants,,,,,
Achievements,111475,41337,Manual Handling Short Course,,23/11/2018,23/11/2018,23/11/2023,Kelly Agri & Safety Consultants,,,,,
Achievements,111476,41337,Manual Handling Short Course,,23/11/2018,23/11/2018,23/11/2023,Kelly Agri & Safety Consultants,,,,,
Achievements,111477,41337,Manual Handling Short Course,,23/11/2018,23/11/2018,23/11/2023,Kelly Agri & Safety Consultants,,,,,
Achievements,111478,41337,Manual Handling Short Course,,23/11/2018,23/11/2018,23/11/2023,Kelly Agri & Safety Consultants,,,,,
Achievements,111479,41337,Manual Handling Short Course,,23/11/2018,23/11/2018,23/11/2023,Kelly Agri & Safety Consultants,,,,,
Achievements,111480,41337,Manual Handling Short Course,,23/11/2018,23/11/2018,23/11/2023,Kelly Agri & Safety Consultants,,,,,
Achievements,111481,41337,Manual Handling Short Course,,23/11/2018,23/11/2018,23/11/2023,Kelly Agri & Safety Consultants,,,,,
Achievements,111655,41336,Hygiene & Biosecurity Short Course,,05/02/2019,05/02/2019,05/02/2024,St Davids Poultry Team,,,,,
Achievements,111655,41337,Manual Handling Short Course,,22/11/2018,22/11/2018,22/11/2023,Kelly Agri & Safety Consultants,,,,,
Achievements,111655,41341,First Aid Qualification,,24/10/2018,24/10/2018,24/10/2023,Safety Ireland First Response,,,,,
Achievements,96336,41336,Hygiene & Biosecurity Short Course,,28/08/2015,28/08/2015,28/08/2020,Thai Poultry Veterinary Association,,,,,
Achievements,96336,41337,Manual Handling Short Course,,28/08/2015,28/08/2015,28/08/2020,Thai Poultry Veterinary Association,,,,,
Achievements,96336,41338,Poultry Welfare Short Course,,27/08/2015,27/08/2015,27/08/2020,Thai Poultry Veterinary Association,,,,,
Achievements,93155,41336,Hygiene & Biosecurity Short Course,,12/11/2015,12/11/2015,12/11/2020,WFT Academy,,,,,
Achievements,93155,41338,Poultry Welfare Short Course,,12/11/2015,12/11/2015,12/11/2020,WFT Academy,,,,,
Achievements,93156,41336,Hygiene & Biosecurity Short Course,,12/11/2015,12/11/2015,12/11/2020,WFT Academy,,,,,
Achievements,93156,41338,Poultry Welfare Short Course,,12/11/2015,12/11/2015,12/11/2020,WFT Academy,,,,,
Achievements,93157,41336,Hygiene & Biosecurity Short Course,,12/11/2015,12/11/2015,12/11/2020,WFT Academy,,,,,
Achievements,93157,41338,Poultry Welfare Short Course,,12/11/2015,12/11/2015,12/11/2020,WFT Academy,,,,,
Achievements,93158,41336,Hygiene & Biosecurity Short Course,,12/11/2015,12/11/2015,12/11/2020,WFT Academy,,,,,
Achievements,93158,41338,Poultry Welfare Short Course,,12/11/2015,12/11/2015,12/11/2020,WFT Academy,,,,,
Achievements,106497,41335,Health & Safety Short Course,,24/11/2017,24/11/2017,24/11/2022,Thai Poultry Veterinary Association,,,,,
Achievements,106497,41336,Hygiene & Biosecurity Short Course,,23/11/2017,23/11/2017,23/11/2022,Thai Poultry Veterinary Association,,,,,
Achievements,106497,41337,Manual Handling Short Course,,24/11/2017,24/11/2017,24/11/2022,Thai Poultry Veterinary Association,,,,,
Achievements,106497,41338,Poultry Welfare Short Course,,23/11/2017,23/11/2017,23/11/2022,Thai Poultry Veterinary Association,,,,,
Achievements,94697,41335,Health & Safety Short Course,,25/10/2016,25/10/2016,25/10/2021,Thai Poultry Veterinary Association,,,,,
Achievements,94697,41336,Hygiene & Biosecurity Short Course,,08/07/2015,08/07/2015,08/07/2020,Thai Poultry Veterinary Association,,,,,
Achievements,94697,41337,Manual Handling Short Course,,08/07/2015,08/07/2015,08/07/2020,Thai Poultry Veterinary Association,,,,,
Achievements,94697,41338,Poultry Welfare Short Course,,07/07/2015,07/07/2015,07/07/2020,Thai Poultry Veterinary Association,,,,,
Achievements,94697,41341,First Aid Qualification,,07/12/2017,07/12/2017,07/12/2022,Thai Red Cross,,,,,
Achievements,94697,41342,Level 3 Diploma in Work-based Agriculture or Equivalent,,21/04/2010,21/04/2010,,Maejo University,,,,,
Achievements,94694,41336,Hygiene & Biosecurity Short Course,,29/04/2015,29/04/2015,29/04/2020,Thai Poultry Veterinary Association,,,,,
Achievements,94694,41337,Manual Handling Short Course,,29/04/2015,29/04/2015,29/04/2020,Thai Poultry Veterinary Association,,,,,
Achievements,94694,41338,Poultry Welfare Short Course,,28/04/2015,28/04/2015,28/04/2020,Thai Poultry Veterinary Association,,,,,
Achievements,94694,41341,First Aid Qualification,,07/12/2017,07/12/2017,07/12/2022,Thai Red Cross,,,,,
Achievements,94694,41342,Level 3 Diploma in Work-based Agriculture or Equivalent,,01/06/2000,07/03/2004,,Rajamangala Institute of Technology,,,,,
Achievements,94695,41336,Hygiene & Biosecurity Short Course,,25/03/2015,25/03/2015,25/03/2020,Thai Poultry Veterinary Association,,,,,
Achievements,94695,41337,Manual Handling Short Course,,25/03/2015,25/03/2015,25/03/2020,Thai Poultry Veterinary Association,,,,,
Achievements,94695,41338,Poultry Welfare Short Course,,24/03/2015,24/03/2015,24/03/2020,Thai Poultry Veterinary Association,,,,,
Achievements,94695,41341,First Aid Qualification,,07/12/2017,07/12/2017,07/12/2022,Thai Red Cross,,,,,
Achievements,94695,41342,Level 3 Diploma in Work-based Agriculture or Equivalent,,14/03/1998,14/03/1998,,0,,,,,
Achievements,94681,41335,Health & Safety Short Course,,25/10/2016,25/10/2016,25/10/2021,Thai Poultry Veterinary Association,,,,,
Achievements,94681,41336,Hygiene & Biosecurity Short Course,,08/07/2015,08/07/2015,08/07/2020,Thai Poultry Veterinary Association,,,,,
Achievements,94681,41337,Manual Handling Short Course,,08/07/2015,08/07/2015,08/07/2020,Thai Poultry Veterinary Association,,,,,
Achievements,94681,41338,Poultry Welfare Short Course,,07/07/2015,07/07/2015,07/07/2020,Thai Poultry Veterinary Association,,,,,
Achievements,94681,41341,First Aid Qualification,,07/12/2017,07/12/2017,07/12/2022,Thai Red Cross,,,,,
Achievements,94681,41342,Level 3 Diploma in Work-based Agriculture or Equivalent,,11/03/2009,11/03/2009,,0,,,,,
Achievements,94693,41335,Health & Safety Short Course,,25/10/2016,25/10/2016,25/10/2021,Thai Poultry Veterinary Association,,,,,
Achievements,94693,41336,Hygiene & Biosecurity Short Course,,13/11/2015,13/11/2015,13/11/2020,Thai Poultry Veterinary Association,,,,,
Achievements,94693,41337,Manual Handling Short Course,,13/11/2015,13/11/2015,13/11/2020,Thai Poultry Veterinary Association,,,,,
Achievements,94693,41338,Poultry Welfare Short Course,,12/11/2015,12/11/2015,12/11/2020,Thai Poultry Veterinary Association,,,,,
Achievements,94693,41341,First Aid Qualification,,07/12/2017,07/12/2017,07/11/2022,Thai Red Cross,,,,,
Achievements,94693,41342,Level 3 Diploma in Work-based Agriculture or Equivalent,,21/04/2009,21/04/2009,,Marjo University,,,,,
Achievements,106425,41335,Health & Safety Short Course,,27/07/2017,27/07/2017,27/07/2022,Thai Poultry Veterinary Association,,,,,
Achievements,106425,41336,Hygiene & Biosecurity Short Course,,26/07/2017,26/07/2017,26/07/2022,Thai Poultry Veterinary Association,,,,,
Achievements,106425,41337,Manual Handling Short Course,,26/07/2017,26/07/2017,26/07/2022,Thai Poultry Veterinary Association,,,,,
Achievements,106425,41338,Poultry Welfare Short Course,,27/07/2017,27/07/2017,27/07/2023,Thai Poultry Veterinary Association,,,,,
Achievements,106425,41341,First Aid Qualification,,07/12/2017,07/12/2017,07/12/2022,Thai Red Cross,,,,,
Achievements,106425,41342,Level 3 Diploma in Work-based Agriculture or Equivalent,,01/06/2013,25/05/2015,,Rajamangala University of Technology,,,,,
Achievements,95294,41335,Health & Safety Short Course,,29/09/2016,29/09/2016,29/09/2021,Thai Poultry Veterinary Association,,,,,
Achievements,95294,41336,Hygiene & Biosecurity Short Course,,08/04/2015,08/04/2015,08/04/2020,Thai Poultry Veterinary Association,,,,,
Achievements,95294,41337,Manual Handling Short Course,,07/04/2015,07/04/2015,07/04/2020,Thai Poultry Veterinary Association,,,,,
Achievements,95294,41338,Poultry Welfare Short Course,,07/04/2015,07/04/2015,07/04/2020,Thai Poultry Veterinary Association,,,,,
Achievements,95636,41335,Health & Safety Short Course,,29/09/2016,29/09/2016,29/09/2021,Thai Poultry Veterinary Association,,,,,
Achievements,95636,41336,Hygiene & Biosecurity Short Course,,29/04/2015,29/04/2015,29/04/2020,Thai Poultry Veterinary Association,,,,,
Achievements,95636,41337,Manual Handling Short Course,,29/04/2015,29/04/2015,29/04/2020,Thai Poultry Veterinary Association,,,,,
Achievements,95636,41338,Poultry Welfare Short Course,,28/04/2015,28/04/2015,28/04/2020,Thai Poultry Veterinary Association,,,,,
Achievements,95637,41335,Health & Safety Short Course,,25/10/2016,25/10/2016,25/10/2021,Thai Poultry Veterinary Association,,,,,
Achievements,95637,41336,Hygiene & Biosecurity Short Course,,13/11/2015,13/11/2015,13/11/2020,Thai Poultry Veterinary Association,,,,,
Achievements,95637,41337,Manual Handling Short Course,,13/11/2015,13/11/2015,13/11/2020,Thai Poultry Veterinary Association,,,,,
Achievements,95637,41338,Poultry Welfare Short Course,,12/11/2015,12/11/2015,12/11/2020,Thai Poultry Veterinary Association,,,,,
Achievements,95612,41335,Health & Safety Short Course,,24/11/2016,24/11/2016,24/11/2021,Thai Poultry Veterinary Association,,,,,
Achievements,95612,41336,Hygiene & Biosecurity Short Course,,08/04/2015,08/04/2015,08/04/2020,Thai Poultry Veterinary Association,,,,,
Achievements,95612,41337,Manual Handling Short Course,,07/04/2015,07/04/2015,07/04/2020,Thai Poultry Veterinary Association,,,,,
Achievements,95612,41338,Poultry Welfare Short Course,,07/04/2015,07/04/2015,07/04/2020,Thai Poultry Veterinary Association,,,,,
Achievements,95613,41335,Health & Safety Short Course,,24/11/2016,24/11/2016,24/11/2021,Thai Poultry Veterinary Association,,,,,
Achievements,95613,41336,Hygiene & Biosecurity Short Course,,31/03/2016,31/03/2016,31/03/2021,Thai Poultry Veterinary Association,,,,,
Achievements,95613,41337,Manual Handling Short Course,,31/03/2016,31/03/2016,31/03/2021,Thai Poultry Veterinary Association,,,,,
Achievements,95613,41338,Poultry Welfare Short Course,,30/03/2016,30/03/2016,30/03/2021,Thai Poultry Veterinary Association,,,,,
Achievements,95615,41335,Health & Safety Short Course,,24/11/2016,24/11/2016,24/11/2021,Thai Poultry Veterinary Association,,,,,
Achievements,95615,41336,Hygiene & Biosecurity Short Course,,28/08/2015,28/08/2015,28/08/2020,Thai Poultry Veterinary Association,,,,,
Achievements,95615,41337,Manual Handling Short Course,,28/08/2015,28/08/2015,28/08/2020,Thai Poultry Veterinary Association,,,,,
Achievements,95615,41338,Poultry Welfare Short Course,,27/08/2015,27/08/2015,27/08/2020,Thai Poultry Veterinary Association,,,,,
Achievements,96352,41335,Health & Safety Short Course,,24/11/2016,24/11/2016,24/11/2021,Thai Poultry Veterinary Association,,,,,
Achievements,96352,41336,Hygiene & Biosecurity Short Course,,29/04/2015,29/04/2015,29/04/2020,Thai Poultry Veterinary Association,,,,,
Achievements,96352,41337,Manual Handling Short Course,,29/04/2015,29/04/2015,29/04/2020,Thai Poultry Veterinary Association,,,,,
Achievements,96352,41338,Poultry Welfare Short Course,,28/04/2015,28/04/2015,28/04/2020,Thai Poultry Veterinary Association,,,,,
Achievements,95539,41335,Health & Safety Short Course,,17/10/2018,17/10/2018,17/10/2023,Thai Poultry Veterinary Association,,,,,
Achievements,95539,41336,Hygiene & Biosecurity Short Course,,17/10/2018,17/10/2018,17/10/2023,Thai Poultry Veterinary Association,,,,,
Achievements,95539,41337,Manual Handling Short Course,,18/10/2018,18/10/2018,18/10/2023,Thai Poultry Veterinary Association,,,,,
Achievements,95539,41338,Poultry Welfare Short Course,,18/10/2018,18/10/2018,18/10/2023,Thai Poultry Veterinary Association,,,,,
Achievements,95638,41335,Health & Safety Short Course,,25/10/2016,25/10/2016,25/10/2021,Thai Poultry Veterinary Association,,,,,
Achievements,95324,,GAP of Hatchery for Agriculturist,,08/06/2006,08/06/2006,08/06/2011,Department of Livestock Development,,,,,
Achievements,95324,,Safety Officer at Executive Level,,16/01/2009,16/01/2009,16/01/2014,Kongjitman Consultant Academic and Training Co Ltd,,,,,
Achievements,95324,,Transition to ISO 9001 Version 2008,,14/09/2009,14/09/2009,14/09/2014,CPF Training Center,,,,,
Achievements,95324,,GMP/HACCP,,28/02/2003,28/02/2003,28/02/2008,CPF Training Center,,,,,
Achievements,95324,,ISO 9001:2008 Internal Auditor Training Course,,15/10/2009,15/10/2009,15/10/2014,Moody International,,,,,
Achievements,95324,41336,Hygiene & Biosecurity Short Course,,29/04/2015,29/04/2015,29/04/2020,Thai Poultry Veterinary Association,,,,,
Achievements,95324,41337,Manual Handling Short Course,,29/04/2015,29/04/2015,29/04/2020,Thai Poultry Veterinary Association,,,,,
Achievements,95324,41338,Poultry Welfare Short Course,,28/04/2015,28/04/2015,28/04/2020,Thai Poultry Veterinary Association,,,,,
Achievements,95324,41341,First Aid Qualification,,09/02/2015,09/02/2015,09/02/2020,Thai Heart Foundation,,,,,
Achievements,95324,41342,Level 3 Diploma in Work-based Agriculture or Equivalent,,01/04/2002,01/04/2002,,Khonkean University,,,,,
Achievements,95324,41335,Health & Safety Short Course,,25/10/2016,25/10/2016,25/10/2021,Thai Poultry Veterinary Association,,,,,
Achievements,95324,41336,Hygiene & Biosecurity Short Course,,29/04/2015,29/04/2015,29/04/2020,Thai Poultry Veterinary Association,,,,,
Achievements,95324,41337,Manual Handling Short Course,,29/04/2015,29/04/2015,29/04/2020,Thai Poultry Veterinary Association,,,,,
Achievements,95324,41338,Poultry Welfare Short Course,,28/04/2015,28/04/2015,28/04/2020,Thai Poultry Veterinary Association,,,,,
Achievements,95324,41341,First Aid Qualification,,09/02/2015,09/02/2015,09/02/2020,Thai Heart Foundation,,,,,
Achievements,95324,41342,Level 3 Diploma in Work-based Agriculture or Equivalent,,01/04/2002,01/04/2002,,Khonkean University,,,,,
Achievements,102499,41338,Poultry Welfare Short Course,,21/05/2015,21/05/2015,21/05/2020,Animal Welfare Training,,,,,
Achievements,102499,,Poultry Welfare Officer Processing,,18/05/2015,18/05/2015,18/05/2020,Animal Welfare Training,,,,,